sequence_id,published_date,title,caption,instagram_url,content_category,dish_name,sweet_savory,food_type,ingredients_text,instructions_text,has_recipe
1,08/05/2023, הכדורי שוקולד חלבון,"מכירים את הכדורי שוקולד שמצופים בקוקוס שאי אפשר
להפסיק לאכול?
אז הכנתי אותם בול רק בגרסה הדלת קלוריות ועם חלבון
שאין מצב שתרגישו בהבדל
המתכוןןן
מצרכים:
100 גרם ביסקיוויטים טחונים
75 אבקת חלבון שוקולדית שאתם אוהבים
25 גרם קקאו
125 גרם חלב 1 אחוז
נערבב הכל ביחד נשים במקרר לחצי שעה ונחלק ל15 כדורים
וזהווו
איזה קל נכון?
ואפשר כמובן לצפות בקוקוס או סוכריות מה שאתם אוהבים
הכל משתלב אש

ערכים לכדור 1 מתוך 15:
60 קלוריות
1.5 שומן
6 פחמימה
5 חלבון
תרשמו לי בתגובות אם אהבתם ואיזה עוד מתכונים תרצו
שאעלה 🥰👇❤️",https://www.instagram.com/reel/Cr_Ia7JO-Q8/,FOOD,מכירים את הכדורי שוקולד שמצופים בקוקוס שאי אפשר,SWEET,כדורי אנרגיה/ממתק,"מצרכים:
100 גרם ביסקיוויטים טחונים
75 אבקת חלבון שוקולדית שאתם אוהבים
25 גרם קקאו
125 גרם חלב 1 אחוז","נערבב הכל ביחד נשים במקרר לחצי שעה ונחלק ל15 כדורים
וזהווו
איזה קל נכון?
ואפשר כמובן לצפות בקוקוס או סוכריות מה שאתם אוהבים
הכל משתלב אש",YES
11,09/05/2023,מאפה נוטלה מ2 מרכיבים ,"מאפה נוטלה מ2 מרכיבים שמרגיש מושחת בטירוף ורק 84 קלוריות 😨ופשוט מושלם ליד הקפה 
מצרכים:
2 דפי פילו 
60 גרם נוטלה
אופן הכנה: 
אני חילקתי כל דף פילו ל3 זילפתי בקצה 10 גרם נוטלה גילגלתי קצת ספריי שמן/ חלמון ביצה כדי שישתזף יפה בתנור 
להכניס לתנור שחומם מראש על 180 מעלות ל10 דקות וזהו 🫶🏼 
תרשמו לי בתגובות איזה עוד מתכונים תרצו שאעלה 🤍",https://www.instagram.com/reel/CsBzzTnL-PT/,FOOD,מאפה נוטלה מ2 מרכיבים שמרגיש מושחת בטירוף ורק 84 קלוריות ופשוט מושלם ליד הקפה,SWEET,מאפה,"מצרכים:
2 דפי פילו 
60 גרם נוטלה","אופן הכנה: 
אני חילקתי כל דף פילו ל3 זילפתי בקצה 10 גרם נוטלה גילגלתי קצת ספריי שמן/ חלמון ביצה כדי שישתזף יפה בתנור 
להכניס לתנור שחומם מראש על 180 מעלות ל10 דקות וזהו 🫶🏼 
תרשמו לי בתגובות איזה עוד מתכונים תרצו שאעלה 🤍",YES
12,10/05/2023,כדורי שום ,"הכנתי לכם מתכון ממכר לכדורי שום שלא תצליחו להפסיק לאכול ושפשוט יהיה לכם מושלם לחג שבועות שמתקרב ❤️ 
מצרכים: 
500 גרם קמח לחם - אפשר גם קמח לבן
10 גרם סוכר
8 גרם שמרים יבשים
 280 גרם מים 
10 גרם שמן זית 
כפית מלח 
3 שיני שום 
לציפוי 
5 שיני שום
15 גרם חמאה מופחתת שומן 
קצת פטרוזיליה 

אופן הכנה:
במיקסר עם וו לישה נשים את כל המצרכים של הבצק חוץ מהמלח נלוש על מהירות בינונית ל8 דקות לאחר מכן נוסיף את המלח ונלוש עוד 2 דקות 
נכסה את הבצק במגבת וניתן לו התפחה של שעה 
אחרי שעה נחלק את הבצק לכדורים ונתפיח שוב ל40 דקות 
נבריש בביצה ונכניס לתנור שחומם מראש על 180 
אחרי 20 דקות 
נערבב את החמאה השום והפטרוזיליה ונמרח על הכדורים וניתן אפייה של עוד 10 דקות 
ספרו לי בתגובות אם אהבתם ואיזה עוד מתכונים תרצו 🫶🏼❤️

מתכון ליחידה 1 מתוך 41: 
49 קלוריות 
0.5 שון 
9.4 פחמימה 
1.3 חלבון",https://www.instagram.com/reel/CsEVOhkrQfc/,FOOD,הכנתי לכם מתכון ממכר לכדורי שום שלא תצליחו להפסיק לאכול ושפשוט יהיה לכם מושלם לחג שבועות שמתקרב,SAVORY,לחם/מאפה,"מצרכים: 
500 גרם קמח לחם - אפשר גם קמח לבן
10 גרם סוכר
8 גרם שמרים יבשים
 280 גרם מים 
10 גרם שמן זית 
כפית מלח 
3 שיני שום 
לציפוי 
5 שיני שום
15 גרם חמאה מופחתת שומן 
קצת פטרוזיליה","אופן הכנה:
במיקסר עם וו לישה נשים את כל המצרכים של הבצק חוץ מהמלח נלוש על מהירות בינונית ל8 דקות לאחר מכן נוסיף את המלח ונלוש עוד 2 דקות 
נכסה את הבצק במגבת וניתן לו התפחה של שעה 
אחרי שעה נחלק את הבצק לכדורים ונתפיח שוב ל40 דקות 
נבריש בביצה ונכניס לתנור שחומם מראש על 180 
אחרי 20 דקות 
נערבב את החמאה השום והפטרוזיליה ונמרח על הכדורים וניתן אפייה של עוד 10 דקות 
ספרו לי בתגובות אם אהבתם ואיזה עוד מתכונים תרצו 🫶🏼❤️

מתכון ליחידה 1 מתוך 41: 
49 קלוריות 
0.5 שון 
9.4 פחמימה 
1.3 חלבון",YES
13,12/05/2023,אורז אדום עם עגבניות צלויות ,"אורז אדום עם עגבניות צלויות שפשוט מושלם ליד כל דבר! 
הטעם של העגבניות הצלויות משדרג את האורז כל כך
אז נכין? 
מצרכים: 
2 בצלים 
3 שיני שום 
2 עגבניות 
כוס אורז 
2 כוסות מים 
מלח 
פלפל
פפריקה 
כפית שמן זית 
אופן הכנה: 
נתחיל בלקצוץ את העגבניות לערבב עם כפית שמן זית ונשים בתנור ל10-15 על מצב גריל 
בנתיים נטגן את הבצל נוסיף את השום והתבלינים נשפוך את האורז והעגבניות ונערבב היטב 
נמזוג אל הסיר 2 כוסות מים ונבשל עם מכסה סגור על אש נמוכה ל20 דקות 
וזהו סיימנו! 
בתאבון 💗💗 
תעקבו אחריי לעוד מתכונים ✅",https://www.instagram.com/reel/CsJJOYbMdkI/,FOOD,אורז אדום עם עגבניות צלויות שפשוט מושלם ליד כל דבר,SAVORY,אורז,"מצרכים: 
2 בצלים 
3 שיני שום 
2 עגבניות 
כוס אורז 
2 כוסות מים 
מלח 
פלפל
פפריקה 
כפית שמן זית","אופן הכנה: 
נתחיל בלקצוץ את העגבניות לערבב עם כפית שמן זית ונשים בתנור ל10-15 על מצב גריל 
בנתיים נטגן את הבצל נוסיף את השום והתבלינים נשפוך את האורז והעגבניות ונערבב היטב 
נמזוג אל הסיר 2 כוסות מים ונבשל עם מכסה סגור על אש נמוכה ל20 דקות 
וזהו סיימנו! 
בתאבון 💗💗 
תעקבו אחריי לעוד מתכונים ✅",YES
14,13/05/2023,חומוס ירוק,"חומוס בצבע ירוק עם טעם מרענן וב2 דקות הכנה!! 😨💚
מצרכים: 
250 גרם גרגירי חומוס מקופסת שימורים
25 גרם טחינה 
1-3 שיני שום 
פטרוזיליה 
נענע 
מיץ מחצי לימון 
כפית מלח 
חצי כפית כמון 
3 כפות מי החומוס מהקופסא
אופן הכנה הכי פשוט בעולם פשוט נטחן את כל המרכיבים במעבד מזון עד לתערובת חלקה נצלחת יפה ובתאבוןןן ❤️ 
ערכים למנה 1 מתוך 3: 
173 קלוריות 
7 שומן 
18 פחמימה 
8 חלבון 
ערכים מטורפים לחומוס",https://www.instagram.com/reel/CsMTYPANMnt/,FOOD,חומוס בצבע ירוק עם טעם מרענן וב2 דקות הכנה,SAVORY,חומוס,"מצרכים: 
250 גרם גרגירי חומוס מקופסת שימורים
25 גרם טחינה 
1-3 שיני שום 
פטרוזיליה 
נענע 
מיץ מחצי לימון 
כפית מלח 
חצי כפית כמון 
3 כפות מי החומוס מהקופסא","אופן הכנה הכי פשוט בעולם פשוט נטחן את כל המרכיבים במעבד מזון עד לתערובת חלקה נצלחת יפה ובתאבוןןן ❤️ 
ערכים למנה 1 מתוך 3: 
173 קלוריות 
7 שומן 
18 פחמימה 
8 חלבון 
ערכים מטורפים לחומוס",YES
15,14/05/2023,עראיס עוף,"עראיס עוף - 5 דק' ויש לכם ארוחה פגזית!

מתכון של רותם עדיני מנבחרת הבשלנים של @israeli_kitchen

💟 רוצים את המתכון? רשמו תגובה ורותם תשלח לכם בהודעה פרטית.
✅ אל תשכחו לשמור את הפוסט כדי שתוכלו לחזור אליו גם בהמשך.

מתכון @rotem_adini",https://www.instagram.com/reel/CsOnTFwK-6t/,FOOD,עראיס עוף - 5 דק' ויש לכם ארוחה פגזית,SAVORY,עוף,,,NO
16,16/05/2023,פשטידת אטריות ב10 דקות הכנה,"פשטידת אטריות ב10 דקות הכנה! 
טעימה ומלאת חלבון 
אז מה צריך?
160 גרם אטריות לפני בישול 
2 ביצים 
כפית שמן
150 גרם קוטג׳ 5 אחוז
100 גרם גבינה צהובה 9 אחוז
100 גרם בולגרית 5 אחוז
מלח ופלפל לפי הטעם
אופן הכנה:
נכין את האטריות לפי הוראות היצרן 
נסנן את האטריות ונערבב אותן יחד עם 2 ביצים כפית שמן ומלח פלפל 
נשטח על מחבת חמה חצי מהכמות נוסיף את הקוטג׳ הגבינה הצהובה והבולגרית ונכסה בשאר האטריות 
לאחר כמה דקות נהפוך בעזרת צלחת את הפשטידה ונטגן גם מהצד השני נוציא מהמחבת ובתיאבון ❤️ 
ערכים לפרוסה 1 מתוך 8: 
153 קלוריות 
5 שומן 
16 פחמימה 
11 חלבון 
תעקבו למתכונים נוספים ✔️",https://www.instagram.com/reel/CsTyuEaM9x6/,FOOD,פשטידת אטריות ב10 דקות הכנה,SAVORY,פשטידה,"אז מה צריך?
160 גרם אטריות לפני בישול 
2 ביצים 
כפית שמן
150 גרם קוטג׳ 5 אחוז
100 גרם גבינה צהובה 9 אחוז
100 גרם בולגרית 5 אחוז
מלח ופלפל לפי הטעם","אופן הכנה:
נכין את האטריות לפי הוראות היצרן 
נסנן את האטריות ונערבב אותן יחד עם 2 ביצים כפית שמן ומלח פלפל 
נשטח על מחבת חמה חצי מהכמות נוסיף את הקוטג׳ הגבינה הצהובה והבולגרית ונכסה בשאר האטריות 
לאחר כמה דקות נהפוך בעזרת צלחת את הפשטידה ונטגן גם מהצד השני נוציא מהמחבת ובתיאבון ❤️ 
ערכים לפרוסה 1 מתוך 8: 
153 קלוריות 
5 שומן 
16 פחמימה 
11 חלבון 
תעקבו למתכונים נוספים ✔️",YES
17,18/05/2023,פסטה בטטה,"פסטה בטטה - לא תפסיקו ללקק את האצבעות!

מתכון של רותם עדיני מנבחרת הבשלנים של @israeli_kitchen

💟 רוצים את המתכון? רשמו תגובה ורותם תשלח לכם בהודעה פרטית.
✅ אל תשכחו לשמור את הפוסט כדי שתוכלו לחזור אליו גם בהמשך.

מתכון @rotem_adini",https://www.instagram.com/reel/CsYPpB0q9nn/,FOOD,פסטה בטטה - לא תפסיקו ללקק את האצבעות,SAVORY,פסטה,,,NO
18,20/05/2023,עוגת גבינה דיאטטית,"יש יותר טעים מעוגת גבינה? 
ואם היא דיאטטית ועוד עם מלא חלבוןןן אז בכלל שיחוק 
אז למתכון…
מצרכים:
750 גרם גבינה 0.5 
יוגורט 3%
4 ביצים 
 3 כפות קורנפלור
3 כפות אינסטנט פודינג 
 20 גרם סוכרלוז נוזלי או תחליף סוכר 

אופן הכנה: 
בקערה נערבב את כל המצרכים **חוץ מהחלבונים** 
בקערה שנייה נקציף את החלבונים עד לקצף יציב 
איך תדעו שהוא יציב? תהפכו את הקערה והקצף לא יזוז 
מאחדים את 2 התערובות בתנועות קיפול (כל פעם להוסיף קצת ולערבב סך הכל 3 פעמים) 
נכניס לתנור שחומם מראש ל180 מעלות ל15 דקות ואחר כך נוריד את המעלות ל150 לעוד שעה שלמה! 
כמה טיפים לעוגה מושלמת ❤️ 
• מומלץ לשים בתחתית התנור תבנית עם מים רותחים 
• לא לפתוח את התנור במהלך האפייה
• לאחר שעה ורבע אפייה להשאיר את העוגה בתנור סגור לעוד שעתיים ואז למקרר ל8 שעות לפחות 
ערכים לחתיכה 1 מתוך 12 👇 
97 קלוריות 
3 שומן 
8 פחמימה 
10 חלבון 
 
 בתאבוןןן ותרשמו לי אם אהבתם 🤍🤍",https://www.instagram.com/reel/CseYh3KNdoJ/,FOOD,יש יותר טעים מעוגת גבינה,SWEET,עוגת גבינה,"מצרכים:
750 גרם גבינה 0.5 
יוגורט 3%
4 ביצים 
 3 כפות קורנפלור
3 כפות אינסטנט פודינג 
 20 גרם סוכרלוז נוזלי או תחליף סוכר","אופן הכנה: 
בקערה נערבב את כל המצרכים **חוץ מהחלבונים** 
בקערה שנייה נקציף את החלבונים עד לקצף יציב 
איך תדעו שהוא יציב? תהפכו את הקערה והקצף לא יזוז 
מאחדים את 2 התערובות בתנועות קיפול (כל פעם להוסיף קצת ולערבב סך הכל 3 פעמים) 
נכניס לתנור שחומם מראש ל180 מעלות ל15 דקות ואחר כך נוריד את המעלות ל150 לעוד שעה שלמה! 
כמה טיפים לעוגה מושלמת ❤️ 
• מומלץ לשים בתחתית התנור תבנית עם מים רותחים 
• לא לפתוח את התנור במהלך האפייה
• לאחר שעה ורבע אפייה להשאיר את העוגה בתנור סגור לעוד שעתיים ואז למקרר ל8 שעות לפחות 
ערכים לחתיכה 1 מתוך 12 👇 
97 קלוריות 
3 שומן 
8 פחמימה 
10 חלבון 
 
 בתאבוןןן ותרשמו לי אם אהבתם 🤍🤍",YES
21,23/05/2023,כדורי תירס במילוי מוצרלה,"כדורי תירס במילוי מוצרלה פשוט מושלמים! 
אז מה צריך? 
100 גרם קמח תירס 
340 גרם מים 
100 גרם תירס לייט 
15 כדורי בייבי מוצרלה 
מלח ופלפל לפי הטעם 
אופן הכנה: 
נרתיח את המים ונוסיף את הקמח תירס ונערבב היטב עד שזה נהיה סמיך 
נוסיף מלח ופלפל 
נשפוך את גרגירי התירס ונערבב 
נכניס למקרר להתייצבות ל15 דקות 
נוציא מהמקרר נחלק ל15 חתיכות ובכל חתיכה נשים כדור מוצרלה ונכדרר טוב 
נכניס לתנור שחומם מראש על 200 מעלות ל20 דקות 
אחרי עשר דקות נהפוך את הכדורים 
וזהו מוכןןן 
ערכים ליחידה 1 מתוך 15:
46 קלוריות 
1.7 שומן 
5.4 פחמימה 
2.1 חלבון 
בתיאבון!! ❤️❤️
תרשמו לי בתגובות אם אהבתם 😊",https://www.instagram.com/reel/Csl8O6FOuCv/,FOOD,כדורי תירס במילוי מוצרלה פשוט מושלמים,SAVORY,כדורי אנרגיה/ממתק,"אז מה צריך? 
100 גרם קמח תירס 
340 גרם מים 
100 גרם תירס לייט 
15 כדורי בייבי מוצרלה 
מלח ופלפל לפי הטעם","אופן הכנה: 
נרתיח את המים ונוסיף את הקמח תירס ונערבב היטב עד שזה נהיה סמיך 
נוסיף מלח ופלפל 
נשפוך את גרגירי התירס ונערבב 
נכניס למקרר להתייצבות ל15 דקות 
נוציא מהמקרר נחלק ל15 חתיכות ובכל חתיכה נשים כדור מוצרלה ונכדרר טוב 
נכניס לתנור שחומם מראש על 200 מעלות ל20 דקות 
אחרי עשר דקות נהפוך את הכדורים 
וזהו מוכןןן 
ערכים ליחידה 1 מתוך 15:
46 קלוריות 
1.7 שומן 
5.4 פחמימה 
2.1 חלבון 
בתיאבון!! ❤️❤️
תרשמו לי בתגובות אם אהבתם 😊",YES
22,24/05/2023,פסטה ברוטב קוטג',"פסטה ברוטב קוטג'?!? לא תאמינו כמה זה טעיםםםם!

מתכון של רותם עדיני מנבחרת הבשלנים של @israeli_kitchen

💟 רוצים את המתכון? רשמו תגובה ורותם תשלח לכם בהודעה פרטית.
✅ אל תשכחו לשמור את הפוסט כדי שתוכלו לחזור אליו גם בהמשך.

מתכון @rotem_adini 

#pasta #pastalover #pastafresca #spagetti #קוטג #פסטה #ספגטי #מתכונים #מתכוניםקלים #recipe #easyrecipes",https://www.instagram.com/reel/CsnxjMxMOBS/,FOOD,פסטה ברוטב קוטג'?!? לא תאמינו כמה זה טעיםםםם,SAVORY,פסטה,,,NO
24,28/05/2023,כדורי לוטוס חלבון ,"כדורי לוטוס חלבון מטריפים ב4 מרכיבים בלבד!! 
אז מה צריך בשביל השלמות הזאת?
100 גרם עוגיות לוטוס טחונות 
60 גרם אבקת חלבון קרמל מלוח
25 גרם ממרח לוטוס מומס 
60 גרם חלב 1 אחוז
לציפוי: 
10 גרם קוקוס 
אופן הכנה:
נערבב את כל המצרכים בקערה אחת נכניס למקרר ל30 דקות להתייצבות נחלק ל16 כדורים ובתיאבון ❤️ 
ערכים לכדור 1 מתוך 16:
60 קלוריות 
2.5 שומן 
6 פחמימה 
3.5 חלבון 
תרשמו לי בתגובות אם אהבתם ❤️",https://www.instagram.com/reel/Csy0TG2g1_M/,FOOD,כדורי לוטוס חלבון מטריפים ב4 מרכיבים בלבד,SWEET,עוגיות,"מה צריך בשביל השלמות הזאת?
100 גרם עוגיות לוטוס טחונות 
60 גרם אבקת חלבון קרמל מלוח
25 גרם ממרח לוטוס מומס 
60 גרם חלב 1 אחוז
לציפוי: 
10 גרם קוקוס","אופן הכנה:
נערבב את כל המצרכים בקערה אחת נכניס למקרר ל30 דקות להתייצבות נחלק ל16 כדורים ובתיאבון ❤️ 
ערכים לכדור 1 מתוך 16:
60 קלוריות 
2.5 שומן 
6 פחמימה 
3.5 חלבון 
תרשמו לי בתגובות אם אהבתם ❤️",YES
25,31/05/2023,בורקס פיצה,"בורקס פיצה. וזה טעים פי שניים מכל אחד מהם בנפרד!

מתכון של רותם עדיני מנבחרת הבשלנים של @israeli_kitchen

💟 רוצים את המתכון? רשמו תגובה ורותם תשלח לכם בהודעה פרטית.
✅ אל תשכחו לשמור את הפוסט כדי שתוכלו לחזור אליו גם בהמשך.

מתכון @rotem_adini",https://www.instagram.com/reel/Cs6XNLSqTsc/,FOOD,בורקס פיצה. וזה טעים פי שניים מכל אחד מהם בנפרד,SAVORY,בורקס,,,NO
26,02/06/2023,קובנה מופחתת קלוריות,"יש יותר טעים מלאכול קובנה בשבת בבוקר? ועוד בערכים כאלו טובים? 
מצרכים:
500 גרם קמח לבן 
50 גרם סוכר
8 גרם שמרים
15 גרם שמן
300 גרם מים
כפית מלח 
50 גרם חמאה מופחתת שומן
אופן הכנה: 
בקערת מיקסר עם וו לישה נשים את המים והשמרים ונחכה 2 דקות 
לאחר מכן נוסיף את הקמח סוכר והשמן ונלוש על מהירות בינונית 8 דקות 
אחרי 8 דקות נוסיף כפית מלח ונלוש עוד 2 דקות 
נכסה ונתפיח לשעה 
אחרי שעה נחלק ל4 חלקים כל חלק נפתח עם מערוך לעלה דק ככל שאפשר ונמרח עליו 10 גרם חמאה נגלל ונחצה אותו ל2 
נסדר בתבנית קוטר 24 ונתפיח ל40 דקות 
לאחר התפחה נכניס לתנור שחומם מראש על 180 ל50 דקות עם מכסה 
ואז עוד 10 דקות ללא מכסה כדי לקבל את הקראנציות 
שימו ❤️ זמני האפייה משתנים בין תנור לתנור 
בתיאבון!! 
אשמח שתספרו לי איך אתם אוהבים לאכול את הקובנה אני אוהבת עם רסק וביצה קשה ליד 🤤
ערכים ל100 גרם: 
249 קלוריות 
44.3 פחמימה 
5.4 שומן
6 חלבון
#קובנה #דלקלוריות",https://www.instagram.com/reel/Cs-3ZYQxkiS/,FOOD,קובנה,SAVORY,לחם/מאפה,"מצרכים:
500 גרם קמח לבן 
50 גרם סוכר
8 גרם שמרים
15 גרם שמן
300 גרם מים
כפית מלח 
50 גרם חמאה מופחתת שומן","אופן הכנה: 
בקערת מיקסר עם וו לישה נשים את המים והשמרים ונחכה 2 דקות 
לאחר מכן נוסיף את הקמח סוכר והשמן ונלוש על מהירות בינונית 8 דקות 
אחרי 8 דקות נוסיף כפית מלח ונלוש עוד 2 דקות 
נכסה ונתפיח לשעה 
אחרי שעה נחלק ל4 חלקים כל חלק נפתח עם מערוך לעלה דק ככל שאפשר ונמרח עליו 10 גרם חמאה נגלל ונחצה אותו ל2 
נסדר בתבנית קוטר 24 ונתפיח ל40 דקות 
לאחר התפחה נכניס לתנור שחומם מראש על 180 ל50 דקות עם מכסה 
ואז עוד 10 דקות ללא מכסה כדי לקבל את הקראנציות 
שימו ❤️ זמני האפייה משתנים בין תנור לתנור 
בתיאבון!! 
אשמח שתספרו לי איך אתם אוהבים לאכול את הקובנה אני אוהבת עם רסק וביצה קשה ליד 🤤
ערכים ל100 גרם: 
249 קלוריות 
44.3 פחמימה 
5.4 שומן
6 חלבון
#קובנה #דלקלוריות",YES
28,05/06/2023,קרמבו לימון,"קרמבו לימון 😨
פעם טעמתם משהו כזה?? 
מצרכים: 
2 חלבונים 
60 גרם סוכר לבן 
גרידת לימון 
מיץ לימון מחצי לימון 
לציפוי: 
85 גרם שוקולד לבן ללא סוכר 
10 גרם שמן קנולה 
אופן הכנה: 
נרתיח מים בסיר ומעליו נניח קערה עם החלבונים והסוכר לבן נערבב היטב לכמה דקות עד שכל הסוכר נמס חשוב לא להפסיק לערבב על מנת שהחלבון לא יהפוך לחביתה! 
לאחר מכן נוריד מהאש ונקציף במשך 8-10 דקות על מהירות גבוהה עד שהקצף יהיה מבריק לא להקציף פחות מזה גם אם הקצף נראה מבריק
נעביר לשקית זילוף ונזלף מעל עוגיות לבחירה אני השתמשתי בעוגיות בטעם לימון נקפיא למשך 15 דקות ובנתיים נמיס שוקולד לבן עם כף שמן 
נוציא את הקרמבואים מהמקפיא ונטבול בשוקולד הלבן נקפיא שוב ל5 דקות ומוכן ❤️ 
אפשר להשאיר במקרר עד שלושה ימים 
ערכים לקרמבו 1 מתוך 21:
52 קלוריות 
1 חלבון 
8 פחמימה 
2 שומן
תרשמו לי בתגובות אם אהבתם 🤗",https://www.instagram.com/reel/CtHXu5FoZLN/,FOOD,קרמבו לימון,SWEET,עוגיות,"מצרכים: 
2 חלבונים 
60 גרם סוכר לבן 
גרידת לימון 
מיץ לימון מחצי לימון 
לציפוי: 
85 גרם שוקולד לבן ללא סוכר 
10 גרם שמן קנולה","אופן הכנה: 
נרתיח מים בסיר ומעליו נניח קערה עם החלבונים והסוכר לבן נערבב היטב לכמה דקות עד שכל הסוכר נמס חשוב לא להפסיק לערבב על מנת שהחלבון לא יהפוך לחביתה! 
לאחר מכן נוריד מהאש ונקציף במשך 8-10 דקות על מהירות גבוהה עד שהקצף יהיה מבריק לא להקציף פחות מזה גם אם הקצף נראה מבריק
נעביר לשקית זילוף ונזלף מעל עוגיות לבחירה אני השתמשתי בעוגיות בטעם לימון נקפיא למשך 15 דקות ובנתיים נמיס שוקולד לבן עם כף שמן 
נוציא את הקרמבואים מהמקפיא ונטבול בשוקולד הלבן נקפיא שוב ל5 דקות ומוכן ❤️ 
אפשר להשאיר במקרר עד שלושה ימים 
ערכים לקרמבו 1 מתוך 21:
52 קלוריות 
1 חלבון 
8 פחמימה 
2 שומן
תרשמו לי בתגובות אם אהבתם 🤗",YES
30,08/06/2023,עוגת בראוניז גבינה,"עוגת בראוניז גבינה כי למה או או כשאפשר גם וגם? 🤔
תרשמו לי בתגובות אם אתם מעדיפים עוגת שוקולד/עוגת גבינה או בכלל שילוב של שתיהן 😍
אז מה נצטרך בשביל זה?
לשכבת הבראוניז:
100 גרם שוקולד מריר
30 גרם חמאה מופחתת שומן
2 ביצים 
15 גרם קקאו 
60 גרם תחליף סוכר
לשכבת הגבינה:
500 גרם גבינה לבנה 5%
20 גרם קורנפלור 
20 גרם אינסטנט פודינג
2 ביצים 
50 גרם תחליף סוכר 
תמצית וניל
אופן הכנה: 
בראוניז- נמיס את השוקולד והחמאה ואז נוסיף את שאר המצרכים ונערבב לאיחוד ונשפוך לתבנית 
לשכבת הגבינה- נערבב את כל החומרים ביחד ונשפוך מעל שכבת הבראוניז 
•אני השארתי קצת מבלילת הבראוניז ושפכתי מעל בלילת הגבינה כדי ליצור מראה שיש אבל לא חייב 
ערכים לחתיכה 1 מתוך 16:
110 קלוריות 
5.3 חלבו
6.6 שומן
7 פחמימה
אל תשכחו לשמור את המתכון כדי שתוכלו לחזור אליו כשתרצו להכין 🥰",https://www.instagram.com/reel/CtO-3HaoEFq/,FOOD,עוגת בראוניז גבינה כי למה או או כשאפשר גם וגם,SWEET,עוגת גבינה,"מה נצטרך בשביל זה?
לשכבת הבראוניז:
100 גרם שוקולד מריר
30 גרם חמאה מופחתת שומן
2 ביצים 
15 גרם קקאו 
60 גרם תחליף סוכר
לשכבת הגבינה:
500 גרם גבינה לבנה 5%
20 גרם קורנפלור 
20 גרם אינסטנט פודינג
2 ביצים 
50 גרם תחליף סוכר 
תמצית וניל","אופן הכנה: 
בראוניז- נמיס את השוקולד והחמאה ואז נוסיף את שאר המצרכים ונערבב לאיחוד ונשפוך לתבנית 
לשכבת הגבינה- נערבב את כל החומרים ביחד ונשפוך מעל שכבת הבראוניז 
•אני השארתי קצת מבלילת הבראוניז ושפכתי מעל בלילת הגבינה כדי ליצור מראה שיש אבל לא חייב 
ערכים לחתיכה 1 מתוך 16:
110 קלוריות 
5.3 חלבו
6.6 שומן
7 פחמימה
אל תשכחו לשמור את המתכון כדי שתוכלו לחזור אליו כשתרצו להכין 🥰",YES
31,11/06/2023,עוגיות טיגריס ,"עוגיות טיגריס 🐯 Tiger cookies

מתכון של רותם עדיני מנבחרת הבשלנים של @israeli_kitchen

💟 רוצים את המתכון? רשמו תגובה ורותם תשלח לכם בהודעה פרטית.
✅ אל תשכחו לשמור את הפוסט כדי שתוכלו לחזור אליו גם בהמשך.

מתכון @rotem_adini",https://www.instagram.com/reel/CtWuDObqE7i/,FOOD,עוגיות טיגריס Tiger cookies,SWEET,עוגיות,,,NO
32,12/06/2023,פלאפל דל קלוריות,"פלאפל רק ב38 קלוריות לכדור!! הייתם מאמינים?😧
מתכון קליל ובעיקר טעים 
המתכון המלא אצלי בסטורי ובהייליט מתכונים 
אל תשכחו לעקוב לעוד מתכונים בריאים 😍

#דלקלוריות #בריא",https://www.instagram.com/reel/CtZUrNRodw1/,FOOD,פלאפל רק ב38 קלוריות לכדור!! הייתם מאמינים,SAVORY,פלאפל,,,NO
33,19/06/2023,פסטו,"תרשמו לי עם מה אתם הכי אוהבים לאכול פסטו😍
המתכון המלא אצלי בסטורי ובהייליט מתכונים 🫶🏼",https://www.instagram.com/reel/CtrTtnrovuq/,FOOD,פסטו,SAVORY,רוטב/פסטו,,,NO
34,23/06/2023,מאפה גבינות על מחבת,"מאפה גבינות על מחבת בלי התפחה ובלי אפייה!! 
לבצק:
500 גרם קמח 
גביע יוגורט 0 אחוז שומן 
ביצה 
כפית אבקת אפייה 
שליש כוס מים 
למילוי:
גביע קוטג׳ 5 אחוז 
150 גרם גבינה צהובה 9 אחוז 
ביצה 
100 גרם בולגרית 5 אחוז
אופן הכנה:
נערבב את כל החומרים של הבצק 
*את המים להוסיף בהדרגה 
נחלק ל15 כדורים 
נערבב בקערה את כל חומרי המילוי 
נרדד כל כדור בצק לעיגול נשים מהמילוי ונסגור 
נטגן על מחבת כמה דקות מכל צד עד שמשחים וזהו 
בתיאבון!!! 
כל יחידה מכילה 178 קלוריות ו13 גרם חלבון 
תרשמו לי אם אהבתם ❤️❤️",https://www.instagram.com/reel/Ct0-VXbI3kX/,FOOD,מאפה גבינות על מחבת בלי התפחה ובלי אפייה,SAVORY,מאפה,"לבצק:
500 גרם קמח 
גביע יוגורט 0 אחוז שומן 
ביצה 
כפית אבקת אפייה 
שליש כוס מים 
למילוי:
גביע קוטג׳ 5 אחוז 
150 גרם גבינה צהובה 9 אחוז 
ביצה 
100 גרם בולגרית 5 אחוז","אופן הכנה:
נערבב את כל החומרים של הבצק 
*את המים להוסיף בהדרגה 
נחלק ל15 כדורים 
נערבב בקערה את כל חומרי המילוי 
נרדד כל כדור בצק לעיגול נשים מהמילוי ונסגור 
נטגן על מחבת כמה דקות מכל צד עד שמשחים וזהו 
בתיאבון!!! 
כל יחידה מכילה 178 קלוריות ו13 גרם חלבון 
תרשמו לי אם אהבתם ❤️❤️",YES
35,27/06/2023,סופלה שוקולד חלבון,"סופלה שוקולד חלבון 
בלי הטעם לוואי של האבקת חלבון 😍
מה נצטרך? 
70 גרם שוקולד מריר 
40 גרם חמאה מופחתת שומן 
50 גרם תחליף סוכר 
30 אבקת חלבון 
30 גרם חלב 1%
2 חלמונים 
2 חלבונים
אופן הכנה:
בקערה נמיס את השוקולד המריר עם החמאה ואז נוסיף את יתר המצרכים חוץ מהחלבונים והתחליף סוכר 
בקערה שנייה נקציף את החלבונים ונוסיף בהדרגה את הסוכר 
נערבב בתנועות קיפול בהדרגה את תערובת החלבונים עם תערובת השוקולד 
(לא להוסיף את כל החלבונים במכה אלא להוסיף כל פעם שליש) 
נאפה בתנור שחומם מראש על 180 מעלות 
שימו לב ❤️ 
במידה ואתם משתמשים בתבנית כמו שלי תאפו את הסופלה ל20 דקות 
במידה ואתם בוחרים לחלק למנות אישיות (אני ממליצה על 8 תבניות) אז תאפו 10-12 דקות תלוי בעוצמת התנור 
איך נדע אם מוכן?
כשנזיז את התבנית השוליים אמורים להיות יציבים ובאמצע קצת רוטט 
ערכים לכל הבלילה 
848 קלוריות 
41 חלבון 
40 פחמימה
58 שומן 
*אם תחלקו ל8 יחידות תקבלו בכל יחידה 106 קלוריות ו5 גרם חלבון 🔥
אל תשכחו לעשות לייק אם אהבתם ❤️❤️",https://www.instagram.com/reel/Ct_1uM4IWz4/,FOOD,סופלה שוקולד חלבון,SWEET,סופלה,"מה נצטרך? 
70 גרם שוקולד מריר 
40 גרם חמאה מופחתת שומן 
50 גרם תחליף סוכר 
30 אבקת חלבון 
30 גרם חלב 1%
2 חלמונים 
2 חלבונים","אופן הכנה:
בקערה נמיס את השוקולד המריר עם החמאה ואז נוסיף את יתר המצרכים חוץ מהחלבונים והתחליף סוכר 
בקערה שנייה נקציף את החלבונים ונוסיף בהדרגה את הסוכר 
נערבב בתנועות קיפול בהדרגה את תערובת החלבונים עם תערובת השוקולד 
(לא להוסיף את כל החלבונים במכה אלא להוסיף כל פעם שליש) 
נאפה בתנור שחומם מראש על 180 מעלות 
שימו לב ❤️ 
במידה ואתם משתמשים בתבנית כמו שלי תאפו את הסופלה ל20 דקות 
במידה ואתם בוחרים לחלק למנות אישיות (אני ממליצה על 8 תבניות) אז תאפו 10-12 דקות תלוי בעוצמת התנור 
איך נדע אם מוכן?
כשנזיז את התבנית השוליים אמורים להיות יציבים ובאמצע קצת רוטט 
ערכים לכל הבלילה 
848 קלוריות 
41 חלבון 
40 פחמימה
58 שומן 
*אם תחלקו ל8 יחידות תקבלו בכל יחידה 106 קלוריות ו5 גרם חלבון 🔥
אל תשכחו לעשות לייק אם אהבתם ❤️❤️",YES
36,30/06/2023,קיש גבינות וקישואים,"מתכון לקיש גבינות וקישואים על בסיס קרקרים 
מצרכים:
לתחתית: 
200 גרם קרקרים 
100 גרם חמאה מופחתת שומן 
למלית: 
גבינה לבנה 5%
150 גרם גבינה צהובה 9%
2 קישואים 
2 ביצים 
100 גרם זיתי קלמטה
אופן הכנה: 
תחתית- נטחן את הקרקרים עם החמאה ונשים במקפיא ל10 דקות 
מלית- 
נערבב את כל המצרכים יחד 
נשפוך את המלית על התחתית ונכניס לתנור שחומם מראש על 180 מעלות ל50 דקות 
ערכים לחתיכה 1 מתוך 16: 
147 קלוריות 
6 חלבון
9 פחמימה 
9 שומן

תרשמו לי אם אהבתם ❤️ 

#דלקלוריות #קישקישואים",https://www.instagram.com/reel/CuHBg5PI10S/,FOOD,מתכון לקיש גבינות וקישואים על בסיס קרקרים,SAVORY,קיש,"מצרכים:
לתחתית: 
200 גרם קרקרים 
100 גרם חמאה מופחתת שומן 
למלית: 
גבינה לבנה 5%
150 גרם גבינה צהובה 9%
2 קישואים 
2 ביצים 
100 גרם זיתי קלמטה","אופן הכנה: 
תחתית- נטחן את הקרקרים עם החמאה ונשים במקפיא ל10 דקות 
מלית- 
נערבב את כל המצרכים יחד 
נשפוך את המלית על התחתית ונכניס לתנור שחומם מראש על 180 מעלות ל50 דקות 
ערכים לחתיכה 1 מתוך 16: 
147 קלוריות 
6 חלבון
9 פחמימה 
9 שומן

תרשמו לי אם אהבתם ❤️ 

#דלקלוריות #קישקישואים",YES
37,03/07/2023,קראנץ' שמרים מלוח עם פסטו וגבינות,"זה לחם או עוגה ⁉️ Is it bread or cake

קראנץ' שמרים מלוח עם פסטו וגבינות, שכל האורחים שלכם יעופו עליו Salty yeast crunch with pesto and cheeses

מתכון של רותם עדיני מנבחרת הבשלנים של @israeli_kitchen

💟 רוצים את המתכון? רשמו תגובה ורותם תשלח לכם בהודעה פרטית.
✅ אל תשכחו לשמור את הפוסט כדי שתוכלו לחזור אליו גם בהמשך.

מתכון @rotem_adini",https://www.instagram.com/reel/CuPX77UqXCD/,FOOD,זה לחם או עוגה ⁉ Is it bread or cake,SWEET,עוגה,,,NO
38,07/07/2023,ניוקי פולנטה,"תגידו את האמת… ניוקי פולנטה הכנתם פעם??😍 
ועוד מ2 מצרכים בלבד 🫣
אז מה נצטרך בשביל הדבר המושלם הזה: 
100 גרם קמח תירס 
400 גרם מים 
וזהו!! 
רוטב למנה אחת:
10 גרם חמאה מופחתת שומן 
100 גרם עגבניות שרי 
30 גרם זיתי קלמטה 
כמה עלי בזיליקום 
אופן הכנת הניוקי: 
נרתיח מים ונוסיף בהדרגה את הקמח תירס ונערבב *כל הזמן* עד שמתאחד ונהיה סמיך 
נוסיף קצת מלח לפי הטעם 
נשטח בתבנית לגובה של 1 סנטימטר 
ונשים במקרר ל3 שעות עד לילה 
נוציא מהמקרר נחתוך לקוביות ונאפה על 200 מעלות ל10 דקות 
לרוטב: 
נמיס את החמאה ונוסיף את העגבניות הזיתים והבזיליקום
נוסיף את קוביות הפולנטה ונקפיץ לכמה דקות 
אפשר לפזר פרמזן ובתיאבון 😍 
שימו 🤍 הטעם של הפולנטה מאוד תופס את הטעם של הרוטב אז פחות מומלץ לאכול אותו בלי רוטב למרות שעדיין יהיה טעים 
ערכים למנה מתוך 2 כולל הרוטב:
300 קלוריות 
8 חלבון 
12 שומן 
40 פחמימה 
אל תשכחו לרשום לי אם אהבתם ❤️ 
#טבעוני #דלקלוריות",https://www.instagram.com/reel/CuY82Beopd7/,FOOD,תגידו את האמת… ניוקי פולנטה הכנתם פעם,SAVORY,פסטה,"מצרכים בלבד 🫣
אז מה נצטרך בשביל הדבר המושלם הזה: 
100 גרם קמח תירס 
400 גרם מים 
וזהו!! 
רוטב למנה אחת:
10 גרם חמאה מופחתת שומן 
100 גרם עגבניות שרי 
30 גרם זיתי קלמטה 
כמה עלי בזיליקום","אופן הכנת הניוקי: 
נרתיח מים ונוסיף בהדרגה את הקמח תירס ונערבב *כל הזמן* עד שמתאחד ונהיה סמיך 
נוסיף קצת מלח לפי הטעם 
נשטח בתבנית לגובה של 1 סנטימטר 
ונשים במקרר ל3 שעות עד לילה 
נוציא מהמקרר נחתוך לקוביות ונאפה על 200 מעלות ל10 דקות 
לרוטב: 
נמיס את החמאה ונוסיף את העגבניות הזיתים והבזיליקום
נוסיף את קוביות הפולנטה ונקפיץ לכמה דקות 
אפשר לפזר פרמזן ובתיאבון 😍 
שימו 🤍 הטעם של הפולנטה מאוד תופס את הטעם של הרוטב אז פחות מומלץ לאכול אותו בלי רוטב למרות שעדיין יהיה טעים 
ערכים למנה מתוך 2 כולל הרוטב:
300 קלוריות 
8 חלבון 
12 שומן 
40 פחמימה 
אל תשכחו לרשום לי אם אהבתם ❤️ 
#טבעוני #דלקלוריות",YES
45,31/07/2023,מיני פנקייק גבינה בצורת לבבות לכבוד יום האהבה,"מיני פנקייק גבינה בצורת לבבות לכבוד יום האהבה 😍 
אל תשכחו לשמור את הסרטון כדי שתוכלו לחזור אליו מחר ולהכין לבני ובנות הזוג לכבוד יום האהבה ❤️‍🔥
מה נצטרך?
50 גרם קמח 
כפית אבקת אפייה
4 כפות תחליף סוכר 
ביצה 
250 גרם גבינה 5% 
אופן הכנה: 
פשוט לערבב את כל החומרים בקערה עד לאיחוד להעביר לסקוויזר/שקית זילוף ונזלף לבבות כמו בסרטון 😊 
נמרח מעל רטבים שאוהבים ובתיאבון 🫶🏼❤️ 
ערכים לכל הכמות: 
512 קלוריות 
19 גרם שומן 
49 פחמימה 
36 חלבון",https://www.instagram.com/reel/CvXbwoqoavd/,FOOD,מיני פנקייק גבינה בצורת לבבות לכבוד יום האהבה,SWEET,פנקייק/קרפ,"מה נצטרך?
50 גרם קמח 
כפית אבקת אפייה
4 כפות תחליף סוכר 
ביצה 
250 גרם גבינה 5%","אופן הכנה: 
פשוט לערבב את כל החומרים בקערה עד לאיחוד להעביר לסקוויזר/שקית זילוף ונזלף לבבות כמו בסרטון 😊 
נמרח מעל רטבים שאוהבים ובתיאבון 🫶🏼❤️ 
ערכים לכל הכמות: 
512 קלוריות 
19 גרם שומן 
49 פחמימה 
36 חלבון",YES
46,04/08/2023,סלט תורכי של סבתא רותי,"סלט תורכי של סבתא רותי ❤️
מתכון: 
2 בצלים
ראש שום 
גמבה ירוקה 
גמבה אדומה 
2 רסק 
3 עגבניות טחונות 
כפית מלח 
חצי כפית פלפל 
כפית כמון
2 כפיות פפריקה 
ולאוהבי חריף 2 כפיות סחוג 
אופן הכנה:
נטגן את הבצל עד להזהבה 
נוסיף את התבלינים 
נוסיף את השום ונערבב 
נוסיף את הגמבות הקצוצות ואת העגבניות 
נשפוך את הרסק עגבניות 
נבשל על אש נמוכה 20 דקות ומדי פעם נערבב 
נחמם לחם טוב ובתיאבון ❤️🫶🏼",https://www.instagram.com/reel/CvhCeCSo4xe/,FOOD,סלט תורכי של סבתא רותי,SAVORY,סלט,"מתכון: 
2 בצלים
ראש שום 
גמבה ירוקה 
גמבה אדומה 
2 רסק 
3 עגבניות טחונות 
כפית מלח 
חצי כפית פלפל 
כפית כמון
2 כפיות פפריקה 
ולאוהבי חריף 2 כפיות סחוג","אופן הכנה:
נטגן את הבצל עד להזהבה 
נוסיף את התבלינים 
נוסיף את השום ונערבב 
נוסיף את הגמבות הקצוצות ואת העגבניות 
נשפוך את הרסק עגבניות 
נבשל על אש נמוכה 20 דקות ומדי פעם נערבב 
נחמם לחם טוב ובתיאבון ❤️🫶🏼",YES
47,07/08/2023,עוגיות שיבולת שועל כל כך רכות ונמסות בפה,"עוגיות שיבולת שועל כל כך רכות ונמסות בפה 
תשלחו את הסרטון לחבר/ה שמחכים שעה שהעוגייה תתרכך ובסוף היא נופלת להם 😅
מה תצטרכו? 
150 גרם שיבולת שועל 
40 גרם קמח 
20 גרם טחינה 
60 גרם חמאה 
ביצה 
30 גרם סוכר חום 
60 גרם תחליף סוכר 
חצי כפית מלח 
חצי כפית תמצית וניל 
50 גרם מטבעות שוקולד לבן

אופן הכנה:
נערבב את כל החומרים בקערה נחלק לכדורים (לי יצאו 18) 
נאפה בתנור שחומם מראש על 180 מעלות ל12 דקות 
ובתיאבון❤️❤️❤️ 
ערכים לעוגייה מתוך 18:
99 קלוריות 
5.1 שומן 
11 פחמימה 
2.3 חלבון",https://www.instagram.com/reel/Cvpd1Too9Op/,FOOD,עוגיות שיבולת שועל כל כך רכות ונמסות בפה,SWEET,עוגיות,"מה תצטרכו? 
150 גרם שיבולת שועל 
40 גרם קמח 
20 גרם טחינה 
60 גרם חמאה 
ביצה 
30 גרם סוכר חום 
60 גרם תחליף סוכר 
חצי כפית מלח 
חצי כפית תמצית וניל 
50 גרם מטבעות שוקולד לבן","אופן הכנה:
נערבב את כל החומרים בקערה נחלק לכדורים (לי יצאו 18) 
נאפה בתנור שחומם מראש על 180 מעלות ל12 דקות 
ובתיאבון❤️❤️❤️ 
ערכים לעוגייה מתוך 18:
99 קלוריות 
5.1 שומן 
11 פחמימה 
2.3 חלבון",YES
48,11/08/2023,פשטידת כרובית,"פשטידת כרובית עם רק 2 כפות קמח לתבנית שלמה!! 
אחלה פתרון לארוחת ערב 
אל תשכחו לשמור את הסרטון כדי שלא תתקעו שוב בלי רעיון לארוחת ערב😍
מה נצטרך? 
כרובית בינונית 
3 ביצים 
קוטג׳ 5 אחוז 
20 גרם קמח 
100 גרם גבינה צהובה 9% מגורדת 
בצל ירוק 
מלח 
פלפל 
אופן הכנה: 
נחלק את הכרובית לפרחים קטנים 
נרתיח את פרחי הכרובית ל10 דקות ואז נשטוף במים קרים 
בקערה נערבב את כל המצרכים 
נשטח בתבנית 
נאפה בתנור שחומם מראש על 180 ל35-45 דקות עד שהפשטידה משחימה 
ערכים לחתיכה 1 מתוך 8:
119 קלוריות 
12 גרם חלבון 
8 גרם פחמימה 
8 גרם שומן 

בתאבוןןן ❤️❤️",https://www.instagram.com/reel/CvzKO2JoZWt/,FOOD,פשטידת כרובית עם רק 2 כפות קמח לתבנית שלמה,SAVORY,פשטידה,"מה נצטרך? 
כרובית בינונית 
3 ביצים 
קוטג׳ 5 אחוז 
20 גרם קמח 
100 גרם גבינה צהובה 9% מגורדת 
בצל ירוק 
מלח 
פלפל","אופן הכנה: 
נחלק את הכרובית לפרחים קטנים 
נרתיח את פרחי הכרובית ל10 דקות ואז נשטוף במים קרים 
בקערה נערבב את כל המצרכים 
נשטח בתבנית 
נאפה בתנור שחומם מראש על 180 ל35-45 דקות עד שהפשטידה משחימה 
ערכים לחתיכה 1 מתוך 8:
119 קלוריות 
12 גרם חלבון 
8 גרם פחמימה 
8 גרם שומן 

בתאבוןןן ❤️❤️",YES
49,14/08/2023,גלילות חצילים ממולאות בטאבולה ,"גלילות חצילים ממולאות בטאבולה 🍆 Eggplant rolls filled with tabbouleh salad
זה קלי קלות וזה טעים למות!

מתכון של רותם עדיני מנבחרת הבשלנים של @israeli_kitchen

💟 רוצים את המתכון? רשמו תגובה פה בפוסט.
✅ אל תשכחו לשמור את הפוסט כדי שתוכלו לחזור אליו גם בהמשך.

מתכון @rotem_adini",https://www.instagram.com/reel/Cv6yrN1Kqk4/,FOOD,גלילות חצילים ממולאות בטאבולה Eggplant rolls filled with tabbouleh salad,SAVORY,מנה ראשונה/חצילים,,,NO
51,18/08/2023,עוגת גבינה קרמית דלת שומן,"מתכון לעוגת גבינה קרמית מגבינות דלות בשומן😍 
תשלחו לחבר שמת על עוגות גבינה ונמצא בדיאטה 🫶🏼
מצרכים:
לתחתית: 
16 עוגיות אוראו 
40 גרם חמאה מומסת 
למלית הגבינה:
750 גרם גבינה לבנה 5%
200 יוגורט 1.5%
30 גרם קורנפלור 
30 גרם אינסטנט פודינג 
כוס תחליף סוכר 
4 ביצים 
אופן הכנה:
תחתית- נטחן את עוגיות האוראו נערבב עם חמאה מומסת נהדק לתחתית התבנית ונשים במקרר לכמה דקות
מלית הגבינה- נערבב את כל המצרכים בקערה אחת נשפוך על תחתית האוראו 
נאפה בתנור על חום של 150 מעלות לשעה ורבע 
נשאיר את העוגה בתנור סגור לפחות שעתיים ואז לעוד לילה במקרר ובתיאבון❤️❤️
ממליצה לשים בתחתית התנור תבנית עם מים רותחים 
ערכים לחתיכה 1 מתוך 14 לא כולל התחתית: 
100 קלוריות 
7.7 חלבון 
7 פחמימה 
4.5 שומן
יחד עם תחתית האוראו כל חתיכה תהיה 182 קלוריות🤍",https://www.instagram.com/reel/CwFJXFpIvJ7/,FOOD,מתכון לעוגת גבינה קרמית מגבינות דלות בשומן,SWEET,עוגת גבינה,"מצרכים:
לתחתית: 
16 עוגיות אוראו 
40 גרם חמאה מומסת 
למלית הגבינה:
750 גרם גבינה לבנה 5%
200 יוגורט 1.5%
30 גרם קורנפלור 
30 גרם אינסטנט פודינג 
כוס תחליף סוכר 
4 ביצים","אופן הכנה:
תחתית- נטחן את עוגיות האוראו נערבב עם חמאה מומסת נהדק לתחתית התבנית ונשים במקרר לכמה דקות
מלית הגבינה- נערבב את כל המצרכים בקערה אחת נשפוך על תחתית האוראו 
נאפה בתנור על חום של 150 מעלות לשעה ורבע 
נשאיר את העוגה בתנור סגור לפחות שעתיים ואז לעוד לילה במקרר ובתיאבון❤️❤️
ממליצה לשים בתחתית התנור תבנית עם מים רותחים 
ערכים לחתיכה 1 מתוך 14 לא כולל התחתית: 
100 קלוריות 
7.7 חלבון 
7 פחמימה 
4.5 שומן
יחד עם תחתית האוראו כל חתיכה תהיה 182 קלוריות🤍",YES
52,22/08/2023,פנקייק מלוח,"מי אמר שפנקייק חייב להיות מתוק??
פנקייק מלוח שיוצא פשוט מושלם 😍 
מה נצטרך:
10 גרם חמאה מומסת 
60 מ״ל חלב 1%
ביצה 
70 גרם קמח 
20 גרם גבינה לבנה 
2 פרוסות גבינה צהובה 9% מגורדת
בצל ירוק 
מלח 
כפית אבקת אפייה
אופן הכנה:
נערבב את כל המצרכים בקערה אחת חוץ מהגבינה צהובה ובצל 
ברגע שיש לנו תערובת חלקה נוסיף את הגבינה צהובה והבצל ונערבב 
נטגן את הפנקייקים על אש נמוכה לכמה דקות מכל צד 
נעשה מגדל פנקייקים ונשים ביצת עין למעלה ומושלם 😍 
הכמות מספיקה בעיני ל2 מנות 
ערכים למנה:
271 קלוריות 
9 שומן 
28 פחמימה 
17 חלבון",https://www.instagram.com/reel/CwQGqjWI1Nw/,FOOD,מי אמר שפנקייק חייב להיות מתוק,SWEET,פנקייק/קרפ,"מה נצטרך:
10 גרם חמאה מומסת 
60 מ״ל חלב 1%
ביצה 
70 גרם קמח 
20 גרם גבינה לבנה 
2 פרוסות גבינה צהובה 9% מגורדת
בצל ירוק 
מלח 
כפית אבקת אפייה","אופן הכנה:
נערבב את כל המצרכים בקערה אחת חוץ מהגבינה צהובה ובצל 
ברגע שיש לנו תערובת חלקה נוסיף את הגבינה צהובה והבצל ונערבב 
נטגן את הפנקייקים על אש נמוכה לכמה דקות מכל צד 
נעשה מגדל פנקייקים ונשים ביצת עין למעלה ומושלם 😍 
הכמות מספיקה בעיני ל2 מנות 
ערכים למנה:
271 קלוריות 
9 שומן 
28 פחמימה 
17 חלבון",YES
53,25/08/2023,חצאפורי מבצק גבינה ללא התפחה,"חצאפורי מבצק גבינה ללא התפחה!!
ועם 25 גרם חלבון🤭 
מצרכים:
300 גרם קמח 
250 גרם גבינה לבנה 5%
כפית מלח 
מילוי: 
150 גרם גבינה צהובה 9% מגורדת 
150 גרם גבינה בולגרית5% קוביות
100 גרם קוטג׳ 
לבן של ביצה 
אופן הכנה: 
בצק- נלוש את כל חומרי הבצק עד שמתקבל בצק גמיש ונוח 
אפשר גם להעביר למיקסר ל5 דקות / ללוש לבד בערך 10 דקות 
נחלק את הבצק ל6 חתיכות ונרדד לאליפסה 
מילוי- נערבב את כל חומרי המילוי ביחד 
על כל חתיכת בצק נמרח מהמילוי נסגור את הבצק כמו בסרטון 
נכניס לתנור שחומם מראש על 180 ל20 דקות או עד שהבצק מזהיב(תלוי בתנור) 
2-3 דקות לפני שנוציא מהתנור נשים בכל חאצפורי חלמון (רק חלמון לא ביצה שלמה) 
ונאפה לעוד 3 דקות (תלוי כמה נוזלית אוהבים את החלמון) 
ערכים ליחידה 1 מתוך 6: 
376 קלוריות 
12 שומן 
42 פחמימה 
25 חלבון 
בתיאבון❤️❤️❤️",https://www.instagram.com/reel/CwXOVU8Ita-/,FOOD,חצאפורי מבצק גבינה ללא התפחה,SAVORY,מאפה,"מצרכים:
300 גרם קמח 
250 גרם גבינה לבנה 5%
כפית מלח 
מילוי: 
150 גרם גבינה צהובה 9% מגורדת 
150 גרם גבינה בולגרית5% קוביות
100 גרם קוטג׳ 
לבן של ביצה","אופן הכנה: 
בצק- נלוש את כל חומרי הבצק עד שמתקבל בצק גמיש ונוח 
אפשר גם להעביר למיקסר ל5 דקות / ללוש לבד בערך 10 דקות 
נחלק את הבצק ל6 חתיכות ונרדד לאליפסה 
מילוי- נערבב את כל חומרי המילוי ביחד 
על כל חתיכת בצק נמרח מהמילוי נסגור את הבצק כמו בסרטון 
נכניס לתנור שחומם מראש על 180 ל20 דקות או עד שהבצק מזהיב(תלוי בתנור) 
2-3 דקות לפני שנוציא מהתנור נשים בכל חאצפורי חלמון (רק חלמון לא ביצה שלמה) 
ונאפה לעוד 3 דקות (תלוי כמה נוזלית אוהבים את החלמון) 
ערכים ליחידה 1 מתוך 6: 
376 קלוריות 
12 שומן 
42 פחמימה 
25 חלבון 
בתיאבון❤️❤️❤️",YES
54,30/08/2023,שניצל תירס ביתי דל קלוריות,"שניצל תירס ביתי דל קלוריות!! 
תשלחו את הסרטון לחבר/ה שמכור לתירס🌽
איך מכינים? 😍 
למצרכים נצטרך:
2 קופסאות של תירס לייט (סך הכל 500 גרם אחרי סינון) 
ביצה 
כף שמן זית 
70 גרם קמח 
60 גרם פירורי לחם 
כפית שום כתוש 
תבלינים לפי הטעם 
אלו התבלינים שאני שמתי: 
חצי כפית מלח 
רבע כפית פלפל שחור 
כפית חרדל דיזון 
רבע כפית כורכום 
אופן הכנה:
•נטחן בערך 3/4 מכמות התירס 
•נעביר לקערה נוסיף את יתר המצרכים ונערבב לאיחוד 
•נשים במקרר ל40 דקות- שעה 
•עם ידיים רטובות ובעזרת כף(כמו בסרטון) ניצור צורת אליפסיה 
•נטבול את השניצל שנוצר בפירורי לחם 
•נסדר את כל השניצלים בתבנית 
•אני התזתי קצת תרסיס שמן כדי שייצא יוצר קראסט
• נאפה בתנור שחומם מראש על טורבו 200 לרבע שעה 
מומלץ להפוך באמצע את השניצלים 
ובתיאבון 😍😍😍 
כל שניצל מכיל 86 קלוריות🫶🏼",https://www.instagram.com/reel/CwkzDnnoJI-/,FOOD,שניצל תירס ביתי דל קלוריות,SAVORY,שניצל,"מצרכים נצטרך:
2 קופסאות של תירס לייט (סך הכל 500 גרם אחרי סינון) 
ביצה 
כף שמן זית 
70 גרם קמח 
60 גרם פירורי לחם 
כפית שום כתוש 
תבלינים לפי הטעם 
אלו התבלינים שאני שמתי: 
חצי כפית מלח 
רבע כפית פלפל שחור 
כפית חרדל דיזון 
רבע כפית כורכום","אופן הכנה:
•נטחן בערך 3/4 מכמות התירס 
•נעביר לקערה נוסיף את יתר המצרכים ונערבב לאיחוד 
•נשים במקרר ל40 דקות- שעה 
•עם ידיים רטובות ובעזרת כף(כמו בסרטון) ניצור צורת אליפסיה 
•נטבול את השניצל שנוצר בפירורי לחם 
•נסדר את כל השניצלים בתבנית 
•אני התזתי קצת תרסיס שמן כדי שייצא יוצר קראסט
• נאפה בתנור שחומם מראש על טורבו 200 לרבע שעה 
מומלץ להפוך באמצע את השניצלים 
ובתיאבון 😍😍😍 
כל שניצל מכיל 86 קלוריות🫶🏼",YES
55,02/09/2023,חטיפי קראנץ׳ פיסטוק ממכרים,"חטיפי קראנץ׳ פיסטוק ממכרים!!
מה נצטרך? 
30 גרם פריכיות 
30 גרם מחית פיסטוק 
150 גרם שוקולד לבן 
30 גרם פיסטוקים קצוצים 
אופן הכנה: 
נשבור את הפריכיות לחתיכות קטנות 
נמיס את השוקולד הלבן ונוסיף לקערה 
נוסיף את הפיסטוקים הקצוצים והמחית פיסטוק נערבב היטב 
נהדק היטב לתבנית ונקפיא לפחות לשעה 
יצאו לי 10 חתיכות שכל חתיכה 128 קלוריות 🫶🏼",https://www.instagram.com/reel/CwsmK4xI130/,FOOD,חטיפי קראנץ׳ פיסטוק ממכרים,SWEET,חטיף,"מה נצטרך? 
30 גרם פריכיות 
30 גרם מחית פיסטוק 
150 גרם שוקולד לבן 
30 גרם פיסטוקים קצוצים","אופן הכנה: 
נשבור את הפריכיות לחתיכות קטנות 
נמיס את השוקולד הלבן ונוסיף לקערה 
נוסיף את הפיסטוקים הקצוצים והמחית פיסטוק נערבב היטב 
נהדק היטב לתבנית ונקפיא לפחות לשעה 
יצאו לי 10 חתיכות שכל חתיכה 128 קלוריות 🫶🏼",YES
56,05/09/2023,בראוניז דבש ,"מתכון לבראוניז דבש שמושלם לערב ראש השנה!!!
תשמרו את הסרטון כדי שתוכלו לחזור אליו לפני ערב החג 😍
מצרכים:
150 שוקולד מריר 
40 גרם חמאה/מרגרינה 
כפית קינמון 
3 ביצים 
25 גרם קמח 
120 דבש
חצי כוס תחליף סוכר 
קצת מלח 
אופן הכנה: 
אין 😂 
סתם הכי קל בעולם מערבבים את כל המצרכים בקערה אחרת וזהו 
נכניס לתנור שחומם מראש על 180 מעלות ל25-35 דקות (תלוי בתנור) 
ובתיאבון 🫶🏼💕
יצאו לי 16 חתיכות כל חתיכה 112 קלוריות",https://www.instagram.com/reel/Cw0Mib9I8oP/,FOOD,מתכון לבראוניז דבש שמושלם לערב ראש השנה,SWEET,בראוניז,"מצרכים:
150 שוקולד מריר 
40 גרם חמאה/מרגרינה 
כפית קינמון 
3 ביצים 
25 גרם קמח 
120 דבש
חצי כוס תחליף סוכר 
קצת מלח","אופן הכנה: 
אין 😂 
סתם הכי קל בעולם מערבבים את כל המצרכים בקערה אחרת וזהו 
נכניס לתנור שחומם מראש על 180 מעלות ל25-35 דקות (תלוי בתנור) 
ובתיאבון 🫶🏼💕
יצאו לי 16 חתיכות כל חתיכה 112 קלוריות",YES
57,08/09/2023,ארנציני פתיתים אפוי,"ארנציני פתיתים אפוייי
תייגו את החבר/ה שבחיטוב אבל מת/ה על מנות ראשונות במסעדות 😍
מה נצטרך?
250 גרם פתיתים 
ליטר מים 
100 מ״ל שמנת 9% 
4 פרוסות גבינה צהובה 9% 
10 גרם חמאה 
שום כתוש 
מלח 
אופן הכנה: 
נמיס את החמאה על המחבת 
נוסיף את השום 
נשפוך את הפתיתים ונערבב עד שכל הפתיתים עטופים בחמאה 
נוסיף בהדרגה כל פעם קצת מים ונערבב 
כל פעם שהמים מצטמצמים נוסיף עוד מים 
לאחר שהוספנו את כל המים נוסיף את החלב והגבינה הצהובה נערבב עד שכל הגבינה נמסה 
נשים במקרר לשעה 
נוציא נכדרר כדורים, נטבול בביצה ואז בפירורי לחם נסדר הכל על תבנית 
אני השפרצתי תרסיס שמן כדי שיצא יותר קראנצי 
נאפה על 180 מעלות 20 דקות ובאמצע האפייה נהפוך 
*זמני האפייה יכולים להשתנות בין תנור לתנור
יצאו לי 16 ארנציני כל אחד 107 קלוריות ✨",https://www.instagram.com/reel/Cw7MYUToEex/,FOOD,ארנציני פתיתים אפוייי,SAVORY,פתיתים,"מה נצטרך?
250 גרם פתיתים 
ליטר מים 
100 מ״ל שמנת 9% 
4 פרוסות גבינה צהובה 9% 
10 גרם חמאה 
שום כתוש 
מלח","אופן הכנה: 
נמיס את החמאה על המחבת 
נוסיף את השום 
נשפוך את הפתיתים ונערבב עד שכל הפתיתים עטופים בחמאה 
נוסיף בהדרגה כל פעם קצת מים ונערבב 
כל פעם שהמים מצטמצמים נוסיף עוד מים 
לאחר שהוספנו את כל המים נוסיף את החלב והגבינה הצהובה נערבב עד שכל הגבינה נמסה 
נשים במקרר לשעה 
נוציא נכדרר כדורים, נטבול בביצה ואז בפירורי לחם נסדר הכל על תבנית 
אני השפרצתי תרסיס שמן כדי שיצא יותר קראנצי 
נאפה על 180 מעלות 20 דקות ובאמצע האפייה נהפוך 
*זמני האפייה יכולים להשתנות בין תנור לתנור
יצאו לי 16 ארנציני כל אחד 107 קלוריות ✨",YES
58,11/09/2023,מאפינס שקדים בציפוי דבש,"מאפינס שקדים בציפוי דבש בלי טיפה אחת של שמן!!! 
קינוח קליל ומושלם לארוחת החג השבוע ❤️ 
מה נצטרך? 
ביצה 
40 גרם רסק תפוחים 
50 גרם תחליף סוכר 
50 גרם קמח לבן 
25 גרם קמח שקדים 
40 מ״ל תפוזים/מים
כפית אבקת אפייה
נערבב את כל המצרכים בקערה אחת
נאפה בתנור שחומם מראש על 180 מעלות לחצי שעה (נכניס קיסם למאפינס ונראה שהוא יוצא עם פירורים וככה נדע שזה מוכן) 
אני הוספתי לפני אפייה קצת שקדים מלמעלה ואחרי אפייה זילפתי דבש באווירת החג אבל גם מייפל ישתלב מעולה!! 
יצאו לי 6 מאפינס כל אחד 78 קלוריות לא כולל התוספות למעלה 🫶🏼",https://www.instagram.com/reel/CxDl1tHIMDH/,FOOD,מאפינס שקדים בציפוי דבש בלי טיפה אחת של שמן,SWEET,קינוח,"מה נצטרך?
ביצה
40 גרם רסק תפוחים
50 גרם תחליף סוכר
50 גרם קמח לבן
25 גרם קמח שקדים
40 מ״ל תפוזים/מים
כפית אבקת אפייה","נערבב את כל המצרכים בקערה אחת
נאפה בתנור שחומם מראש על 180 מעלות לחצי שעה (נכניס קיסם למאפינס ונראה שהוא יוצא עם פירורים וככה נדע שזה מוכן)
אני הוספתי לפני אפייה קצת שקדים מלמעלה ואחרי אפייה זילפתי דבש באווירת החג אבל גם מייפל ישתלב מעולה!!",YES
59,15/09/2023,עוגת תפוחים עם קינמון ,"אם אתם עוד לא סגורים איזו עוגה להכין לארוחת חג אז קבלו עוגת תפוחים עם קינמון ממכרתתתת 
מה נצטרך? 
2 תפוחים 
2 ביצים 
100 גרם תחליף סוכר/סוכר
רסק תפוחים/ 100 מ״ל שמן 
140 גרם קמח 
אבקת אפייה 
כפית קינמון
40 מ״ל מים רותחים (4 כפות) 
אופן הכנה: 
נקלף את התפוחים ונחתוך לקוביות
נקציף את הביצים עם התחליף סוכר 2 דקות עד שנקבל קצף תפוח 
נוסיף את שאר המרכיבים ואת התפוחים שחתכנו נשפוך לתבנית 
אני הוספתי למעלה עוד חתיכות תפוח לקישוט אבל לא חייב 
נאפה בתנור שחומם על 180 מעלות לחצי שעה- ארבעים דקות תלוי בתנור 
אני חתכתי את העוגה ל10 חתיכות כל חתיכה יצאה 85 קלוריות 🫶🏼",https://www.instagram.com/reel/CxNKkUuI5J3/,FOOD,עוגת תפוחים עם קינמון,SWEET,עוגה,"מה נצטרך? 
2 תפוחים 
2 ביצים 
100 גרם תחליף סוכר/סוכר
רסק תפוחים/ 100 מ״ל שמן 
140 גרם קמח 
אבקת אפייה 
כפית קינמון
40 מ״ל מים רותחים (4 כפות)","אופן הכנה: 
נקלף את התפוחים ונחתוך לקוביות
נקציף את הביצים עם התחליף סוכר 2 דקות עד שנקבל קצף תפוח 
נוסיף את שאר המרכיבים ואת התפוחים שחתכנו נשפוך לתבנית 
אני הוספתי למעלה עוד חתיכות תפוח לקישוט אבל לא חייב 
נאפה בתנור שחומם על 180 מעלות לחצי שעה- ארבעים דקות תלוי בתנור 
אני חתכתי את העוגה ל10 חתיכות כל חתיכה יצאה 85 קלוריות 🫶🏼",YES
61,19/09/2023,פתיתים רוזה ברוטב קוטג' ,"פתיתים רוזה ברוטב קוטג' - הכי קרמי והכי יאמי!

מתכון של רותם עדיני מנבחרת הבשלנים של @israeli_kitchen

💟 רוצים את המתכון? רשמו תגובה ורותם תשלח לכם בהודעה פרטית.
✅ אל תשכחו לשמור את הפוסט כדי שתוכלו לחזור אליו גם בהמשך.

מתכון @rotem_adini",https://www.instagram.com/reel/CxXi6k-qvvY/,FOOD,פתיתים רוזה ברוטב קוטג' - הכי קרמי והכי יאמי,SAVORY,פתיתים,,,NO
62,22/09/2023,מגולגלות סינבון,"וואי לא האמנתי שהשילוב בין 2 הדברים האלו יכול להיות כל כך טוב 
מצד אחד סינבון שבפני עצמו זה מאפה מטורף 
מצד שני מגולגלות פריכות שנמסות בפה אז דמיינו את השילוב של שניהם ביחד?!?!?! פסיכי באמת 🤤
העוגיות לא דלות בקלוריות כי הן מיועדות לצאת הצום ואחרי צום לא סופרים קלוריות 🤪
•רשמתי לכם המון דגשים במהלך המתכון פליז אל תדלגו על כלום !!
מצרכים:
לבצק פריך-
350 גרם קמח 
כפית אבקת אפייה
קורט מלח 
100 גרם אבקת סוכר 
150 גרם חמאה 
100 מ״ל חלב 
ביצה 
מלית-
150 גרם סוכר חום 
100 גרם חמאה רכה
2 כפות קינמון 

אופן הכנה: 
בצק- 
במעבד מזון נטחן את הקמח עם החמאה עד שנקבל תערובת פירורית 
נוסיף את שאר המצרכים ונטחן עד שהכל הופך לגוש בצק 
*שימו לב לא לטחון יותר מדי כדי שהבצק לא יאבד את הפריכות שלו, ברגע שמתקבלים כבר כמה גושים גדולים אפשר להמשיך ללוש ביד

נכניס את הבצק למקרר לשעה/שעה וחצי 
בזמן הזה נכין את המלית 
נערבב את כל המצרכים בקערה אחת עד שמתקבל כמו קרם 
(שימו לב החמאה צריכה להיות רכה אבל לא נמסה לחלוטין) 

אחרי שעה נוציא את הבצק מהמקרר ונרדד למלבן ישר 
נמרח את המלית ונגלל 3 גלגולים לא יותר (כמו בסרטון) 
נכניס את הרולדה למקפיא ל40 דקות 
ואז נכניס לתנור שחומם מראש על טורבו 170 מעלות ל20-25 דקות 
•זמן אפייה משתנה בין תנור לתנור 
•שימו לב שהעוגייה לא צריכה להזהיב ממש 
אחרי שמוציאים מהתנור מגיע השלב הכי קשה וזה להתאפק שעה עד שהרולדה תתקרר לפני שפורסים 🤣

אז אחרי שהצלחנו להתאפק שעה נפרוס את הרולדה לעוגיות 

שימו לב!!
*בגלל שהמלית סינבון עם חמאה אז העוגייה יוצאת ממש רכה וקצת מתפוררת (אני אישית מתה על זה) 
אם תשימו ממרח אחר כמו נוטלה אז העוגייה תצא יציבה יותר 

אם הכנתם אל תשכחו לשלוח לי תמונות ❤️✨",https://www.instagram.com/reel/CxfMq0KIq0N/,FOOD,וואי לא האמנתי שהשילוב בין 2 הדברים האלו יכול להיות כל כך טוב,SWEET,עוגיות,"מצרכים:
לבצק פריך-
350 גרם קמח 
כפית אבקת אפייה
קורט מלח 
100 גרם אבקת סוכר 
150 גרם חמאה 
100 מ״ל חלב 
ביצה 
מלית-
150 גרם סוכר חום 
100 גרם חמאה רכה
2 כפות קינמון","אופן הכנה: 
בצק- 
במעבד מזון נטחן את הקמח עם החמאה עד שנקבל תערובת פירורית 
נוסיף את שאר המצרכים ונטחן עד שהכל הופך לגוש בצק 
*שימו לב לא לטחון יותר מדי כדי שהבצק לא יאבד את הפריכות שלו, ברגע שמתקבלים כבר כמה גושים גדולים אפשר להמשיך ללוש ביד

נכניס את הבצק למקרר לשעה/שעה וחצי 
בזמן הזה נכין את המלית 
נערבב את כל המצרכים בקערה אחת עד שמתקבל כמו קרם 
(שימו לב החמאה צריכה להיות רכה אבל לא נמסה לחלוטין) 

אחרי שעה נוציא את הבצק מהמקרר ונרדד למלבן ישר 
נמרח את המלית ונגלל 3 גלגולים לא יותר (כמו בסרטון) 
נכניס את הרולדה למקפיא ל40 דקות 
ואז נכניס לתנור שחומם מראש על טורבו 170 מעלות ל20-25 דקות 
•זמן אפייה משתנה בין תנור לתנור 
•שימו לב שהעוגייה לא צריכה להזהיב ממש 
אחרי שמוציאים מהתנור מגיע השלב הכי קשה וזה להתאפק שעה עד שהרולדה תתקרר לפני שפורסים 🤣

אז אחרי שהצלחנו להתאפק שעה נפרוס את הרולדה לעוגיות 

שימו לב!!
*בגלל שהמלית סינבון עם חמאה אז העוגייה יוצאת ממש רכה וקצת מתפוררת (אני אישית מתה על זה) 
אם תשימו ממרח אחר כמו נוטלה אז העוגייה תצא יציבה יותר 

אם הכנתם אל תשכחו לשלוח לי תמונות ❤️✨",YES
63,29/09/2023,בוריקיטס ב40 קלוריות,"בוריקיטס ב40 קלוריות ליחידה 
ו3 גרם חלבון 😍
תשלחו את הסרטון לחבר שתמיד מתלבט מה להכין לארוחת ערב 🤔

אז מה נצטרך?
לבצק:
250 גרם גבינה לבנה 
300 גרם קמח 
כפית מלח 
כפית אבקת אפייה 
•חלמון להברשה על ה בוריקיטס 
•שומשום
למילוי:
2 חלבון 
140 גרם גבינה צהובה 9%
250 גרם בולגרית 5% 

אופן הכנה:
נערבב את כל חומרי הבצק ונלוש עד שנקבל בצק נוח לעבודה
•אפשר ללוש ביד 10 דקות או במיקסר 5 דקות אני העדפתי מיקסר 

למילוי- נערבב את כל חומרי המילוי בקערה
 נרדד את הבצק לעובי דק ונקרוץ עיגולים
נקח כל עיגול ונשים בו בערך כפית מהמילוי ונסגור כמו בסרטון 

נבריש את כל הבוריקיטסים בביצה ונפזר קצת שומשום (לא חובה שומשום) 

נאפה בתנור שחומם מראש על 180 עד שהם מזהיבים (בערך 15 דקות תלוי בתנור) 
*יצאו לי 47 יחידות 
ערכים לבוריקיטס:
41 קלוריות 
3 חלבון 
1 שומן 
5.3 פחמימה",https://www.instagram.com/reel/CxxMHYyIQa0/,FOOD,בוריקיטס ב40 קלוריות ליחידה,SAVORY,מאפה,"אז מה נצטרך?
לבצק:
250 גרם גבינה לבנה 
300 גרם קמח 
כפית מלח 
כפית אבקת אפייה 
•חלמון להברשה על ה בוריקיטס 
•שומשום
למילוי:
2 חלבון 
140 גרם גבינה צהובה 9%
250 גרם בולגרית 5%","אופן הכנה:
נערבב את כל חומרי הבצק ונלוש עד שנקבל בצק נוח לעבודה
•אפשר ללוש ביד 10 דקות או במיקסר 5 דקות אני העדפתי מיקסר 

למילוי- נערבב את כל חומרי המילוי בקערה
 נרדד את הבצק לעובי דק ונקרוץ עיגולים
נקח כל עיגול ונשים בו בערך כפית מהמילוי ונסגור כמו בסרטון 

נבריש את כל הבוריקיטסים בביצה ונפזר קצת שומשום (לא חובה שומשום) 

נאפה בתנור שחומם מראש על 180 עד שהם מזהיבים (בערך 15 דקות תלוי בתנור) 
*יצאו לי 47 יחידות 
ערכים לבוריקיטס:
41 קלוריות 
3 חלבון 
1 שומן 
5.3 פחמימה",YES
64,03/10/2023,סביח מדפי אורז,"סביח מדפי אורז!! ✨
רעיון קליל לארוחת ערב/צהריים/בוקר מה שתבחרו 😍

תייגו חבר שמכור לסביח 👇🤍 

•אופן ההכנה מוסבר ברילס 

המנה יוצאת באזור ה300 קלוריות תלוי כמה תשימו מכל דבר 🫶🏼",https://www.instagram.com/reel/Cx8IGr7o82o/,FOOD,סביח מדפי אורז,SAVORY,אורז,,,NO
65,06/10/2023,מאפינס תירס ,"מאפינס תירס נדיר ב5 דקות עבודה! 

אל תשכחו לעשות לייק אם אהבתם 😘

מה נצטרך? 
פחית שימורים תירס לייט 350 גרם
40 גרם קמח (4 כפות) 
3 ביצים 
קופסת גבינה לבנה 
2 פרוסות גבינה צהובה מגורדת 9%
50 גרם בולגרית 
כפית אבקת אפייה 
תבלינים לפי הטעם אני שמתי מלח פלפל אבקת שום ואורגנו

אופן הכנה:
נערבב את כל המצרכים בקערה אחת ונאפה בתנור שחומם מראש על 180 ל25-35 דקות תלוי בתנור 

יצאו לי 10 מאפינסים 
ערכים למאפינס:
 72 קלוריות 
5 חלבון 
3 שומן 
6 פחמימה

#דלקלוריות #תזונה #בריא",https://www.instagram.com/reel/CyDOmY-IPit/,FOOD,מאפינס תירס נדיר ב5 דקות עבודה,SWEET,מאפינס,"מה נצטרך? 
פחית שימורים תירס לייט 350 גרם
40 גרם קמח (4 כפות) 
3 ביצים 
קופסת גבינה לבנה 
2 פרוסות גבינה צהובה מגורדת 9%
50 גרם בולגרית 
כפית אבקת אפייה 
תבלינים לפי הטעם אני שמתי מלח פלפל אבקת שום ואורגנו","אופן הכנה:
נערבב את כל המצרכים בקערה אחת ונאפה בתנור שחומם מראש על 180 ל25-35 דקות תלוי בתנור 

יצאו לי 10 מאפינסים 
ערכים למאפינס:
 72 קלוריות 
5 חלבון 
3 שומן 
6 פחמימה

#דלקלוריות #תזונה #בריא",YES
67,27/10/2023,עוגיות אלפחורס ,"קבלו מתכון לעוגיות אלפחורס מטורפותתת 💥
הכנתי את העוגיות לחיילים אז לא ניסיתי להכין אותן דלות קלוריות במיוחד אבל בסוף יצאו להן ערכים מצויינים!!

129 קלוריות לעוגיית אלפחורס ✨

מצרכים:
200 גרם חמאה רכה 
3 חלמונים 
250 גרם קורנפלור 
200 גרם קמח 
100 גרם אבקת סוכר 
שקית אבקת אפייה
רבע כפית מלח 
כפית מחית וניל

למילוי:
350 גרם ריבת חלב (אני השתמשתי בלייט)

לציפוי:
35 גרם קוקוס טחון 

אופן הכנה:
במיקסר עם וו גיטרה נשים את החמאה הרכה ואת האבקת סוכר ונפעיל עד לקבלת קרם.
נוסיף את החלמונים והמחית וניל ונפעיל שוב לאיחוד 
נוסיף את כל היבשים ונערבב שוב לאיחוד 
נשים את הבצק במקרר ל20 דקות.
נוציא נרדד ונקרוץ עיגולים.

נאפה בתנור שחומם מראש ל170 מעלות טורבו 8-10 דקות 
שימו לב זה משתנה מתנור לתנור אני אפיתי על 8 דקות 
העוגיות לא אמורות להזהיב כל כך 

אחרי שהוצאנו מהתנור נחכה שהעוגיות יתקררו נמלא אותן בריבת חלב נצפה בקוקוס ובתיאבון ❤️❤️❤️

*סך הכל יצאו לי 70 עוגיות שזה 35 עוגיות אלפחורס 

**אני השתמשתי בריבת חלב לייט לי אישית היא ממש טעימה אבל אפשר כמובן גם רגילה 

***אני אוהבת שהעוגייה יוצאת עבה אם אתם אוהבים שהיא דקה אפשר לרדד יותר ואז יצאו לכם יותר עוגיות",https://www.instagram.com/reel/Cy5RiJXoNQ9/,FOOD,קבלו מתכון לעוגיות אלפחורס מטורפותתת,SWEET,עוגיות,"מצרכים:
200 גרם חמאה רכה 
3 חלמונים 
250 גרם קורנפלור 
200 גרם קמח 
100 גרם אבקת סוכר 
שקית אבקת אפייה
רבע כפית מלח 
כפית מחית וניל

למילוי:
350 גרם ריבת חלב (אני השתמשתי בלייט)

לציפוי:
35 גרם קוקוס טחון","אופן הכנה:
במיקסר עם וו גיטרה נשים את החמאה הרכה ואת האבקת סוכר ונפעיל עד לקבלת קרם.
נוסיף את החלמונים והמחית וניל ונפעיל שוב לאיחוד 
נוסיף את כל היבשים ונערבב שוב לאיחוד 
נשים את הבצק במקרר ל20 דקות.
נוציא נרדד ונקרוץ עיגולים.

נאפה בתנור שחומם מראש ל170 מעלות טורבו 8-10 דקות 
שימו לב זה משתנה מתנור לתנור אני אפיתי על 8 דקות 
העוגיות לא אמורות להזהיב כל כך 

אחרי שהוצאנו מהתנור נחכה שהעוגיות יתקררו נמלא אותן בריבת חלב נצפה בקוקוס ובתיאבון ❤️❤️❤️

*סך הכל יצאו לי 70 עוגיות שזה 35 עוגיות אלפחורס 

**אני השתמשתי בריבת חלב לייט לי אישית היא ממש טעימה אבל אפשר כמובן גם רגילה 

***אני אוהבת שהעוגייה יוצאת עבה אם אתם אוהבים שהיא דקה אפשר לרדד יותר ואז יצאו לכם יותר עוגיות",YES
68,31/10/2023,קציצות ברוקולי וקוטג׳ ,"קציצות ברוקולי וקוטג׳ עם ערכים נדיריםםםם 😍

מצרכים:
200 גרם ברוקולי 
30 גרם קמח 
40 גרם בולגרית 5%
100 גרם קוטג 5%
חצי בצל קצוץ
ביצה
חצי כפית אבקת אפייה
מלח פלפל לפי הטעם

אופן הכנה:
נרתיח את הברוקולי ל10 דקות 
אחרי שנוציא אותו נחכה שיתקרר ואז נקצוץ אותו
נוסיף לקערה את שאר המרכיבים ונערבב לאיחוד 
נכדרר 14 כדורים 
ונאפה בתנור שחומם מראש על טורבו 180 מעלות עד שמזהיב 

אני הגשתי את הקציצות עם לאבנה יצא שילוב ממש טעים 😍

ערכים לקציצה מתוך 14:
29 קלוריות 
1 שומן
3 פחמימה 
2.3 חלבון

#דלקלוריות #בריא",https://www.instagram.com/reel/CzEVgrloEOX/,FOOD,קציצות ברוקולי וקוטג׳ עם ערכים נדיריםםםם,SAVORY,קציצות,"מצרכים:
200 גרם ברוקולי 
30 גרם קמח 
40 גרם בולגרית 5%
100 גרם קוטג 5%
חצי בצל קצוץ
ביצה
חצי כפית אבקת אפייה
מלח פלפל לפי הטעם","אופן הכנה:
נרתיח את הברוקולי ל10 דקות 
אחרי שנוציא אותו נחכה שיתקרר ואז נקצוץ אותו
נוסיף לקערה את שאר המרכיבים ונערבב לאיחוד 
נכדרר 14 כדורים 
ונאפה בתנור שחומם מראש על טורבו 180 מעלות עד שמזהיב 

אני הגשתי את הקציצות עם לאבנה יצא שילוב ממש טעים 😍

ערכים לקציצה מתוך 14:
29 קלוריות 
1 שומן
3 פחמימה 
2.3 חלבון

#דלקלוריות #בריא",YES
69,03/11/2023,כדורי רפאלו,"כדורי רפאלו מ3 מרכיבים! 
מסוג המתכונים שאין מה לדובב אותם מרוב שהם ממכרים 🫠 

מה נצטרך: 
100 גרם שוקולד לבן 
30 גרם חלב 1%
50 גרם קוקוס 
8 גרם קוקוס לציפוי 
אופן הכנה: 
נמיס את השוקולד הלבן עם החלב בפולסים של 30 שניות במיקרו 
נוסיף את הקוקוס נאחד ונשים במקרר לשעה 
אחרי שעה ניצור מהבלילה 10 כדורים נצפה אותם בקוקוס ובתיאבוןןןן ❤️ 

כל כדור מכיל 96 קלוריות של אושר 😊",https://www.instagram.com/reel/CzLZ9WloVlV/,FOOD,כדורי רפאלו מ3 מרכיבים,SWEET,כדורי אנרגיה/ממתק,"מה נצטרך: 
100 גרם שוקולד לבן 
30 גרם חלב 1%
50 גרם קוקוס 
8 גרם קוקוס לציפוי","אופן הכנה: 
נמיס את השוקולד הלבן עם החלב בפולסים של 30 שניות במיקרו 
נוסיף את הקוקוס נאחד ונשים במקרר לשעה 
אחרי שעה ניצור מהבלילה 10 כדורים נצפה אותם בקוקוס ובתיאבוןןןן ❤️ 

כל כדור מכיל 96 קלוריות של אושר 😊",YES
70,05/11/2023,מגולגלות אמסטרדם,"מגולגלות אמסטרדםםםם 😍
תקשיבו זאת בין העוגיות הטעימות שהכנתי 
כל מי שמכין עוגיות לחיילים אין חייל שלא יברך אותכם על העוגיות האלו 

אז מה תצטרכו לשלמות הזאת:
לבצק:
130 גרם קמח 
30 גרם קקאו 
60 גרם אבקת סוכר
80 גרם חמאה 
חלמון 
קורט מלח 

למלית שוקולד לבן:
150 גרם שוקולד לבן 
20 גרם חמאה 
10 גרם שקדים טחונים 

אופן הכנה מלית שוקולד לבן:
נמיס את השוקולד והחמאה במיקרו בפולסים של 30 שניות 
אחרי שהכל נמס נוסיף את השקדים טחונים ונערבב למרקם אחיד

אופן הכנת הבצק:
אפשר במיקסר עם וו גיטרה או במעבד מזון 
אני השתמשתי במעבד מזון 

נשים במעבד מזון את כל היבשים והחמאה ונטחן עד שיוצא מרקם של חול 
ממש פירורים פירורים בלי גושי חמאה בכלל 
אחר כך נוסיף את החלמון ונמשיך לערבב עד שנקבל בצק 

אפשר לשים את הבצק במקרר אבל לא חובה 

מרדדים את הבצק למלבן 
(יש בהייליט טיפים איך לרדד בצק למגולגלות בלי לקבל שאריות בצק) 

אחרי שרידדנו למלבן מומלץ לשים במקפיא לעשר דקות 

אחרי שיש לנו מלבן נמרח את הממרח שוקולד שהכנו ונגלגל בעזרת הנייר אפייה
(יש בהייליט טיפים איך לגלגל רולדה בצורה נוחה) 

•שימו לב אם תכינו את הממרח שוקולד הרבה לפני שתמרחו אותו על הבצק יכול להיות שהוא טיפה יתקשה בגלל החמאה אז פשוט תערבבו אותו והוא יהיה מעולה
נכניס את הרולדה למקפיא ל40 דקות 
(זה כדי למנוע סדקים בבצק) 

נאפה את הרולדה בתנור שחומם מראש על 170 מעלות טורבו ל20 דקות 

אחרי שנוציא את הרולדה מהתנור מגיע החלק הכי קשה וזה לחכות שהיא תתקרר לפני שפורסים 
מחכים שהרולדה תהיה קרה ואז נחתוך לעוגיות 

בתיאבון ❤️❤️❤️

לי יצאו 20 עוגיות וכל עוגייה 127 קלוריות ✨",https://www.instagram.com/reel/CzRUvXgo_Mq/,FOOD,מגולגלות אמסטרדםםםם,SWEET,עוגיות,"מה תצטרכו לשלמות הזאת:
לבצק:
130 גרם קמח 
30 גרם קקאו 
60 גרם אבקת סוכר
80 גרם חמאה 
חלמון 
קורט מלח 

למלית שוקולד לבן:
150 גרם שוקולד לבן 
20 גרם חמאה 
10 גרם שקדים טחונים","אופן הכנה מלית שוקולד לבן:
נמיס את השוקולד והחמאה במיקרו בפולסים של 30 שניות 
אחרי שהכל נמס נוסיף את השקדים טחונים ונערבב למרקם אחיד

אופן הכנת הבצק:
אפשר במיקסר עם וו גיטרה או במעבד מזון 
אני השתמשתי במעבד מזון 

נשים במעבד מזון את כל היבשים והחמאה ונטחן עד שיוצא מרקם של חול 
ממש פירורים פירורים בלי גושי חמאה בכלל 
אחר כך נוסיף את החלמון ונמשיך לערבב עד שנקבל בצק 

אפשר לשים את הבצק במקרר אבל לא חובה 

מרדדים את הבצק למלבן 
(יש בהייליט טיפים איך לרדד בצק למגולגלות בלי לקבל שאריות בצק) 

אחרי שרידדנו למלבן מומלץ לשים במקפיא לעשר דקות 

אחרי שיש לנו מלבן נמרח את הממרח שוקולד שהכנו ונגלגל בעזרת הנייר אפייה
(יש בהייליט טיפים איך לגלגל רולדה בצורה נוחה) 

•שימו לב אם תכינו את הממרח שוקולד הרבה לפני שתמרחו אותו על הבצק יכול להיות שהוא טיפה יתקשה בגלל החמאה אז פשוט תערבבו אותו והוא יהיה מעולה
נכניס את הרולדה למקפיא ל40 דקות 
(זה כדי למנוע סדקים בבצק) 

נאפה את הרולדה בתנור שחומם מראש על 170 מעלות טורבו ל20 דקות 

אחרי שנוציא את הרולדה מהתנור מגיע החלק הכי קשה וזה לחכות שהיא תתקרר לפני שפורסים 
מחכים שהרולדה תהיה קרה ואז נחתוך לעוגיות 

בתיאבון ❤️❤️❤️

לי יצאו 20 עוגיות וכל עוגייה 127 קלוריות ✨",YES
71,08/11/2023,הפיצה של ישי פיטוסי,"הפיצה של ישי פיטוסי 
ישי היה חייל בגדוד 13 של גולני. נפל בקרב בנחל עוז בשבת השחורה של מלחמת חרבות ברזל, ישי נולד בגוש קטיף לפני 21 שנים, ופונה מביתו בתור ילד. הוא נלחם עד הכדור האחרון קרוב לבית שכל כך אהב. 
ישי היה ילד מיוחד, בהיר שיער וכחול עיניים, עם חיוך גדול שתמיד נמצא על פניו. ידע לאהוב כל אדם באשר הוא, והיה לו חשוב תמיד שהסביבה שלו תהיה תמיד מאוחדת ושמחה.
יהי זכרו ברוך 

@matkonzikaron 
מצרכים:
בצק:
1 קג קמח
2 כפות שמרים
3 כפות סוכר
1 כף מלח
שלוש וחצי כוסות מים פושרים/חמימים
1/2 כוס שמן.

רוטב לפיצה: 
עגבניות מרוסקות
אורגנו
3 שיני שום
מלח
פלפל
2 כפות שמן זית
בזיליקום
רסק עגבניות 
אופן הכנה:
בקערת מיקסר שמים את כל היבשים, לאחר מכן מוסיפים את המים ומתחילים ללוש, נוסיף את השמן לאחר 2 דקות לישה ואת המלח אחרי 8 דקות.
לאחר 10 דקות של לישה שמים בצד להתפחה עד שהבצק מכפיל את עצמו 
אופן הכנת הרוטב:
בסיר נטגן את השמן זית עם השום כתוש 
נוסיף את העגבניות מרוסקות את הבזיליקום הקצוץ ושאר התבלינים.
נבשל כמה דקות עד שמתקבל הרוטב 
(אפשר גם להוסיף רסק עגבניות כדי לקבל רוטב סמיך יותר) 
פותחים את הפיצה ושמים עליה תוספות שאוהבים
נאפה בתנור שחומם מראש על טורבו 200 מעלות ל15 דקות 
יודעים שהפיצה מוכנה כשהתחתית של הפיצה משחימה 
מומלץ פעם בכמה דקות לבדוק כי זה משתנה בין תנור לתנור",https://www.instagram.com/reel/CzZDtmeIJfA/,FOOD,הפיצה של ישי פיטוסי,SAVORY,פיצה,"מצרכים:
בצק:
1 קג קמח
2 כפות שמרים
3 כפות סוכר
1 כף מלח
שלוש וחצי כוסות מים פושרים/חמימים
1/2 כוס שמן.

רוטב לפיצה: 
עגבניות מרוסקות
אורגנו
3 שיני שום
מלח
פלפל
2 כפות שמן זית
בזיליקום
רסק עגבניות","אופן הכנה:
בקערת מיקסר שמים את כל היבשים, לאחר מכן מוסיפים את המים ומתחילים ללוש, נוסיף את השמן לאחר 2 דקות לישה ואת המלח אחרי 8 דקות.
לאחר 10 דקות של לישה שמים בצד להתפחה עד שהבצק מכפיל את עצמו 
אופן הכנת הרוטב:
בסיר נטגן את השמן זית עם השום כתוש 
נוסיף את העגבניות מרוסקות את הבזיליקום הקצוץ ושאר התבלינים.
נבשל כמה דקות עד שמתקבל הרוטב 
(אפשר גם להוסיף רסק עגבניות כדי לקבל רוטב סמיך יותר) 
פותחים את הפיצה ושמים עליה תוספות שאוהבים
נאפה בתנור שחומם מראש על טורבו 200 מעלות ל15 דקות 
יודעים שהפיצה מוכנה כשהתחתית של הפיצה משחימה 
מומלץ פעם בכמה דקות לבדוק כי זה משתנה בין תנור לתנור",YES
72,10/11/2023,עוגת שמרים דאבל שוקולד,"עוגת שמרים דאבל שוקולד 😍 
שכבת ממרח קקאו & שכבת נוטלה 

העוגת שמרים הכי טעימה שהכנתי ואכלתי ותאמינו לי שאכלתי לא מעט 🫣 

רושמת לכם במפורט את כל השלבים להכנה:
מתכון ל2 רולדות- 

מצרכים: 
לבצק- 
500 גרם קמח לחם 
10 גרם שמרים יבשים 
100 גרם סוכר 
ביצה 
100 גרם חמאה קרה חתוכה לקוביות 
200 גרם שמנת חמוצה 
50 גרם חלב 
5 גרם (כפית) מלח 

מילוי- 
200 גרם סוכר 
100 גרם קקאו 
100 גרם חמאה 
200 גרם שוקולד מריר 

לנוטלה- 
צנצנת קטנה של נוטלה 350 גרם 

למי סוכר- 
40 גרם סוכר 
40 גרם מים רותחים 

אופן הכנת הבצק: 
בקערת מיקסר נשים קמח שמרים וסוכר ונערבב דקה (אפשר גם לערבב עם כף) 
אחר כך נוסיף את הביצה, השמנת והחלב 
ונלוש 5 דקות 
אחרי שנראה שהבצק מתאחד נוסיף בהדרגה את החמאה 
(נחתוך את החמאה לקוביות קטנות וכל כמה שניות נוסיף קוביית חמאה) 

אחרי שכל החמאה נטמעה בבצק (בין 4-5 דקות) 
נוסיף את המלח ונלוש עוד 3 דקות. 
שימו לב- 
זמן הלישה משתנה בין מיקסר למיקסר כי לפעמים יש מיקסרים פחות חזקים 

3 דקות אחרי שהוספתם את המלח כדי לבדוק אם הבצק סיים את הלישה תבדקו האם יש בבצק רשת גלוטן (בהייליט טיפים אצלי בעמוד אני מראה איך בודקים)

אם אתם לא בטוחים עדיף ללוש את הבצק עוד קצת. 

אחרי שהבצק סיים את הלישה שלו נניח אותו בקערה משומנת. 
עכשיו יש 2 אופציות 
אופציה 1- לשים את הבצק בהתפחה של לילה במקרר ואז למחרת שעה לפני שרוצים לעבוד איתו להוציא אותו לטמפרטורת החדר ורק אז לעבוד איתו 
זאת האופציה העדיפה כי ככה הבצק תופח יותר טוב ויותר נוח לעבוד איתו 
אופציה 2- 
אם אין לכם זמן להתפחת לילה תתפיחו בחוץ שעה- שעה וחצי עד שהבצק מכפיל את עצמו 

בנתיים נכין את המילוי- 
נמיס במיקרו את השוקולד המריר ואת החמאה בפולסים של חצי דקה 
אחרי שהכל נמס נוסיף את הקקאו (עדיף לנפות אותו) ואת הסוכר ונערבב לאיחוד 

המשך בתגובות 🫶🏼",https://www.instagram.com/reel/CzdY6LiIN3y/,FOOD,עוגת שמרים דאבל שוקולד,SWEET,עוגת שמרים,,"הכנה:
מתכון ל2 רולדות- 

מצרכים: 
לבצק- 
500 גרם קמח לחם 
10 גרם שמרים יבשים 
100 גרם סוכר 
ביצה 
100 גרם חמאה קרה חתוכה לקוביות 
200 גרם שמנת חמוצה 
50 גרם חלב 
5 גרם (כפית) מלח 

מילוי- 
200 גרם סוכר 
100 גרם קקאו 
100 גרם חמאה 
200 גרם שוקולד מריר 

לנוטלה- 
צנצנת קטנה של נוטלה 350 גרם 

למי סוכר- 
40 גרם סוכר 
40 גרם מים רותחים 

אופן הכנת הבצק: 
בקערת מיקסר נשים קמח שמרים וסוכר ונערבב דקה (אפשר גם לערבב עם כף) 
אחר כך נוסיף את הביצה, השמנת והחלב 
ונלוש 5 דקות 
אחרי שנראה שהבצק מתאחד נוסיף בהדרגה את החמאה 
(נחתוך את החמאה לקוביות קטנות וכל כמה שניות נוסיף קוביית חמאה) 

אחרי שכל החמאה נטמעה בבצק (בין 4-5 דקות) 
נוסיף את המלח ונלוש עוד 3 דקות. 
שימו לב- 
זמן הלישה משתנה בין מיקסר למיקסר כי לפעמים יש מיקסרים פחות חזקים 

3 דקות אחרי שהוספתם את המלח כדי לבדוק אם הבצק סיים את הלישה תבדקו האם יש בבצק רשת גלוטן (בהייליט טיפים אצלי בעמוד אני מראה איך בודקים)

אם אתם לא בטוחים עדיף ללוש את הבצק עוד קצת. 

אחרי שהבצק סיים את הלישה שלו נניח אותו בקערה משומנת. 
עכשיו יש 2 אופציות 
אופציה 1- לשים את הבצק בהתפחה של לילה במקרר ואז למחרת שעה לפני שרוצים לעבוד איתו להוציא אותו לטמפרטורת החדר ורק אז לעבוד איתו 
זאת האופציה העדיפה כי ככה הבצק תופח יותר טוב ויותר נוח לעבוד איתו 
אופציה 2- 
אם אין לכם זמן להתפחת לילה תתפיחו בחוץ שעה- שעה וחצי עד שהבצק מכפיל את עצמו 

בנתיים נכין את המילוי- 
נמיס במיקרו את השוקולד המריר ואת החמאה בפולסים של חצי דקה 
אחרי שהכל נמס נוסיף את הקקאו (עדיף לנפות אותו) ואת הסוכר ונערבב לאיחוד 

המשך בתגובות 🫶🏼",YES
73,12/11/2023,לחם שום מבצק גבינה שמכינים על מחבת,"לחם שום מבצק גבינה שמכינים על מחבת 
קליל טעים וממכר 😍 
ועם 9 גרם חלבוןןןן 

מצרכים לבצק: 
300 גרם קמח 
250 גרם גבינה לבנה 3% (אפשר כל אחוז) 
כפית מלח 
כפית אבקת אפייה 
3-4 שיני שום כתוש 
פטרוזיליה/כוסברה קצוצה 

לממרח שום למעלה: 
10 גרם חמאה 
3-4 שיני שום כתוש 
פטרוזיליה/כוסברה קצוצה 

אופן הכנת הממרח שום: 
נמיס את החמאה ונערבב עם השום והפטרוזיליה הקצוצה 

אופן הכנת הבצק:
נשים את כל מצרכי הבצק בקערה ונלוש לאיחוד בערך 10 דקות 
אפשרי במקום ללוש לשים בקערת המיקסר 5-6 דקות 

נחלק את הבצק ל6 חתיכות שוות 
נרדד כל חתיכה לעיגול 
נטגן על מחבת חמה בערך דקה עד שהלמטה מזהיב 
נהפוך את הלחם ונטגן את הצד השני 
נמרח על החלק העליון את הממרח שום שהכנו 

נוציא מהמחבת וזהו מוכן ❤️❤️ 

ערכים ליחידה אחת מתוך 6: 
230 קלוריות 
9.4 חלבון 
40 פחמימה 
3.2 שומן",https://www.instagram.com/reel/CzjXln-oFOf/,FOOD,לחם שום מבצק גבינה שמכינים על מחבת,SAVORY,לחם/מאפה,"מצרכים לבצק: 
300 גרם קמח 
250 גרם גבינה לבנה 3% (אפשר כל אחוז) 
כפית מלח 
כפית אבקת אפייה 
3-4 שיני שום כתוש 
פטרוזיליה/כוסברה קצוצה 

לממרח שום למעלה: 
10 גרם חמאה 
3-4 שיני שום כתוש 
פטרוזיליה/כוסברה קצוצה","אופן הכנת הממרח שום: 
נמיס את החמאה ונערבב עם השום והפטרוזיליה הקצוצה 

אופן הכנת הבצק:
נשים את כל מצרכי הבצק בקערה ונלוש לאיחוד בערך 10 דקות 
אפשרי במקום ללוש לשים בקערת המיקסר 5-6 דקות 

נחלק את הבצק ל6 חתיכות שוות 
נרדד כל חתיכה לעיגול 
נטגן על מחבת חמה בערך דקה עד שהלמטה מזהיב 
נהפוך את הלחם ונטגן את הצד השני 
נמרח על החלק העליון את הממרח שום שהכנו 

נוציא מהמחבת וזהו מוכן ❤️❤️ 

ערכים ליחידה אחת מתוך 6: 
230 קלוריות 
9.4 חלבון 
40 פחמימה 
3.2 שומן",YES
74,15/11/2023,סופגניות אפויות,"סופגניות אפויות 😍 
תקשיבו אני מכירה את הסטיגמה על סופגניות אפויות שזה בעצם לחמניות עם מילוי 
אז תשמעו לי זה ממש לא הדיבור פה!!! 
יוצאות כאן סופגניות רכות בטירוף וטעימות כל כך והבונוס???? אין ריח של טיגון בכל הבית וצרבת אחר כך 
אז מה צריך? 

מצרכים:
500 גרם קמח לחם 
10 גרם שמרים 
100 גרם סוכר לבן 
2 ביצים 
40 חמאה 
220 חלב
כפית מלח 
20 גרם חמאה מומסת 

אופן הכנה: 
בקערת מיקסר נשים את כל המצרכים חוץ מהמלח נלוש 8 דקות ואז נוסיף את המלח לעוד 2-3 דקות לישה 
הבצק יוצא קצת דביק וזה בסדר 
בעזרת לקקן נעביר את הבצק לקערה משומנת להתפחה 
עכשיו יש 2 אופציות 
אופציה 1- התפחת לילה במקרר 
בעייני אופציה עדיפה 
אופציה 2- להתפיח בחוץ עד שהבצק מכפיל את עצמו 
אמור לקחת בערך שעה אבל בגלל שחורף לוקח יותר זמן 
אפשרי לחמם תנור ל50 מעלות ואז לכבות ולשים את הבצק בתנור הכבוי 

אחרי שהבצק תפח נחלק לכדורים של 45-50 גרם כל כדור 
שימו לב הבצק קצת דביק אז לעבוד עם ידיים רטובות/ משומנות ולא צריך הרבה שמן ממש טיפה 
(העלתי להייליט איך לכדרר את הכדור בצורה הכי טובה) 
נתפיח עוד 40 דקות- שעה עד שהכדורים תופחים 
נאפה בתנור שחומם מראש על 170 מעלות טורבו ל10-12 דקות 
עד שהן מזהיבות 
איך שהן יוצאות מהתנור נמרח עליהן קצת חמאה 
נחכה 10 דקות נעשה בכל סופגנייה חור נפזר אבקת סוכר ונשים מילוי לבחירתנו ❤️❤️❤️

יוצאות 19 סופגניות כל סופגנייה 154 קלוריות לא כולל המילוי 🫶🏼🫶🏼🫶🏼",https://www.instagram.com/reel/CzrCgV2I_im/,FOOD,סופגניות אפויות,SWEET,סופגניות,"אז מה צריך? 

מצרכים:
500 גרם קמח לחם 
10 גרם שמרים 
100 גרם סוכר לבן 
2 ביצים 
40 חמאה 
220 חלב
כפית מלח 
20 גרם חמאה מומסת","אופן הכנה: 
בקערת מיקסר נשים את כל המצרכים חוץ מהמלח נלוש 8 דקות ואז נוסיף את המלח לעוד 2-3 דקות לישה 
הבצק יוצא קצת דביק וזה בסדר 
בעזרת לקקן נעביר את הבצק לקערה משומנת להתפחה 
עכשיו יש 2 אופציות 
אופציה 1- התפחת לילה במקרר 
בעייני אופציה עדיפה 
אופציה 2- להתפיח בחוץ עד שהבצק מכפיל את עצמו 
אמור לקחת בערך שעה אבל בגלל שחורף לוקח יותר זמן 
אפשרי לחמם תנור ל50 מעלות ואז לכבות ולשים את הבצק בתנור הכבוי 

אחרי שהבצק תפח נחלק לכדורים של 45-50 גרם כל כדור 
שימו לב הבצק קצת דביק אז לעבוד עם ידיים רטובות/ משומנות ולא צריך הרבה שמן ממש טיפה 
(העלתי להייליט איך לכדרר את הכדור בצורה הכי טובה) 
נתפיח עוד 40 דקות- שעה עד שהכדורים תופחים 
נאפה בתנור שחומם מראש על 170 מעלות טורבו ל10-12 דקות 
עד שהן מזהיבות 
איך שהן יוצאות מהתנור נמרח עליהן קצת חמאה 
נחכה 10 דקות נעשה בכל סופגנייה חור נפזר אבקת סוכר ונשים מילוי לבחירתנו ❤️❤️❤️

יוצאות 19 סופגניות כל סופגנייה 154 קלוריות לא כולל המילוי 🫶🏼🫶🏼🫶🏼",YES
75,17/11/2023,נשנושי גבינה וזיתים,"נשנושי גבינה וזיתים 🤩
פתרון מהמם לארוחת ערב כשרוצים לגוון קצת או אם מארחים לארוחת ערב זה מוסיף ממש גיוון לשולחן 

מה צריך? 
100 גרם קמח 
כפית אבקת אפייה
קופסה גבינה לבנה 3% 250 גרם 
40 גרם זיתים קצוצים 
2 פרוסות גבינה צהובה 9% מגורדת 
ביצה 
כפית בזיליקום קצוץ
אורגנו 
מלח פלפל לפי הטעם 

אופן הכנה: 
מערבבים את כל המצרכים בקערה אחת 
ובעזרת כפית מחלקים לכדורים (כל כדור יוצא בערך 10 גרם) 

נאפה בתנור שחומם מראש טורבו 170 מעלות עד שמזהיב פלוס מינוס 10 דקות תלוי בתנור 

וזהו מוכן!!! 
בתיאבון❤️❤️ 

 יצאו לי 51 יחידות כשכל יחידה 16 קלוריות ו1.1 גרם חלבון 

תרשמו לי אם אהבתם 😚❤️❤️❤️ 

#דלקלוריות #חלבון",https://www.instagram.com/reel/CzvfR9fIcaC/,FOOD,נשנושי גבינה וזיתים,SAVORY,חטיף/נשנוש,"מה צריך? 
100 גרם קמח 
כפית אבקת אפייה
קופסה גבינה לבנה 3% 250 גרם 
40 גרם זיתים קצוצים 
2 פרוסות גבינה צהובה 9% מגורדת 
ביצה 
כפית בזיליקום קצוץ
אורגנו 
מלח פלפל לפי הטעם","אופן הכנה: 
מערבבים את כל המצרכים בקערה אחת 
ובעזרת כפית מחלקים לכדורים (כל כדור יוצא בערך 10 גרם) 

נאפה בתנור שחומם מראש טורבו 170 מעלות עד שמזהיב פלוס מינוס 10 דקות תלוי בתנור 

וזהו מוכן!!! 
בתיאבון❤️❤️ 

 יצאו לי 51 יחידות כשכל יחידה 16 קלוריות ו1.1 גרם חלבון 

תרשמו לי אם אהבתם 😚❤️❤️❤️ 

#דלקלוריות #חלבון",YES
76,20/11/2023,פסטה פסטו,"פסטה פסטו דלה בקלוריות שמכינים בסיר אחד!!! 
תקשיבו מאז ששיניתי את התזונה שלי והתחלתי להקפיד על מופחת שומן אני לא מצליחה לאכול את הפסטות במסעדות כי הן כבדות מהשמנת והחמאה אז הכנתי עכשיו פסטה ברוטב פסטו עם שמנת 9% ושמעו זה נדיר 😎
 
מה נצטרך? 
500 גרם פסטה 
10 גרם חמאה 
כפית שום כתוש 
מים חמים 
קופסת שמנת 9% 
מלח פלפל לפי הטעם 
2-3 כפות פסטו

אופן הכנה:
בסיר נמיס חמאה עם שום 
נשפוך את הפסטה לסיר ונערבב עד שכל הפסטה עטופה בחמאה 
נשים מים חמים עד לכיסוי ונחכה 3-4 דקות עד שהמים רותחים וקצת מצטמצמים ואז נוסיף את השמנת ואת הפסטו 
נערבב טוב טוב ונבשל עוד כמה דקות עד שאין כבר מים וכל הפסטה עטופה ברוטב 
נגיש לצלחת נפזר קצת פרמז׳ן ובזיליקום וזהו מוכן ❤️❤️❤️ 

•את המתכון לפסטו העלתי לכם לפני כמה חודשים ונמצא יחסית בתחילת העמוד אפשר כמובן להשתמש גם בפסטו קנוי 🫶🏼",https://www.instagram.com/reel/Cz35xQvImm_/,FOOD,פסטה פסטו דלה בקלוריות שמכינים בסיר אחד,SAVORY,פסטה,"מה נצטרך? 
500 גרם פסטה 
10 גרם חמאה 
כפית שום כתוש 
מים חמים 
קופסת שמנת 9% 
מלח פלפל לפי הטעם 
2-3 כפות פסטו","אופן הכנה:
בסיר נמיס חמאה עם שום 
נשפוך את הפסטה לסיר ונערבב עד שכל הפסטה עטופה בחמאה 
נשים מים חמים עד לכיסוי ונחכה 3-4 דקות עד שהמים רותחים וקצת מצטמצמים ואז נוסיף את השמנת ואת הפסטו 
נערבב טוב טוב ונבשל עוד כמה דקות עד שאין כבר מים וכל הפסטה עטופה ברוטב 
נגיש לצלחת נפזר קצת פרמז׳ן ובזיליקום וזהו מוכן ❤️❤️❤️ 

•את המתכון לפסטו העלתי לכם לפני כמה חודשים ונמצא יחסית בתחילת העמוד אפשר כמובן להשתמש גם בפסטו קנוי 🫶🏼",YES
77,22/11/2023,בראוניז שוקולד קפה ופקאנים,"בראוניז שוקולד קפה ופקאנים 
שילוב מנצח!! 

מצרכים:
2 ביצים
150 שוקולד מריר 
45 גרם חמאה 
15 גרם קקאו 
100 גרם תחליף סוכר/סוכר 
60 גרם פקאנים קצוצים
שוט אספרסו 
אופן הכנה:
נערבב את כל המצרכים בקערה אחת 
נעביר לתבנית משומנת ונאפה על תנור שחומם מראש על 180 מעלות ל20-25 דקות 
נכניס למקרר ללילה 
אחרי לילה במקרר נחתוך ל16 חתיכות ובתאבון❤️❤️❤️ 

כל חתיכה מכילה 114 קלוריות ✨

@espressoclub",https://www.instagram.com/reel/Cz9FfNgoXTr/,FOOD,בראוניז שוקולד קפה ופקאנים,SWEET,בראוניז,"מצרכים:
2 ביצים
150 שוקולד מריר 
45 גרם חמאה 
15 גרם קקאו 
100 גרם תחליף סוכר/סוכר 
60 גרם פקאנים קצוצים
שוט אספרסו","אופן הכנה:
נערבב את כל המצרכים בקערה אחת 
נעביר לתבנית משומנת ונאפה על תנור שחומם מראש על 180 מעלות ל20-25 דקות 
נכניס למקרר ללילה 
אחרי לילה במקרר נחתוך ל16 חתיכות ובתאבון❤️❤️❤️ 

כל חתיכה מכילה 114 קלוריות ✨

@espressoclub",YES
78,24/11/2023,חלת שקדים,"חלת שקדים 😍 
אני יודעת שבשבועות האחרונים הרבה עושים הפרשת חלה ומחפשים עוד רעיונות מה לעשות עם הבצק אז זאת אופציה מעולה 🫶🏼🫶🏼 

מה נצטרך? 
לבצק חלה-

2 ק״ג קמח (עדיף קמח לחם) 
900 גרם מים 
25 גרם שמרים יבשים (2.5 כפות) 
28 גרם מלח(3 כפות)
180 גרם שמן 
180 גרם סוכר 
4 ביצים 

(כמה רילס עם אחורה יש רילס של אופן הכנת החלה+אופן הפרשת חלה) 

למילוי שקדים:
160 גרם שקדים טחונים 
130 גרם אבקת סוכר 
70 גרם חמאה רכה 
ביצה 

אופן הכנה המילוי- 
נערבב את כל החומרים של המילוי ונעביר לשקית זילוף 

מהבצק נקח 4 חתיכות שכל חתיכה שוקלת 150 גרם ונרדד את החתיכה לרצועה.
בעזרת השקית זילוף נזלף בכל רצועה פס מהממרח ונגלגל את הרצועה כמו בסרטון 
נחזור על הפעולה בשלושת הרצועות הנוספות
נקלע את החלה מארבע רצועות.
נתפיח 40 דקות את החלה 
ואז נבריש ביצה ונפזר שקדים פרוסים 
נאפה בתנור שחומם מראש על 170 מעלות טורבו ל25-30 דקות (תלוי בתנור) 
נוציא מהתנור ונחכה קצת שיתקרר 
(אם נפרוס ישר כל האדים יצאו והחלה תתייבש) 
אפשר לפזר אבקת סוכר 
וזהו מוכן!!! ❤️❤️

מחכה לשמוע איך יצא 😍 

#חלה #חלתשקדים #הפרשת חלה",https://www.instagram.com/reel/C0BZoJXoVz1/,FOOD,חלת שקדים,SWEET,לחם/מאפה,"מה נצטרך? 
לבצק חלה-

2 ק״ג קמח (עדיף קמח לחם) 
900 גרם מים 
25 גרם שמרים יבשים (2.5 כפות) 
28 גרם מלח(3 כפות)
180 גרם שמן 
180 גרם סוכר 
4 ביצים 

(כמה רילס עם אחורה יש רילס של","אופן הכנת החלה+אופן הפרשת חלה) 

למילוי שקדים:
160 גרם שקדים טחונים 
130 גרם אבקת סוכר 
70 גרם חמאה רכה 
ביצה 

אופן הכנה המילוי- 
נערבב את כל החומרים של המילוי ונעביר לשקית זילוף 

מהבצק נקח 4 חתיכות שכל חתיכה שוקלת 150 גרם ונרדד את החתיכה לרצועה.
בעזרת השקית זילוף נזלף בכל רצועה פס מהממרח ונגלגל את הרצועה כמו בסרטון 
נחזור על הפעולה בשלושת הרצועות הנוספות
נקלע את החלה מארבע רצועות.
נתפיח 40 דקות את החלה 
ואז נבריש ביצה ונפזר שקדים פרוסים 
נאפה בתנור שחומם מראש על 170 מעלות טורבו ל25-30 דקות (תלוי בתנור) 
נוציא מהתנור ונחכה קצת שיתקרר 
(אם נפרוס ישר כל האדים יצאו והחלה תתייבש) 
אפשר לפזר אבקת סוכר 
וזהו מוכן!!! ❤️❤️

מחכה לשמוע איך יצא 😍 

#חלה #חלתשקדים #הפרשת חלה",YES
79,26/11/2023,קציצות עוף אפויות,"קציצות עוף אפויות !!! 
תקשיבו הקציצות האלו יוצאות רכות בטירוף ובאמת בלי לשים לב לא הפסקתי לנשנש אותן מהתבנית 

מה נצטרך? 
500 גרם עוף טחון 
בצל בינוני
ביצה
תפוח אדמה בינוני
קישוא בינוני 
2 כפות פירורי לחם (20 גרם)
חצי צרור פטרוזיליה/כוסברה 
2-3 שיני שום
מלח פלפל לפי הטעם
רבע כפית סודה לשתייה
אופן הכנה:
נטחן במעבד מזון את הבצל,תפוח אדמה,קישוא,שום ופטרוזיליה
אחרי שנטחן נסחט מהירקות את כל הנוזלים טוב טוב 
נערבב בקערה את הירקות, העוף, הביצה, הפירורי לחם והתבלינים 
נכדרר כדורים 
נאפה בתנור שחומם מראש על טורבו 180 מעלות ל25-30 דקות 
 יצאו לי 25 קציצות 

תספרו לי אם אהבתם 😍 

ערכים לקציצה:
41 קלוריות 
5 חלבון 
3.4 פחמימה 
0.7 שומן 

בתיאבון ✨✨✨ 

#דלקלוריות #קציצותאפויות",https://www.instagram.com/reel/C0HXXAUIEDo/,FOOD,קציצות עוף אפויות,SAVORY,קציצות,"מה נצטרך? 
500 גרם עוף טחון 
בצל בינוני
ביצה
תפוח אדמה בינוני
קישוא בינוני 
2 כפות פירורי לחם (20 גרם)
חצי צרור פטרוזיליה/כוסברה 
2-3 שיני שום
מלח פלפל לפי הטעם
רבע כפית סודה לשתייה","אופן הכנה:
נטחן במעבד מזון את הבצל,תפוח אדמה,קישוא,שום ופטרוזיליה
אחרי שנטחן נסחט מהירקות את כל הנוזלים טוב טוב 
נערבב בקערה את הירקות, העוף, הביצה, הפירורי לחם והתבלינים 
נכדרר כדורים 
נאפה בתנור שחומם מראש על טורבו 180 מעלות ל25-30 דקות 
 יצאו לי 25 קציצות 

תספרו לי אם אהבתם 😍 

ערכים לקציצה:
41 קלוריות 
5 חלבון 
3.4 פחמימה 
0.7 שומן 

בתיאבון ✨✨✨ 

#דלקלוריות #קציצותאפויות",YES
80,30/11/2023,ספגטי מוקרם בתנור,"ספגטי מוקרם בתנור !!! 
הכנתי לכם מתכון לספגטי ברוטב עגבניות מוקרם בתנור 
בלי טיפה אחת של שמנת 🤭 

המתכון המלא נמצא באתר אסם בישולים 
יש קישור אצלי בסטורי 
אם לא מצאתם תרשמו לי ואשלח לכם ❤️

פרסום ממומן בשיתוף אסם נסטלה @bishulim_osem",https://www.instagram.com/reel/C0RYCzEI8eS/,FOOD,ספגטי מוקרם בתנור,SAVORY,פסטה,,,NO
81,04/12/2023,סופגניות פאי לימון,"סופגניות פאי לימון 🍋
קודם כל תגידו לי שהסופגניות האלו לא דוגמניותתתת 
קלטו איזה יפות ומרשימות הן 😍 

רושמת לכם כאן רק את המצרכים למילויי לימון
המצרכים לסופגנייה ולאופן ההכנה נמצאים כמה רילסים אחורה 
במידה ולא מצאתם תרשמו לי ואשלח לכם 

מצרכים למילוי: 
100 גרם סוכר 
100 גרם חמאה 
2 ביצים 
100 מל לימון (מיץ בערך מ2 לימונים) 
גרידת לימון מלימון שלם 

למרנג: 
80 גרם חלבונים (בערך 2 חלבונים) 
120 סוכר 

אופן הכנת המילוי: 
בסיר קטן נערבב על אש נמוכה- בינונית 
את כל המצרכים עד למרקם סמיך 
שימו לב לוקח לזה כמה דקות עד שזה קורה אל תפסיקו לערבב לרגע כי אז הביצה תהפוך לחביתה. 
ברגע שזה נהיה סמיך תורידו את הסיר מאש ותעטפו אותו בניילון נצמד ותשימו אותו במקרר לשעה. 
•כשאתם עוטפים את הניילון נצמד תצמידו אותו טוב טוב לבלילה. 

הכנת המרנג: 
בקערת מיקסר נשים את החלבונים והסוכר. 
נשים את הקערה על באן מארי ונערבב טוב עד שכל הסוכר נמס. 
אחרי שהסוכר נמס נקציף את המרנג על מהירות גבוהה למשך 8 דקות 

אחרי שעה נוציא מהמקרר את המילוי לימון. 
נעשה חורים בעזרת סכין בסופגניות 
נמלא כל סופגנייה במילוי לימון ומלמעלה נמרח את המרנג 
בעזרת ברנר נשרוף את המרנג 
וזהו מוכן!! 

בתיאבון 😍
מחכה לשמוע איך יצא לכם 🫶🏼

כמה דגשים: 
•את המרנג להכין עשר דקות בערך לפני שמוציאים את בלילת הלימון מהמקרר כי אנחנו לא רוצים שהמרנג יחכה הרבה זמן בחוץ. 
•מומלץ לאכול את הסופגניות קרוב למועד ההכנה 
•הסופגניות בסרטון הן כבר אחרי שמרחתי עליהן חמאה מומסת
•המילוי יוצא חמוץ כי זה לימון אם אתם מעדיפים אותו יותר מתוק תוסיפו עוד קצת סוכר 

במידה ויש לכם שאלות מוזמנים לפנות אליי 🥰",https://www.instagram.com/reel/C0b39Czo9sq/,FOOD,סופגניות פאי לימון,SWEET,פאי,"מצרכים למילויי לימון
המצרכים לסופגנייה ול","אופן ההכנה נמצאים כמה רילסים אחורה 
במידה ולא מצאתם תרשמו לי ואשלח לכם 

מצרכים למילוי: 
100 גרם סוכר 
100 גרם חמאה 
2 ביצים 
100 מל לימון (מיץ בערך מ2 לימונים) 
גרידת לימון מלימון שלם 

למרנג: 
80 גרם חלבונים (בערך 2 חלבונים) 
120 סוכר 

אופן הכנת המילוי: 
בסיר קטן נערבב על אש נמוכה- בינונית 
את כל המצרכים עד למרקם סמיך 
שימו לב לוקח לזה כמה דקות עד שזה קורה אל תפסיקו לערבב לרגע כי אז הביצה תהפוך לחביתה. 
ברגע שזה נהיה סמיך תורידו את הסיר מאש ותעטפו אותו בניילון נצמד ותשימו אותו במקרר לשעה. 
•כשאתם עוטפים את הניילון נצמד תצמידו אותו טוב טוב לבלילה. 

הכנת המרנג: 
בקערת מיקסר נשים את החלבונים והסוכר. 
נשים את הקערה על באן מארי ונערבב טוב עד שכל הסוכר נמס. 
אחרי שהסוכר נמס נקציף את המרנג על מהירות גבוהה למשך 8 דקות 

אחרי שעה נוציא מהמקרר את המילוי לימון. 
נעשה חורים בעזרת סכין בסופגניות 
נמלא כל סופגנייה במילוי לימון ומלמעלה נמרח את המרנג 
בעזרת ברנר נשרוף את המרנג 
וזהו מוכן!! 

בתיאבון 😍
מחכה לשמוע איך יצא לכם 🫶🏼

כמה דגשים: 
•את המרנג להכין עשר דקות בערך לפני שמוציאים את בלילת הלימון מהמקרר כי אנחנו לא רוצים שהמרנג יחכה הרבה זמן בחוץ. 
•מומלץ לאכול את הסופגניות קרוב למועד ההכנה 
•הסופגניות בסרטון הן כבר אחרי שמרחתי עליהן חמאה מומסת
•המילוי יוצא חמוץ כי זה לימון אם אתם מעדיפים אותו יותר מתוק תוסיפו עוד קצת סוכר 

במידה ויש לכם שאלות מוזמנים לפנות אליי 🥰",YES
82,06/12/2023,לביבות תפוח אדמה אפויות,"⁨	לביבות תפוח אדמה אפויות 

אני יודעת שבחנוכה עושים הרבה ארוחות משפחתיות אז הלביבות האלו יבואו בול 😍 

מצרכים:
3 תפוחי אדמה (400 גרם בערך) 
בצל 
ביצה 
מלח 
פלפל 
אופן הכנה:
נגרד בפומפייה/ נטחן במעבד מזון את התפוח אדמה והבצל 
נסחט מהם טוב טוב טוב את *כל הנוזלים* 
נוסיף ביצה מלח ופלפל ונערבב לאיחוד 
נכדרר לכדורים ונשטח אותם 
נאפה בתנור שחומם מראש על טורבו 200 מעלות ל25-35 דקות עד שמזהיבות 
וזהו מוכן בתיאבון ❤️ 

ערכים לקציצה 1 מתוך 11:
40 קלוריות
0.6 שומן 
8.1 פחמימה 
1.5 חלבון⁩",https://www.instagram.com/reel/C0hATuJoK2_/,FOOD,לביבות תפוח אדמה אפויות,SAVORY,תפוחי אדמה,"מצרכים:
3 תפוחי אדמה (400 גרם בערך) 
בצל 
ביצה 
מלח 
פלפל","אופן הכנה:
נגרד בפומפייה/ נטחן במעבד מזון את התפוח אדמה והבצל 
נסחט מהם טוב טוב טוב את *כל הנוזלים* 
נוסיף ביצה מלח ופלפל ונערבב לאיחוד 
נכדרר לכדורים ונשטח אותם 
נאפה בתנור שחומם מראש על טורבו 200 מעלות ל25-35 דקות עד שמזהיבות 
וזהו מוכן בתיאבון ❤️ 

ערכים לקציצה 1 מתוך 11:
40 קלוריות
0.6 שומן 
8.1 פחמימה 
1.5 חלבון⁩",YES
83,08/12/2023,חלת בשר בצורת שבלול,"חלת בשר בצורת שבלול 🐌
אם נשאר לכם בצק מההפרשת חלה מצאתי לכם אחלה רעיון מה להכין איתו לכבוד לארוחת שישי 🍷

מצרכים לבצק חלה:
2 ק״ג קמח (עדיף קמח לחם) 
900 גרם מים 
25 גרם שמרים יבשים (2.5 כפות) 
28 גרם מלח(3 כפות)
180 גרם שמן 
180 גרם סוכר 
4 ביצים

•כמה רילסים אחורה יש הסבר להכנת החלה+ אופן הפרשת חלה
•במידה ואתם מכינים את בצק החלה רק עבור החלת בשר תכינו רבע מכמות הבצק שרשומה 🫶🏼 

מצרכים לבשר :
חצי קילו בשר 
2 בצלים 
3 עגבניות 
2 כפות סילאן 
כפית פפריקה 
רבע כפית כמון 
קופסאת רסק עגבניות
מלח פלפל לפי הטעם

אופן הכנה:
נטגן את הבצל עד הזהבה, נוסיף את כל התבלינים והרסק ונטגן עוד דקה. 
נוסיף את העגבניות נטגן עוד 2-3 דקות ואז נוסיף את הבשר ונטגן עד שהוא מוכן. 
נקח מהבצק (לאחר שתפח בפעם הראשונה) 5 כדורים במשקל 170 גרם ונרדד למלבן צר וארוך. 
נמלא כל מלבן בחמישית מתערובת הבשר ונגלגל לגליל. 
נסדר בתבנית עגולה את הרצועות כמו שבלול, נבריש בביצה ונפזר שומשום. 
נתפיח את את החלה לאחר עיצוב הצורה לעוד שעה ואז נאפה בתנור שחומם מראש על 170 מעלות טורבו ל25-35 דקות תלוי בתנור. 
נוציא את החלה מהתנור אחרי שהיא תתקרר נחתוך ונגיש 
פליז אל תוותרו על טחינה ליד יוצא נדיר!!!! 

#חלתבשר #ארוחת שבת #קידוש",https://www.instagram.com/reel/C0lcpPkI491/,FOOD,חלת בשר בצורת שבלול,SAVORY,לחם/מאפה,"מצרכים לבצק חלה:
2 ק״ג קמח (עדיף קמח לחם) 
900 גרם מים 
25 גרם שמרים יבשים (2.5 כפות) 
28 גרם מלח(3 כפות)
180 גרם שמן 
180 גרם סוכר 
4 ביצים

•כמה רילסים אחורה יש הסבר להכנת החלה+ אופן הפרשת חלה
•במידה ואתם מכינים את בצק החלה רק עבור החלת בשר תכינו רבע מכמות הבצק שרשומה 🫶🏼 

מצרכים לבשר :
חצי קילו בשר 
2 בצלים 
3 עגבניות 
2 כפות סילאן 
כפית פפריקה 
רבע כפית כמון 
קופסאת רסק עגבניות
מלח פלפל לפי הטעם","אופן הכנה:
נטגן את הבצל עד הזהבה, נוסיף את כל התבלינים והרסק ונטגן עוד דקה. 
נוסיף את העגבניות נטגן עוד 2-3 דקות ואז נוסיף את הבשר ונטגן עד שהוא מוכן. 
נקח מהבצק (לאחר שתפח בפעם הראשונה) 5 כדורים במשקל 170 גרם ונרדד למלבן צר וארוך. 
נמלא כל מלבן בחמישית מתערובת הבשר ונגלגל לגליל. 
נסדר בתבנית עגולה את הרצועות כמו שבלול, נבריש בביצה ונפזר שומשום. 
נתפיח את את החלה לאחר עיצוב הצורה לעוד שעה ואז נאפה בתנור שחומם מראש על 170 מעלות טורבו ל25-35 דקות תלוי בתנור. 
נוציא את החלה מהתנור אחרי שהיא תתקרר נחתוך ונגיש 
פליז אל תוותרו על טחינה ליד יוצא נדיר!!!! 

#חלתבשר #ארוחת שבת #קידוש",YES
84,10/12/2023,סופגניות אשל,"סופגניות אשל 😍
מקדישה את הסרטון לסבתא רותי שלי ז״ל שבכל שנה בהדלקת נרות הייתה מכינה לנו את הסופגניות אשל שלה שפשוט עוקפות כל סוג של סופגנייה אחרת שתאכלו ❤️ 

מצרכים: 
2.5 כוסות קמח 
2 גביעי אשל 
2 כפות סוכר 
2 ביצים 
אבקת אפייה
קורט מלח 
כפית תמצית וניל
אופציונלי- כפית רום 
אופן הכנה: 
נערבב את כל המצרכים ביחד עד לאיחוד ואז ניתן לבלילה לנוח עשר דקות. 
בזמן הזה נרתיח את השמן. 
אם אתם משתמשים במד חום לשמן אז תתחילו לטגן כשהשמן מגיע ל160 מעלות ותוודאו שהוא נשאר בטווח של 160-170 מעלות. 
סבתא שלי לא השתמשה במדחום ועשתה לפי העין וככה גם אני הפעם.
איך תדעו שהשמן מוכן בלי מדחום?
תקח כף עץ ותשימו בתוך הסיר שמן ברגע שמתחילות להיווצר בועות ליד הכף זה אומר שאפשר להתחיל לטגן 
אל תתטגנו על הלהבה הכי גדולה כי אז השמן יתחמם מהר והסופגניות יישארו חיות מבפנים ושרופות מבחוץ
תטגנו על הלהבה הבינונית על עוצמה בינונית ואז הטמפרטורה של השמן ברגע שמתחילים לטגן את הסופגניות לא אמורה לעלות כל כך כי הסופגניות מקררות את השמן וזה מתאזן 
אם אתם מרגישים שהשמן חם מדי תנמיכו קצת את הלהבה ותשחקו עם זה 
אמורים לטגן את הסופגניות בערך 2-3 דקות מכל צד 
שימו לב שהם גם מתהפכות באמצע הטיגון

נבזוק מעל הסופגניות אבקת סוכר ומוכן 🥰
תאמינו לי שהן מושלמות ולא צריך לשים בהן שום מילוי!!!!",https://www.instagram.com/reel/C0rWJhvI-8S/,FOOD,סופגניות אשל,SWEET,סופגניות,"מצרכים: 
2.5 כוסות קמח 
2 גביעי אשל 
2 כפות סוכר 
2 ביצים 
אבקת אפייה
קורט מלח 
כפית תמצית וניל
אופציונלי- כפית רום","אופן הכנה: 
נערבב את כל המצרכים ביחד עד לאיחוד ואז ניתן לבלילה לנוח עשר דקות. 
בזמן הזה נרתיח את השמן. 
אם אתם משתמשים במד חום לשמן אז תתחילו לטגן כשהשמן מגיע ל160 מעלות ותוודאו שהוא נשאר בטווח של 160-170 מעלות. 
סבתא שלי לא השתמשה במדחום ועשתה לפי העין וככה גם אני הפעם.
איך תדעו שהשמן מוכן בלי מדחום?
תקח כף עץ ותשימו בתוך הסיר שמן ברגע שמתחילות להיווצר בועות ליד הכף זה אומר שאפשר להתחיל לטגן 
אל תתטגנו על הלהבה הכי גדולה כי אז השמן יתחמם מהר והסופגניות יישארו חיות מבפנים ושרופות מבחוץ
תטגנו על הלהבה הבינונית על עוצמה בינונית ואז הטמפרטורה של השמן ברגע שמתחילים לטגן את הסופגניות לא אמורה לעלות כל כך כי הסופגניות מקררות את השמן וזה מתאזן 
אם אתם מרגישים שהשמן חם מדי תנמיכו קצת את הלהבה ותשחקו עם זה 
אמורים לטגן את הסופגניות בערך 2-3 דקות מכל צד 
שימו לב שהם גם מתהפכות באמצע הטיגון

נבזוק מעל הסופגניות אבקת סוכר ומוכן 🥰
תאמינו לי שהן מושלמות ולא צריך לשים בהן שום מילוי!!!!",YES
85,13/12/2023,חזה עוף ופסטה שמכינים בסיר אחד,"חזה עוף ופסטה שמכינים בסיר אחד 
אין נוח כמו לתקתק ארוחה שלמה בסיר אחד!!! 
הכנתי את זה ברוטב אדום וזה יוצא שלמות 😍 
מצרכים: 
2 בצלים 
גזר 
גמבה 
כף שמן זית 
2 רסק 
3-4 שיני שום 
2 כפיות פפריקה 
כף מלח 
חצי כפית פלפל שחור 
חצי קילו חזה עוף 
חצי חבילת פסטה
מים חמים 

אופן הכנה: 
נטגן את הבצל עם כף שמן, נוסיף את התבלינים והרסק עגבניות ונטגן עוד דקה. 
נוסיף את החזה עוף נמשיך לטגן עוד 2-3 דקות ונשפוך את הגזר והגמבה ונטגן עוד 5 דקות. 
נוסיף את הפסטה ונמזוג מים עד לקו הפסטה (עדיף להוסיף קצת מים ואחר כף להוסיף מאשר להוסיף יותר מדי) 
נבשל עם מכסה סגור עד שהמים מבעבעים ואז נסיר את המכסה ונבשל עד שהפסטה מוכנה (בערך עשר דקות) 
אפשר להגיש עם קצת פטרוזיליה 
ומוכןןן🥰 
ערכים למנה מתוך ארבע:
461 קלוריות 
6.8 שומן
61.6 פחמימה 
35 גרם חלבון 
בתיאבון מחכה לשמוע איך יצא ❤️❤️

(מקבלים חלבון גם מהירקות ומהפסטה מי שמחשב רק חלבון איכותי יוצא למנה 26.5 גרם חלבון)",https://www.instagram.com/reel/C0zEd32IcBU/,FOOD,חזה עוף ופסטה שמכינים בסיר אחד,SAVORY,פסטה,"מצרכים: 
2 בצלים 
גזר 
גמבה 
כף שמן זית 
2 רסק 
3-4 שיני שום 
2 כפיות פפריקה 
כף מלח 
חצי כפית פלפל שחור 
חצי קילו חזה עוף 
חצי חבילת פסטה
מים חמים","אופן הכנה: 
נטגן את הבצל עם כף שמן, נוסיף את התבלינים והרסק עגבניות ונטגן עוד דקה. 
נוסיף את החזה עוף נמשיך לטגן עוד 2-3 דקות ונשפוך את הגזר והגמבה ונטגן עוד 5 דקות. 
נוסיף את הפסטה ונמזוג מים עד לקו הפסטה (עדיף להוסיף קצת מים ואחר כף להוסיף מאשר להוסיף יותר מדי) 
נבשל עם מכסה סגור עד שהמים מבעבעים ואז נסיר את המכסה ונבשל עד שהפסטה מוכנה (בערך עשר דקות) 
אפשר להגיש עם קצת פטרוזיליה 
ומוכןןן🥰 
ערכים למנה מתוך ארבע:
461 קלוריות 
6.8 שומן
61.6 פחמימה 
35 גרם חלבון 
בתיאבון מחכה לשמוע איך יצא ❤️❤️

(מקבלים חלבון גם מהירקות ומהפסטה מי שמחשב רק חלבון איכותי יוצא למנה 26.5 גרם חלבון)",YES
86,15/12/2023,בורקס דפי אורז קריספי,"בורקס דפי אורז קריספיייייי 
כשהטרנד דפי האורז יצא לפני כמה שנים ניסיתי מלא פעמים להכין את הבורקס הזה וכל פעם היה יוצא לי מרקם כזה של גומי עד שהתייאשתי 
לפני כמה זמן החלטתי להביא לזה עוד ניסיון ועליתי על 2 טריקים שמשאירים את הדף אורז קריספי ולא צריך להשתמש בשמן או במלא דפי אורז בשביל זה 

מצרכים: 
10 דפי אורז 
למילוי הגבינות:
חצי גביע קוטג׳ 3% 
חצי קופסאת בולגרית 5%
2 פרוסות גבינה צהובה 
ביצה 
כף קמח 
מלח פלפל
אפשר להוסיף גם אורגנו/תבלין פיצה 

לבלילה: 
ביצה 
כוס מים 
כפית סילאן/דבש 

אופן הכנה: 
נערבב את כל חומרים המילוי ונעביר לשקית זילוף.
בקערה שטוחה נערבב את כל מצרכי הבלילה.
נטבול את דף האורז בבלילה בערך 40 שניות עד שמתרכך 
נשים את הדף אורז על צלחת שטוחה ונקפל אותו לחצי (זה בעצם הטריק הראשון כי ככה אנחנו מקבלים 2 שכבות של בורקס ואף חלק מהבורקס לא נשאר עם שכבה אחת והופך לגומי) ובעזרת שקית זילוף נזלף את המילוי על הבורקס כמו בסרטון 
נחזור על הפעולה עם כל דפי האורז 
אפשר לפזר למעלה קצת שומשום-לא חובה 
נכניס לתנור שחומם **מראש** על 200 מעלות טורבו לחצי שעה (זה הטריק השני -אפייה בחום גבוה להרבה זמן) 
נוציא מהתנור נגיש עם סלט טרי וביצה ובתיאבון 
מחכה לשמוע איך יצא 😍
ערכים לבורקס מתוך 10: 
85 קלוריות 
6.4 חלבון 
10.2 פחמימה 
2.3 שומן 

#דלקלוריות #חלבון",https://www.instagram.com/reel/C03hY-_I18o/,FOOD,בורקס דפי אורז קריספיייייי,SAVORY,בורקס,"מצרכים: 
10 דפי אורז 
למילוי הגבינות:
חצי גביע קוטג׳ 3% 
חצי קופסאת בולגרית 5%
2 פרוסות גבינה צהובה 
ביצה 
כף קמח 
מלח פלפל
אפשר להוסיף גם אורגנו/תבלין פיצה 

לבלילה: 
ביצה 
כוס מים 
כפית סילאן/דבש","אופן הכנה: 
נערבב את כל חומרים המילוי ונעביר לשקית זילוף.
בקערה שטוחה נערבב את כל מצרכי הבלילה.
נטבול את דף האורז בבלילה בערך 40 שניות עד שמתרכך 
נשים את הדף אורז על צלחת שטוחה ונקפל אותו לחצי (זה בעצם הטריק הראשון כי ככה אנחנו מקבלים 2 שכבות של בורקס ואף חלק מהבורקס לא נשאר עם שכבה אחת והופך לגומי) ובעזרת שקית זילוף נזלף את המילוי על הבורקס כמו בסרטון 
נחזור על הפעולה עם כל דפי האורז 
אפשר לפזר למעלה קצת שומשום-לא חובה 
נכניס לתנור שחומם **מראש** על 200 מעלות טורבו לחצי שעה (זה הטריק השני -אפייה בחום גבוה להרבה זמן) 
נוציא מהתנור נגיש עם סלט טרי וביצה ובתיאבון 
מחכה לשמוע איך יצא 😍
ערכים לבורקס מתוך 10: 
85 קלוריות 
6.4 חלבון 
10.2 פחמימה 
2.3 שומן 

#דלקלוריות #חלבון",YES
87,19/12/2023,עוגיות לימון יבשות,"עוגיות לימון יבשות 
עוגיות נדירות לאוהבי הלימון והן הולכות בול ליד התה ✌🏻 

מצרכים: 
140 גרם קמח = כוס קמח 
50 גרם חמאה 
ביצה 
4 כפות תחליף סוכר 
מיץ מחצי לימון 
גרידת לימון 
כפית אבקת אפייה 
קורט מלח 

אופן הכנה: 
נערבב את החמאה עד למרקם משחתי ואז נוסיף את הקמח,אבקת אפייה,מלח,סוכר והביצה ונערבב שוב.
נוסיף את הגרידת לימון והמיץ לימון ונערבב שוב לאיחוד. 
נעביר לשקית זילוף ונזלף פסים 
(לי יצאו 42 עוגיות) 
נאפה בתנור שחומם מראש על 170 מעלות ל12-15 דקות עד שהעוגיות קצת מזהיבות 
אחרי שהוצאתם את העוגיות מהתנור תצננו אותם בחוץ לפחות חצי שעה כי בזמן הזה הן מתקשות 
בתיאבון ❤️ 

כל עוגייה מכילה 23 קלוריות 🫶🏼 

#דלקלוריות #ללאסוכר",https://www.instagram.com/reel/C1CoSxKIs75/,FOOD,עוגיות לימון יבשות,SWEET,עוגיות,"מצרכים: 
140 גרם קמח = כוס קמח 
50 גרם חמאה 
ביצה 
4 כפות תחליף סוכר 
מיץ מחצי לימון 
גרידת לימון 
כפית אבקת אפייה 
קורט מלח","אופן הכנה: 
נערבב את החמאה עד למרקם משחתי ואז נוסיף את הקמח,אבקת אפייה,מלח,סוכר והביצה ונערבב שוב.
נוסיף את הגרידת לימון והמיץ לימון ונערבב שוב לאיחוד. 
נעביר לשקית זילוף ונזלף פסים 
(לי יצאו 42 עוגיות) 
נאפה בתנור שחומם מראש על 170 מעלות ל12-15 דקות עד שהעוגיות קצת מזהיבות 
אחרי שהוצאתם את העוגיות מהתנור תצננו אותם בחוץ לפחות חצי שעה כי בזמן הזה הן מתקשות 
בתיאבון ❤️ 

כל עוגייה מכילה 23 קלוריות 🫶🏼 

#דלקלוריות #ללאסוכר",YES
88,22/12/2023,פרחי כרובית מצופים בפירורי לחם,"פרחי כרובית מצופים בפירורי לחם!!!
טעים וממכר בטירוף 😍 
מה נצטרך?
כרובית בינונית
2 ביצים 
כפית מלח 
חצי פלפל שחור 
כפית דבש 
כפית פפריקה 
צ׳ילי גרוס- לא חובה 
שן שום כתוש 
כף צ׳ילי מתוק 
פירורי לחם 
שומשום

אופן הכנה: 
נחלק את הכרובית לפרחים ונרתיח אותם למשך 15 דקות. 
בקערה נערבב את הביצים וכל התבלינים 
בקערה שנייה נערבב את הפירורי לחם והשומשום 
נקח כל פרח כרובית נטבול בקערה של הרוטב ונעטוף את הפרח טוב טוב ברוטב ואז נטבול בפירורי לחם 
•ממליצה ביד אחת לטבול את הפרח ברוטב וביד השנייה בפירורי לחם 

נסדר את כל הפרחים בתבנית 
נרסס מעל הכל קצת שמן 
נאפה בתנור על טורבו 180 מעלות עד שמזהיב (בערך חצי שעה)
ובתיאבון ✌🏻❤️",https://www.instagram.com/reel/C1JgWk1Iglo/,FOOD,פרחי כרובית מצופים בפירורי לחם,SAVORY,ירקות,"מה נצטרך?
כרובית בינונית
2 ביצים 
כפית מלח 
חצי פלפל שחור 
כפית דבש 
כפית פפריקה 
צ׳ילי גרוס- לא חובה 
שן שום כתוש 
כף צ׳ילי מתוק 
פירורי לחם 
שומשום","אופן הכנה: 
נחלק את הכרובית לפרחים ונרתיח אותם למשך 15 דקות. 
בקערה נערבב את הביצים וכל התבלינים 
בקערה שנייה נערבב את הפירורי לחם והשומשום 
נקח כל פרח כרובית נטבול בקערה של הרוטב ונעטוף את הפרח טוב טוב ברוטב ואז נטבול בפירורי לחם 
•ממליצה ביד אחת לטבול את הפרח ברוטב וביד השנייה בפירורי לחם 

נסדר את כל הפרחים בתבנית 
נרסס מעל הכל קצת שמן 
נאפה בתנור על טורבו 180 מעלות עד שמזהיב (בערך חצי שעה)
ובתיאבון ✌🏻❤️",YES
89,26/12/2023,סלט מיוחד,"סלט בין המעניינים שתכינו!!! 
הוא שונה וממכר ומתאים לכל ארוחה 😍
מצרכים: 
בטטה 
חצי כוס עדשים שחורות 
ברוקולי (השתמשתי בראש קטן בערך 120 גרם)
חופן אגוזי מלך 
חסה 
חצי בצל סגול
לרוטב: 
כף שמן זית 
כפית סילאן 
כפית דבש 
כפית חרדל 
מיץ מחצי לימון 
כפית מלח
אופן הכנה:
•נחתוך את הבטטה לקוביות קטנות נערבב עם כפית שמן זית ונאפה בתנור על 180 מעלות טורבו לחצי שעה 
•את העדשים שחורות נשים בסיר עם מים רותחים ונרתיח למשך 20 דקות 
•נרתיח את הברוקולי ל7 דקות 
•נחתוך את כל הירקות ואת האגוזי מלך
•נערבב את כל חומרי הרוטב בקערית 
•נשים את כל הירקות בקערה ונמזוג את הרוטב לסלט כמה דקות לפני ההגשה 
בתיאבון ❤️❤️",https://www.instagram.com/reel/C1UfI84o3U3/,FOOD,סלט בין המעניינים שתכינו,SAVORY,סלט,"מצרכים: 
בטטה 
חצי כוס עדשים שחורות 
ברוקולי (השתמשתי בראש קטן בערך 120 גרם)
חופן אגוזי מלך 
חסה 
חצי בצל סגול
לרוטב: 
כף שמן זית 
כפית סילאן 
כפית דבש 
כפית חרדל 
מיץ מחצי לימון 
כפית מלח","אופן הכנה:
•נחתוך את הבטטה לקוביות קטנות נערבב עם כפית שמן זית ונאפה בתנור על 180 מעלות טורבו לחצי שעה 
•את העדשים שחורות נשים בסיר עם מים רותחים ונרתיח למשך 20 דקות 
•נרתיח את הברוקולי ל7 דקות 
•נחתוך את כל הירקות ואת האגוזי מלך
•נערבב את כל חומרי הרוטב בקערית 
•נשים את כל הירקות בקערה ונמזוג את הרוטב לסלט כמה דקות לפני ההגשה 
בתיאבון ❤️❤️",YES
90,29/12/2023,פסטה אדומה,"אמאלה נראלי אין אחד שלא יסכים שפסטה אדומה זאת אחת התוספות הכי שוות לארוחת צהריים!!! 
אני אוהבת להכין את הפסטה בסיר אחד ועם מלא מלא רוטב 

מצרכים: 
2 כפות שמן זית 
כפית שום כתוש 
כפית מלח
2 כפיות פפריקה
2 קופסאות רסק=200 גרם
חבילת פסטה 
מים 
אופן הכנה: 
מחממים בסיר רחב את השמן זית עם התבלינים והרסק ״ופותחים״ אותם בשמן במשך דקה בערך 
מוסיפים את הפסטה ומערבבים עד שכל הפסטה עטופה ברוטב 
נמזוג מים רותחים עד גובה הפסטה ונכסה עם מכסה עד שהמים מבעבעים 
כשהמים מבעבעים נסיר את המכסה ונבשל עד שכל המים מצטמצמים 
כל כמה דקות נערבב את הפסטה עד שהיא מוכנה
בתאבון❤️❤️",https://www.instagram.com/reel/C1bfPzQoJXM/,FOOD,אמאלה נראלי אין אחד שלא יסכים שפסטה אדומה זאת אחת התוספות הכי שוות לארוחת צהריים,SAVORY,פסטה,"מצרכים: 
2 כפות שמן זית 
כפית שום כתוש 
כפית מלח
2 כפיות פפריקה
2 קופסאות רסק=200 גרם
חבילת פסטה 
מים","אופן הכנה: 
מחממים בסיר רחב את השמן זית עם התבלינים והרסק ״ופותחים״ אותם בשמן במשך דקה בערך 
מוסיפים את הפסטה ומערבבים עד שכל הפסטה עטופה ברוטב 
נמזוג מים רותחים עד גובה הפסטה ונכסה עם מכסה עד שהמים מבעבעים 
כשהמים מבעבעים נסיר את המכסה ונבשל עד שכל המים מצטמצמים 
כל כמה דקות נערבב את הפסטה עד שהיא מוכנה
בתאבון❤️❤️",YES
91,01/01/2024,חיתוכיות פיסטוק,"חיתוכיות פיסטוק 😍
שמעתי שחייב לאכול פיסטוק ביום הראשון של השנה כי אז נאכל מלא דברים טעימים עם פיסטוק כל השנה!!!! 

כל עוגייה יוצאת 99 קלוריות יותר שווה מחטיף אנרגיה 🤭
בקיצור מתכון נדיר לפתוח איתו את שנת 2024 
מה נצטרך? 
לבצק פריך:
140 גרם קמח =כוס קמח
100 גרם קורנפלור =כוס פחות 4 כפות
50 גרם אבקת סוכר= חצי שקית 
ביצה 
100 גרם חמאה=חצי חבילה 

לממרח פיסטוק:
125 גרם שוקולד לבן (ממליצה להשתמש בשוקולד לבו איכותי) 
40 גרם מחית פיסטוק
10 גרם שקדים טחונים

אופציונלי- 20 גרם פיסטוקים גרוסים לפזר בין השכבות

אופן הכנת הממרח: 
נמיס בפולסים של חצי דקה את השוקולד הלבן במיקרו 
אחרי שנמס לגמרי נוסיף את המחית פיסטוק ואת השקדים ונערבב לאיחוד 
(עדיף להכין את הממרח לפני שתוציאו את מלבני הבצק מההקפאה)

הכנת הבצק פריך: 
במעבד מזון נטחן את האבקת סוכר והחמאה עד לאיחוד 
נוסיף את הקמח והקורנפלור ונטחן עד מרקם חולי,נוסיף את הביצה עד שמתגבש לבצק 
•במידה ותשתמשו בביצה קטנה מדי הבצק לא יתאחד אז במידת הצורך אפשר להוסיף כפית חלב 
•הבצק יוצא מעט דביק אז נשים אותו במקפיא ל5 דקות גג לא יותר 

נקח את הבצק ונרדד אותו ל4 מלבנים שווים 
אני רידדתי לגודל של נייר אפייה שלם ואז חתכתי ל4 חתיכות 

נשים את כל מלבני הבצק במקפיא ל30 דקות 
אחרי 30 דקות נפעיל תנור ל170 מעלות טורבו ונתחיל בהרכבת העוגיות 

נניח מלבן של בצק נמרח עליו מהממרח שהכנו ונפזר פיסטוקים גרוסים נחזור על הפעולה עוד פעמיים (מעל המלבן ה4 לא נמרח מהממרח) 
נכניס לתנור שחומם מראש ל20 דקות של אפייה/ עד שמזהיב 
נוציא מהתנור ונצנן את העוגיות במשך שעה 
לאחר שעה נבזוק אבקת סוכר ונחתוך לריבועים (לי יצאו 30 ריבועים)

ונהנה מכל ביס ✌🏻❤️",https://www.instagram.com/reel/C1kGF0ZoQhI/,FOOD,חיתוכיות פיסטוק,SWEET,חטיף,"מה נצטרך? 
לבצק פריך:
140 גרם קמח =כוס קמח
100 גרם קורנפלור =כוס פחות 4 כפות
50 גרם אבקת סוכר= חצי שקית 
ביצה 
100 גרם חמאה=חצי חבילה 

לממרח פיסטוק:
125 גרם שוקולד לבן (ממליצה להשתמש בשוקולד לבו איכותי) 
40 גרם מחית פיסטוק
10 גרם שקדים טחונים

אופציונלי- 20 גרם פיסטוקים גרוסים לפזר בין השכבות","אופן הכנת הממרח: 
נמיס בפולסים של חצי דקה את השוקולד הלבן במיקרו 
אחרי שנמס לגמרי נוסיף את המחית פיסטוק ואת השקדים ונערבב לאיחוד 
(עדיף להכין את הממרח לפני שתוציאו את מלבני הבצק מההקפאה)

הכנת הבצק פריך: 
במעבד מזון נטחן את האבקת סוכר והחמאה עד לאיחוד 
נוסיף את הקמח והקורנפלור ונטחן עד מרקם חולי,נוסיף את הביצה עד שמתגבש לבצק 
•במידה ותשתמשו בביצה קטנה מדי הבצק לא יתאחד אז במידת הצורך אפשר להוסיף כפית חלב 
•הבצק יוצא מעט דביק אז נשים אותו במקפיא ל5 דקות גג לא יותר 

נקח את הבצק ונרדד אותו ל4 מלבנים שווים 
אני רידדתי לגודל של נייר אפייה שלם ואז חתכתי ל4 חתיכות 

נשים את כל מלבני הבצק במקפיא ל30 דקות 
אחרי 30 דקות נפעיל תנור ל170 מעלות טורבו ונתחיל בהרכבת העוגיות 

נניח מלבן של בצק נמרח עליו מהממרח שהכנו ונפזר פיסטוקים גרוסים נחזור על הפעולה עוד פעמיים (מעל המלבן ה4 לא נמרח מהממרח) 
נכניס לתנור שחומם מראש ל20 דקות של אפייה/ עד שמזהיב 
נוציא מהתנור ונצנן את העוגיות במשך שעה 
לאחר שעה נבזוק אבקת סוכר ונחתוך לריבועים (לי יצאו 30 ריבועים)

ונהנה מכל ביס ✌🏻❤️",YES
92,05/01/2024,קרפ ,"קרפ בולללל כמו של הקניון רק ב75 קלוריות ליחידה 😍 
מה נצטרך?
2 ביצים 
כוס חד פעמית חלב (240 מל) 
60 גרם קמח 
10 גרם חמאה מומסת
תמצית וניל
2 כפות תחליף סוכר 

אופן הכנה: 
נערבב את כל המצרכים בקערה אחת 
ממליצה אחרי שמסיימים לערבב להעביר את הבלילה דרך מסננת למקרה שיש גושים 
מחממים מחבת לחום בינוני (במידה ואתם משתמשים במחבת שהיא לא נון סטיק תשמנו ממש מעט את המחבת לפני הקרפ הראשון) 
מוזגים מעט מהבלילה אל המחבת ומטים את המחבת כך שהבלילה תגיע לכל המחבת. 
אחרי 2-3 דקות הופכים את הקרפ לעוד דקה/ שתיים 
חוזרים על הפעולה עוד 7 פעמים ומוכן!!! 
אפשר לשים איזה מילוי שתבחרו אני מרחתי נוטלה ופיזרתי קצת אוראו לקראנציות 

כל הבלילה יצא לי 
600 קלוריות 
29 חלבון 
57.8 פחמימה
27.1 שומן 

לי יצאו 8 קרפים כך שכל קרפ 75 קלוריות אבל כמות הקרפים תשתנה בהתאם לגודל המחבת שתשתמשו בה 🫶🏼 

#דלקלוריות",https://www.instagram.com/reel/C1tlux9I82s/,FOOD,קרפ בולללל כמו של הקניון רק ב75 קלוריות ליחידה,SWEET,פנקייק/קרפ,"מה נצטרך?
2 ביצים 
כוס חד פעמית חלב (240 מל) 
60 גרם קמח 
10 גרם חמאה מומסת
תמצית וניל
2 כפות תחליף סוכר","אופן הכנה: 
נערבב את כל המצרכים בקערה אחת 
ממליצה אחרי שמסיימים לערבב להעביר את הבלילה דרך מסננת למקרה שיש גושים 
מחממים מחבת לחום בינוני (במידה ואתם משתמשים במחבת שהיא לא נון סטיק תשמנו ממש מעט את המחבת לפני הקרפ הראשון) 
מוזגים מעט מהבלילה אל המחבת ומטים את המחבת כך שהבלילה תגיע לכל המחבת. 
אחרי 2-3 דקות הופכים את הקרפ לעוד דקה/ שתיים 
חוזרים על הפעולה עוד 7 פעמים ומוכן!!! 
אפשר לשים איזה מילוי שתבחרו אני מרחתי נוטלה ופיזרתי קצת אוראו לקראנציות 

כל הבלילה יצא לי 
600 קלוריות 
29 חלבון 
57.8 פחמימה
27.1 שומן 

לי יצאו 8 קרפים כך שכל קרפ 75 קלוריות אבל כמות הקרפים תשתנה בהתאם לגודל המחבת שתשתמשו בה 🫶🏼 

#דלקלוריות",YES
93,10/01/2024,קציצות עדשים שחורות,"קציצות עדשים שחורות!! 
תקשיבו הקציצות האלה יצאו כל כך טעימות שהייתי בשוק 
סך הכל 4 מרכיבים וזהו 

מה נצטרך? 
100 גרם עדשים שחורות (בערך חצי כוס) 
בצל בינוני 
קצת פטרוזיליה/ כוסברה תלוי במה שאתם אוהבים 
ביצה 
מלח 

אופן הכנה: 
נרתיח את העדשים למשך 25 דקות בסיר עם מים רותחים ואז נסנן
נטחן את העדשים לכמה שניות ככה שרוב הכמות חלקה אבל עדיין יש כמה עדשים שלא נטחנו (לא חייב אבל בעייני שחצי טחון וחצי לא זה מקפיץ את המרקם) 
בקערה נשיםבצל ופטרוזיליה שקצצנו דק נוסיף מלח ביצה ואת העדשים 
נערבב היטב ונחלק ל14 קציצות 
נאפה בתנור שחומם מראש על 180 מעלות טורבו ל20-25 דקות 
אני הגשתי עם לאבנה אפשר להגיש עם מה שאוהבים 

בתאבון❤️❤️❤️

ערכים לקציצה אחת מתוך 14:
36 קלוריות 
2.5 חלבון 
5.3 פחמימה 
0.6 שומן 

#דלקלוריות",https://www.instagram.com/reel/C17S_DtoyUr/,FOOD,קציצות עדשים שחורות,SAVORY,קציצות,"מה נצטרך? 
100 גרם עדשים שחורות (בערך חצי כוס) 
בצל בינוני 
קצת פטרוזיליה/ כוסברה תלוי במה שאתם אוהבים 
ביצה 
מלח","אופן הכנה: 
נרתיח את העדשים למשך 25 דקות בסיר עם מים רותחים ואז נסנן
נטחן את העדשים לכמה שניות ככה שרוב הכמות חלקה אבל עדיין יש כמה עדשים שלא נטחנו (לא חייב אבל בעייני שחצי טחון וחצי לא זה מקפיץ את המרקם) 
בקערה נשיםבצל ופטרוזיליה שקצצנו דק נוסיף מלח ביצה ואת העדשים 
נערבב היטב ונחלק ל14 קציצות 
נאפה בתנור שחומם מראש על 180 מעלות טורבו ל20-25 דקות 
אני הגשתי עם לאבנה אפשר להגיש עם מה שאוהבים 

בתאבון❤️❤️❤️

ערכים לקציצה אחת מתוך 14:
36 קלוריות 
2.5 חלבון 
5.3 פחמימה 
0.6 שומן 

#דלקלוריות",YES
94,12/01/2024,סמבוסק פיצה עם 20 גרם חלבון,"סמבוסק פיצה עם 20 גרם חלבון!! 
הבצק זה בצק גבינה שמכינים בקלות 😍

מצרכים לבצק: 
300 גרם קמח 
250 גרם גבינה לבנה 3% (אפשר כל אחוז) 
כפית מלח 
כפית אבקת אפייה
אורגנו ופלפל שחור- לפי הטעם

ביצה- לציפוי 
שומשום- אופציונלי

המילוי לכל סמבוסק:
2 כפיות רוטב פיצה מוכן
פרוסה וחצי גבינה צהובה 
ואיזה תוספות שאוהבים 

לי יצא סך הכל:
140 גרם רוטב פיצה 
294 גבינה צהובה 9%

אופן הכנה: 
נשים את כל מצרכי הבצק בקערה ונלוש לאיחוד בערך 10 דקות 
אפשרי במקום ללוש לשים בקערת המיקסר 5-6 דקות (יותר נוח) 
נחלק את הבצק ל7 חתיכות ונרדד לעיגול דק 
נמרח באמצע כל עיגול רוטב פיצה נפזר גבינה צהובה ותוספות שאוהבים
נסגור את הסמבוסק למשולש(כמו בסרטון) 
חשוב להדק טוב כדי שלא יפתח בזמן אפייה 
נמרח את הסמבוסק בביצה ונפזר קצת שומשום 
נכניס לתנור שחומם מראש על 180 מעלות ל20 דקות או עד שמזהיב 
ומוכן בתיאבון 😍 
ערכים לסמבוסק מתוך 7: 
289 קלוריות 
20.7 חלבון
36.4 פחמימה 
6.3 שומן 

#דלקלוריות #ארוחתערב",https://www.instagram.com/reel/C1_uCrhIj-l/,FOOD,סמבוסק פיצה עם 20 גרם חלבון,SAVORY,פיצה,"מצרכים לבצק: 
300 גרם קמח 
250 גרם גבינה לבנה 3% (אפשר כל אחוז) 
כפית מלח 
כפית אבקת אפייה
אורגנו ופלפל שחור- לפי הטעם

ביצה- לציפוי 
שומשום- אופציונלי

המילוי לכל סמבוסק:
2 כפיות רוטב פיצה מוכן
פרוסה וחצי גבינה צהובה 
ואיזה תוספות שאוהבים 

לי יצא סך הכל:
140 גרם רוטב פיצה 
294 גבינה צהובה 9%","אופן הכנה: 
נשים את כל מצרכי הבצק בקערה ונלוש לאיחוד בערך 10 דקות 
אפשרי במקום ללוש לשים בקערת המיקסר 5-6 דקות (יותר נוח) 
נחלק את הבצק ל7 חתיכות ונרדד לעיגול דק 
נמרח באמצע כל עיגול רוטב פיצה נפזר גבינה צהובה ותוספות שאוהבים
נסגור את הסמבוסק למשולש(כמו בסרטון) 
חשוב להדק טוב כדי שלא יפתח בזמן אפייה 
נמרח את הסמבוסק בביצה ונפזר קצת שומשום 
נכניס לתנור שחומם מראש על 180 מעלות ל20 דקות או עד שמזהיב 
ומוכן בתיאבון 😍 
ערכים לסמבוסק מתוך 7: 
289 קלוריות 
20.7 חלבון
36.4 פחמימה 
6.3 שומן 

#דלקלוריות #ארוחתערב",YES
95,16/01/2024,ממרח חצילים בטעם כבד,"ממרח חצילים בטעם כבד 
אחד הממרחים האהובים עליייי 
והוא מסך הכל 3 מרכיבים 

מה נצטרך? 
חציל 
בצל 
ביצה קשה 
2 כפות שמן זית 

אופן הכנה: 
נחתוך את החציל לטבעות ונפזר מלח ונשים בצד לחצי שעה 
אחרי חצי שעה נספוג את המים מהחצילים,נבריש את החצילים בכף שמן זית ונכניס אותם לתנור שחומם מראש על 180 מעלות לחצי שעה או עד שהם מתרככים (אפשר גם לטגן אותם) 

בזמן הזה נטגן בצל יחד עם כף שמן זית עד שהוא מזהיב 

לאחר חצי שעה נוציא את החציל מהתנור ונטחן אותו יחד עם הביצה למרקם חלק. 
לאחר שטחנו נעביר לקערה נוסיף את הבצל ובתנועות קיפול נערבב את הבצל עם שאר התערובת 
אפשר להוסיף מלח ופלפל שחור לפי הטעם 

אני הגשתי את זה על בגט קריספי ויוצא ממכר בטירוף!!!! 

ערכים למאה גרם: 
101 קלוריות 
8.8 פחמימה 
2.9 חלבון 
5.5 שומן 

*הקלוריות ישתנו בהתאם לגודל החציל והבצל שתשתמשו",https://www.instagram.com/reel/C2KpOhyIfYt/,FOOD,ממרח חצילים בטעם כבד,SAVORY,ממרח,"מה נצטרך? 
חציל 
בצל 
ביצה קשה 
2 כפות שמן זית","אופן הכנה: 
נחתוך את החציל לטבעות ונפזר מלח ונשים בצד לחצי שעה 
אחרי חצי שעה נספוג את המים מהחצילים,נבריש את החצילים בכף שמן זית ונכניס אותם לתנור שחומם מראש על 180 מעלות לחצי שעה או עד שהם מתרככים (אפשר גם לטגן אותם) 

בזמן הזה נטגן בצל יחד עם כף שמן זית עד שהוא מזהיב 

לאחר חצי שעה נוציא את החציל מהתנור ונטחן אותו יחד עם הביצה למרקם חלק. 
לאחר שטחנו נעביר לקערה נוסיף את הבצל ובתנועות קיפול נערבב את הבצל עם שאר התערובת 
אפשר להוסיף מלח ופלפל שחור לפי הטעם 

אני הגשתי את זה על בגט קריספי ויוצא ממכר בטירוף!!!! 

ערכים למאה גרם: 
101 קלוריות 
8.8 פחמימה 
2.9 חלבון 
5.5 שומן 

*הקלוריות ישתנו בהתאם לגודל החציל והבצל שתשתמשו",YES
96,19/01/2024,עוגת גבינה פירורים בלי שמנת מתוקה,"עוגת גבינה פירורים בלי שמנת בכלל 
כבר מלא זמן הייתי בדודא לעוגת גבינה פירורים וסוף סוף הגשמתי לעצמי אותה ✌🏻 
מה נצטרך? 
לבצק פריך:
140 גרם קמח =כוס קמח
100 גרם קורנפלור =כוס פחות 4 כפות
50 גרם אבקת סוכר= חצי שקית 
ביצה 
100 גרם חמאה=חצי חבילה 

מלית הגבינות: 
3 גביעי גבינה במרקם שמנת 5%= 600 גרם 
שמנת חמוצה 9% 
קופסת ריקוטה
שקית אינסטנט פודינג=80 גרם 
4 כפות תחליף סוכר/ סוכר

הכנת הבצק פריך: 
במעבד מזון נטחן את האבקת סוכר והחמאה עד לאיחוד 
נוסיף את הקמח והקורנפלור ונטחן עד מרקם חולי,נוסיף את הביצה עד שמתגבש לבצק 
•במידה ותשתמשו בביצה קטנה מדי הבצק לא יתאחד אז במידת הצורך אפשר להוסיף כפית חלב 
•הבצק יוצא מעט דביק אז נשים אותו במקפיא ל5 דקות גג לא יותר 

שני שליש מהבצק נקח ונהדק לתחתית התבנית 
ואת השליש השני נרדד למלבן דק

נכניס גם את התבנית וגם את מלבן הבצק 
לתנור שחומם מראש ל170 מעלות טורבו ל20 דקות של אפייה/ עד שמזהיב
נוציא מהתנור ונצנן בחוץ

את המלבן שרידדנו בצד, נפורר עם לפירורים 

בזמן הזה נכין את מלית הגבינות:
נקציף את כל חומרי מלית הגבינות למשך 4 דקות במהירות גבוהה עד שנקבל מלית יציבה 

אחרי שתחתית הבצק שתבנית התקררה נמרח עליה את מלית הגבינות 
ומעליה נפזר את הפירורים שהכנו 
נשים את העוגה במקרר ללילה בהתייצבות 
ובתיאבון ❤️ 

יצאו לי 16 חתיכות ערכים לחתיכה: 
155 קלוריות 
6.5 חלבון 
22 פחמימה
4.1 שומן",https://www.instagram.com/reel/C2Ri73So-oz/,FOOD,עוגת גבינה פירורים בלי שמנת בכלל,SWEET,עוגת גבינה,"מה נצטרך? 
לבצק פריך:
140 גרם קמח =כוס קמח
100 גרם קורנפלור =כוס פחות 4 כפות
50 גרם אבקת סוכר= חצי שקית 
ביצה 
100 גרם חמאה=חצי חבילה 

מלית הגבינות: 
3 גביעי גבינה במרקם שמנת 5%= 600 גרם 
שמנת חמוצה 9% 
קופסת ריקוטה
שקית אינסטנט פודינג=80 גרם 
4 כפות תחליף סוכר/ סוכר","הכנת הבצק פריך: 
במעבד מזון נטחן את האבקת סוכר והחמאה עד לאיחוד 
נוסיף את הקמח והקורנפלור ונטחן עד מרקם חולי,נוסיף את הביצה עד שמתגבש לבצק 
•במידה ותשתמשו בביצה קטנה מדי הבצק לא יתאחד אז במידת הצורך אפשר להוסיף כפית חלב 
•הבצק יוצא מעט דביק אז נשים אותו במקפיא ל5 דקות גג לא יותר 

שני שליש מהבצק נקח ונהדק לתחתית התבנית 
ואת השליש השני נרדד למלבן דק

נכניס גם את התבנית וגם את מלבן הבצק 
לתנור שחומם מראש ל170 מעלות טורבו ל20 דקות של אפייה/ עד שמזהיב
נוציא מהתנור ונצנן בחוץ

את המלבן שרידדנו בצד, נפורר עם לפירורים 

בזמן הזה נכין את מלית הגבינות:
נקציף את כל חומרי מלית הגבינות למשך 4 דקות במהירות גבוהה עד שנקבל מלית יציבה 

אחרי שתחתית הבצק שתבנית התקררה נמרח עליה את מלית הגבינות 
ומעליה נפזר את הפירורים שהכנו 
נשים את העוגה במקרר ללילה בהתייצבות 
ובתיאבון ❤️ 

יצאו לי 16 חתיכות ערכים לחתיכה: 
155 קלוריות 
6.5 חלבון 
22 פחמימה
4.1 שומן",YES
97,24/01/2024,עוגיות שקדים ב54 קלוריות,"עוגיות שקדים ב54 קלוריות!!! 
כל כך טעימות ובאות בול ליד הקפה של הבוקר 
מצרכים: 
60 גרם חמאה רכה
50 גרם אבקת סוכר 
100 גרם קמח
60 גרם קמח שקדים 
ביצה 
קורט מלח 
חצי כפית אבקת אפייה 
אופציונלי:
חצי כפית תמצית שקדים 
שקדים פרוסים לקישוט מעל העוגייה 

אופן הכנה: 
נערבב חמאה רכה ואבקת סוכר עד למשחה חלקה 
נוסיף את שאר המצרכים ונערבב לאיחוד 
נחלק ל27 כדורים קטנים ונמעך אותם לעיגול 
מעל העוגיות נפזר שקדים קלופים (אני שברתי אותם קצת לחתיכות קטנות) 
חשוב לדאוג להדק את השקדים לעוגייה 

נאפה בתנור שחומם מראש על 180 מעלות טורבו ל10 דקות או עד שמזהיב 
כשהעוגיות יוצאות מהתנור נפזר עליהן אבקת סוכר ונגיש
בתאבון❤️
ערכים לעוגייה אחת מתוך 27: 
54 קלוריות 
3.3 שומן 
5.1 פחמימה 
1.1 חלבון 
#דלקלוריות",https://www.instagram.com/reel/C2fRa0gIRAZ/,FOOD,עוגיות שקדים ב54 קלוריות,SWEET,עוגיות,"מצרכים: 
60 גרם חמאה רכה
50 גרם אבקת סוכר 
100 גרם קמח
60 גרם קמח שקדים 
ביצה 
קורט מלח 
חצי כפית אבקת אפייה 
אופציונלי:
חצי כפית תמצית שקדים 
שקדים פרוסים לקישוט מעל העוגייה","אופן הכנה: 
נערבב חמאה רכה ואבקת סוכר עד למשחה חלקה 
נוסיף את שאר המצרכים ונערבב לאיחוד 
נחלק ל27 כדורים קטנים ונמעך אותם לעיגול 
מעל העוגיות נפזר שקדים קלופים (אני שברתי אותם קצת לחתיכות קטנות) 
חשוב לדאוג להדק את השקדים לעוגייה 

נאפה בתנור שחומם מראש על 180 מעלות טורבו ל10 דקות או עד שמזהיב 
כשהעוגיות יוצאות מהתנור נפזר עליהן אבקת סוכר ונגיש
בתאבון❤️
ערכים לעוגייה אחת מתוך 27: 
54 קלוריות 
3.3 שומן 
5.1 פחמימה 
1.1 חלבון 
#דלקלוריות",YES
98,26/01/2024,עוגת קרמבו בגרסה הלבנה,"עוגת קרמבו בגרסה הלבנה😍 
 וגם בגרסה הדלת קלוריות ✌🏻
מצרכים: 
לבסיס: 
3 ביצים 
100 גרם תחליף סוכר/סוכר 
120 מל חלב=חצי כוס 
15 מל שמן= בערך 2 כפות 
80 גרם קמח=10 כפות שטוחות 
20 גרם אינסטנט פודינג=2 כפות שטוחות
כפית אבקת אפייה
לקרם: 
שמנת מתוקה 24% 
גבינה לבנה במרקם שמנת 5% 
120 מל חלב=חצי כוס 
60 גרם אינסטנט פודינג= 6 כפות שטוחות 
20 גרם אבקת סוכר=2 כפות שטוחות 
(במידה ואוהבים יותר מתוק אפשר להוסיף עוד אבקת סוכר) 

לציפוי שוקולד לבן: 
120 גרם שוקולד לבן 
50 מל שמנת לבישול 9% 

אופן הכנה: 
הבסיס: 
נקציף את הביצים 2 דקות לקצף תפוח ואז נוסיף את הסוכר ונקציף לעוד 2 דקות 
 נוסיף את שאר הרטובים ונקציף עוד דקה. 
נוסיף את היבשים ונערבב לאיחוד 
נמזוג את הבלילה לתבנית ונאפה בתנור שחומם מראש ל180 מעלות סטטי ל25-35 דקות 
(עד שמכניסים קיסם והוא יוצא רק עם קצת פירורים) 
נחכה שהבסיס יתקרר לפחות שעה ונתחיל להכין את הקרם 

קרם: 
נקציף 2 דקות את השמנת מתוקה להקצפה עד שמתקבל מרקם יותר סמיך 
נוסיף את החלב ונקציף עוד דקה 
נוסיף את הגבינת שמנת ונקציף עוד דקה 
נוסיף את האינסטנט פודינג והאבקת סוכר ונקציף עוד 2 דקות עד שמתקבל קרם חזק ויציב 
• שימו לב חשוב להקציף טוב את הקרם כדי שיהיה יציב 
נשים את העוגה בקירור לשעה

גנאש: 
נמיס במיקרו בפולסים של חצי דקה את השוקולד הלבן והשמנת 
כשמתקבל גנאש חלק נמזוג אותו מעל העוגה ונכניס את העוגה להתייצבות למקרר ללילה לפחות!!!! 
אחרי לילה נפרוס מהעוגה ובתיאבון ❤️❤️ 

ערכים לחתיכה מתוך 16: 
168 קלוריות 
4.8 חלבון 
8.5 שומן
14.8 פחמימה 

חושב עם תחליף סוכר ותחליף אבקת סוכר 
במידה ותשתמשו גם באינסטנט ללא קלוריות כל חתיכה תקבל פחות קלוריות 🫶🏼",https://www.instagram.com/reel/C2ju5pdI6wS/,FOOD,עוגת קרמבו בגרסה הלבנה,SWEET,עוגה,"מצרכים: 
לבסיס: 
3 ביצים 
100 גרם תחליף סוכר/סוכר 
120 מל חלב=חצי כוס 
15 מל שמן= בערך 2 כפות 
80 גרם קמח=10 כפות שטוחות 
20 גרם אינסטנט פודינג=2 כפות שטוחות
כפית אבקת אפייה
לקרם: 
שמנת מתוקה 24% 
גבינה לבנה במרקם שמנת 5% 
120 מל חלב=חצי כוס 
60 גרם אינסטנט פודינג= 6 כפות שטוחות 
20 גרם אבקת סוכר=2 כפות שטוחות 
(במידה ואוהבים יותר מתוק אפשר להוסיף עוד אבקת סוכר) 

לציפוי שוקולד לבן: 
120 גרם שוקולד לבן 
50 מל שמנת לבישול 9%","אופן הכנה: 
הבסיס: 
נקציף את הביצים 2 דקות לקצף תפוח ואז נוסיף את הסוכר ונקציף לעוד 2 דקות 
 נוסיף את שאר הרטובים ונקציף עוד דקה. 
נוסיף את היבשים ונערבב לאיחוד 
נמזוג את הבלילה לתבנית ונאפה בתנור שחומם מראש ל180 מעלות סטטי ל25-35 דקות 
(עד שמכניסים קיסם והוא יוצא רק עם קצת פירורים) 
נחכה שהבסיס יתקרר לפחות שעה ונתחיל להכין את הקרם 

קרם: 
נקציף 2 דקות את השמנת מתוקה להקצפה עד שמתקבל מרקם יותר סמיך 
נוסיף את החלב ונקציף עוד דקה 
נוסיף את הגבינת שמנת ונקציף עוד דקה 
נוסיף את האינסטנט פודינג והאבקת סוכר ונקציף עוד 2 דקות עד שמתקבל קרם חזק ויציב 
• שימו לב חשוב להקציף טוב את הקרם כדי שיהיה יציב 
נשים את העוגה בקירור לשעה

גנאש: 
נמיס במיקרו בפולסים של חצי דקה את השוקולד הלבן והשמנת 
כשמתקבל גנאש חלק נמזוג אותו מעל העוגה ונכניס את העוגה להתייצבות למקרר ללילה לפחות!!!! 
אחרי לילה נפרוס מהעוגה ובתיאבון ❤️❤️ 

ערכים לחתיכה מתוך 16: 
168 קלוריות 
4.8 חלבון 
8.5 שומן
14.8 פחמימה 

חושב עם תחליף סוכר ותחליף אבקת סוכר 
במידה ותשתמשו גם באינסטנט ללא קלוריות כל חתיכה תקבל פחות קלוריות 🫶🏼",YES
99,30/01/2024,עוגיות שוקולד צ׳יפס,"עוגיות שוקולד צ׳יפס 
בצק אחד ו3 צבעים של עוגיות!! 
יצאו לי באזור ה70 עוגיות אפשר כמובן לשנות כמויות 🫶🏼

בשיתוף ממומן עם מורפי ריצ’רדס @morphy.richards.il 

מצרכים: 
600 גרם חמאה
360 גרם סוכר לבן 
360 גרם סוכר חום
6 ביצים 
900 גרם קמח 
כפית תמצית וניל 
כפית וחצי אבקת אפייה 
כפית וחצי סודה לשתייה 

תוספות: 
לבלילה הלבנה- 250 גרם מטבעות שוקולד חלב 
לבלילה השחורה-
2 כפות קקאו 
ו250 גרם מטבעות שוקולד לבן 

אופציונלי- מלח גס 

אופן הכנה: 
בקערת מיקסר נערבב את החמאה עם הסוכרים עד למרקם משחתי 
נוסיף את הביצים והתמצית וניל ונערבב שוב לאיחוד 
נוסיף את הקמח, אבקת אפייה וסודה לשתייה ונערבב לאיחוד 
נחלק את הבלילה ל2 
לחלק אחד נוסיף מטבעות שוקולד חלב ונערבב 
ולחלק השני נוסיף קקאו ומטבעות שוקולד לבן ונערבב 

ניצור בעזרת כף גלידה 3 סוגי עוגיות 
עוגייה אחת לבנה
עוגייה אחת שחורה 
ועוגייה אחת חצי חצי 

נשים בכל תבנית 6 עוגיות ונאפה בתנור שחומם מראש ל180 מעלות טורבו ל12 דקות 

נחכה שהעוגיות יצטננו ונגיש 
בתאבון ❤️ 
•מהכמות יצאו לי באזור ה70 עוגיות אבל זה ישתנה בהתאם לכף שבה תשתמשו",https://www.instagram.com/reel/C2utMVxoq2H/,FOOD,עוגיות שוקולד צ׳יפס,SWEET,עוגיות,"מצרכים: 
600 גרם חמאה
360 גרם סוכר לבן 
360 גרם סוכר חום
6 ביצים 
900 גרם קמח 
כפית תמצית וניל 
כפית וחצי אבקת אפייה 
כפית וחצי סודה לשתייה 

תוספות: 
לבלילה הלבנה- 250 גרם מטבעות שוקולד חלב 
לבלילה השחורה-
2 כפות קקאו 
ו250 גרם מטבעות שוקולד לבן 

אופציונלי- מלח גס","אופן הכנה: 
בקערת מיקסר נערבב את החמאה עם הסוכרים עד למרקם משחתי 
נוסיף את הביצים והתמצית וניל ונערבב שוב לאיחוד 
נוסיף את הקמח, אבקת אפייה וסודה לשתייה ונערבב לאיחוד 
נחלק את הבלילה ל2 
לחלק אחד נוסיף מטבעות שוקולד חלב ונערבב 
ולחלק השני נוסיף קקאו ומטבעות שוקולד לבן ונערבב 

ניצור בעזרת כף גלידה 3 סוגי עוגיות 
עוגייה אחת לבנה
עוגייה אחת שחורה 
ועוגייה אחת חצי חצי 

נשים בכל תבנית 6 עוגיות ונאפה בתנור שחומם מראש ל180 מעלות טורבו ל12 דקות 

נחכה שהעוגיות יצטננו ונגיש 
בתאבון ❤️ 
•מהכמות יצאו לי באזור ה70 עוגיות אבל זה ישתנה בהתאם לכף שבה תשתמשו",YES
101,02/02/2024,בורקס בשר מדפי אורז,"בורקס בשר מדפי אורז!!!! 
אחרי שעפתם על הבורקס גבינות מדפי אורז העלתי לכם היום את הגרסא הבשרית 🥩
• רשמתי לכם בסוף המתכון דגשים אז אל תפספסו 
מצרכים: 
חצי קילו בשר טחון 
בצל 
כף שמן זית
גמבה 
שום 
פטרוזיליה 
קופסת רסק עגבניות 
2 כפות טריאקי 
מלח פלפל לפי הטעם

15 דפי אורז 
ביצה 
כפית סילאן 
כוס מים 
שומשום 

אופן הכנה: 
בשר: 
נטגן בצל בשמן זית עד שמזהיב, נוסיף את השום המלח והגמבה ונערבב עד שהגמבה מתרככת 
נוסיף את הבשר ונטגן נוסיף את הפטרוזיליה והרסק עגבניות ונערבב עד שהכל אחיד 
 
דפי אורז: 
בקערה שטוחה נערבב את הביצה,סילאן ומים 
נטבול כל דף אורז 40 שניות בבלילה ונוציא לצלחת 
נקפל את הדף לחצי נשים בערך 2 כפות מהבלילה ונסגור את הדף בדיוק כמו בסרטון 
נשים את כל הבורקסים בתבנית את הבלילה שנשארה נמרח על הבורקסים ואז נפזר שומשום 
נאפה בתנור שחומם מראש טורבו 200 מעלות לחצי שעה 
נגיד עם טחינה ובתאבון ❤️ 

דגשים חשובים: 
1. לא רשמתי קלוריות כי הקלוריות ישתנו בהתאם לנתח בשר שתקנו בהתאם לכמות שומן שיש בו 
2. ⁠הבשר ממשיך להתבשל בתנור אז תקחו את זה בחשבון כשאתם מבשלים את הבשר 
3. ⁠במידה ותכינו עם בשר שיש בו הרבה שומן במהלך האפייה חלק מהשומן ייברח מהבורקס וזה בסדר, פשוט אחרי חצי שעה אפייה תהפכו את הבורקס ותאפו עוד עשר דקות",https://www.instagram.com/reel/C21uUtNohvV/,FOOD,בורקס בשר מדפי אורז,SAVORY,בורקס,"מצרכים: 
חצי קילו בשר טחון 
בצל 
כף שמן זית
גמבה 
שום 
פטרוזיליה 
קופסת רסק עגבניות 
2 כפות טריאקי 
מלח פלפל לפי הטעם

15 דפי אורז 
ביצה 
כפית סילאן 
כוס מים 
שומשום","אופן הכנה: 
בשר: 
נטגן בצל בשמן זית עד שמזהיב, נוסיף את השום המלח והגמבה ונערבב עד שהגמבה מתרככת 
נוסיף את הבשר ונטגן נוסיף את הפטרוזיליה והרסק עגבניות ונערבב עד שהכל אחיד 
 
דפי אורז: 
בקערה שטוחה נערבב את הביצה,סילאן ומים 
נטבול כל דף אורז 40 שניות בבלילה ונוציא לצלחת 
נקפל את הדף לחצי נשים בערך 2 כפות מהבלילה ונסגור את הדף בדיוק כמו בסרטון 
נשים את כל הבורקסים בתבנית את הבלילה שנשארה נמרח על הבורקסים ואז נפזר שומשום 
נאפה בתנור שחומם מראש טורבו 200 מעלות לחצי שעה 
נגיד עם טחינה ובתאבון ❤️ 

דגשים חשובים: 
1. לא רשמתי קלוריות כי הקלוריות ישתנו בהתאם לנתח בשר שתקנו בהתאם לכמות שומן שיש בו 
2. ⁠הבשר ממשיך להתבשל בתנור אז תקחו את זה בחשבון כשאתם מבשלים את הבשר 
3. ⁠במידה ותכינו עם בשר שיש בו הרבה שומן במהלך האפייה חלק מהשומן ייברח מהבורקס וזה בסדר, פשוט אחרי חצי שעה אפייה תהפכו את הבורקס ותאפו עוד עשר דקות",YES
102,09/02/2024,ספגטי ברוטב בצל מקורמל,"ספגטי ברוטב בצל מקורמל!!!! 
אמאלה איזו מנה מיוחדת וטעימה יצא לי 😍 
מה נצטרך? 
7 בצלים
15 גרם חמאה
חבילת ספגטי 
2 גבינת שמנת 5% 
חצי כוס חלב 
טימין 
מלח 
כפית שום כתוש
אופן הכנה: 
1. נחתוך את הבצלים לרצועות ונטגן על אש נמוכה ביחד עם החמאה בערך 40 דקות עד שהם מתקרמלים
2. ⁠במקביל נכין את הספגטי לפי הוראות היצרן 
3. ⁠אחרי שהבצלים התקרמלו נוסיף 2 גבינת שמנת 5% חצי כוס חלב טימין ומלח ונערבב 
4. ⁠נוסיף את הספגטי ונערבב עד שכל הרוטב עוטף את הספגטי 
5. ⁠ובתיאבון 😍❤️. 

•אם רוצים לקצר תהליך אפשר אחרי כמה דקות להוסיף כף מים",https://www.instagram.com/reel/C3Hj_wzRsOp/,FOOD,ספגטי ברוטב בצל מקורמל,SAVORY,פסטה,"מה נצטרך? 
7 בצלים
15 גרם חמאה
חבילת ספגטי 
2 גבינת שמנת 5% 
חצי כוס חלב 
טימין 
מלח 
כפית שום כתוש","אופן הכנה: 
1. נחתוך את הבצלים לרצועות ונטגן על אש נמוכה ביחד עם החמאה בערך 40 דקות עד שהם מתקרמלים
2. ⁠במקביל נכין את הספגטי לפי הוראות היצרן 
3. ⁠אחרי שהבצלים התקרמלו נוסיף 2 גבינת שמנת 5% חצי כוס חלב טימין ומלח ונערבב 
4. ⁠נוסיף את הספגטי ונערבב עד שכל הרוטב עוטף את הספגטי 
5. ⁠ובתיאבון 😍❤️. 

•אם רוצים לקצר תהליך אפשר אחרי כמה דקות להוסיף כף מים",YES
103,13/02/2024,ניוקי סלק,"הפעם מאיר הבן זוג שלי הצטרף אליי להכנת המתכון 😍 
הכנו ניוקי סלק שאפשר להכין עם בן הזוג מתכון במיוחד לוולנטיין ❤️ 
@meir43214 
מצרכים: 
700 גרם תפוחי אדמה (3 תפוחי אדמה בינוניים)
סלק בינוני
140 גרם קמח 
חלמון 
10 גרם קמח למשטח עבודה 

לרוטב: 
חתיכת חמאה (בערך 20 גרם) 
עלי נענע 
חתיכות לימון
100 מ״ל יין לבן (בערך 2/3 כוס) 
כפית שום כתוש 
מלח 
גרידת לימון

אופן הכנה: 
שמים את התפוחי אדמה ל15 דקות בתנור 
אחרי רבע שעה בודקים אם התפוחי אדמה רכים אם לא מכניסים לעוד 2-3 דקות 
לקחתי את הטריק של לשים את תפוחי האדמה במיקרו במקום בתנור מקורל חוטה @coral.hota 💘
בנתיים נטחן את הסלק (אני השתמשתי בסלק בוואקום)
נמעך את תפוחי האדמה (אפשר עם מזלג/מסננת/לטחון/ מועך תפוחי אדמה) 
נוסיף חלמון,קמח ואת הסלק הטחון
נלוש עד שמתקבל בצק אלסטי (אפשר להוסיף כף קמח במידת הצורך) 
נחלק את הבצק ל4 וכל רבע נגלגל על משטח מקומח לגליל ארוך 
נחתוך לחתיכות ונכניס למים רותחים ונוציא ברגע שהניקוי מתחיל לצוף (פלוס מינוס דקה) 

להכנת הרוטב: 
נמיס על מחבת חמאה נוסיף שום חתיכות לימון ואת היין הלבן נצמצם את היין כמה דקות 
ונוסיף נענע מיץ לימון וגרידת לימון 
נוסיף את הניוקי ונערבב לאיחוד 
נמזוג לצלחת נגיש עם גרידת לימון ופרמזן בתאבון ❤️ 
ולנטיין שמח 😻

יוצא מהכמות שתי מנות גדולות או 3 בינוניות",https://www.instagram.com/reel/C3S2EVaREkq/,FOOD,ניוקי סלק,SAVORY,פסטה,"מצרכים: 
700 גרם תפוחי אדמה (3 תפוחי אדמה בינוניים)
סלק בינוני
140 גרם קמח 
חלמון 
10 גרם קמח למשטח עבודה 

לרוטב: 
חתיכת חמאה (בערך 20 גרם) 
עלי נענע 
חתיכות לימון
100 מ״ל יין לבן (בערך 2/3 כוס) 
כפית שום כתוש 
מלח 
גרידת לימון","אופן הכנה: 
שמים את התפוחי אדמה ל15 דקות בתנור 
אחרי רבע שעה בודקים אם התפוחי אדמה רכים אם לא מכניסים לעוד 2-3 דקות 
לקחתי את הטריק של לשים את תפוחי האדמה במיקרו במקום בתנור מקורל חוטה @coral.hota 💘
בנתיים נטחן את הסלק (אני השתמשתי בסלק בוואקום)
נמעך את תפוחי האדמה (אפשר עם מזלג/מסננת/לטחון/ מועך תפוחי אדמה) 
נוסיף חלמון,קמח ואת הסלק הטחון
נלוש עד שמתקבל בצק אלסטי (אפשר להוסיף כף קמח במידת הצורך) 
נחלק את הבצק ל4 וכל רבע נגלגל על משטח מקומח לגליל ארוך 
נחתוך לחתיכות ונכניס למים רותחים ונוציא ברגע שהניקוי מתחיל לצוף (פלוס מינוס דקה) 

להכנת הרוטב: 
נמיס על מחבת חמאה נוסיף שום חתיכות לימון ואת היין הלבן נצמצם את היין כמה דקות 
ונוסיף נענע מיץ לימון וגרידת לימון 
נוסיף את הניוקי ונערבב לאיחוד 
נמזוג לצלחת נגיש עם גרידת לימון ופרמזן בתאבון ❤️ 
ולנטיין שמח 😻

יוצא מהכמות שתי מנות גדולות או 3 בינוניות",YES
104,16/02/2024,מיני קיש בטטה מטורטייה,"מיני קיש בטטה מטורטייה!!! 
פתרון נדיר לארוחת ערב או אם באלכם להכין משהו קליל לאירוח 

מצרכים: 
4 טורטיות 
קורצן עיגולים/ לגזור עם מספריים 
ביצה 
חצי גביע קוטג 
2 כפות בולגרית 5% 
חצי בטטה 
חצי בצל סגול 
פרוסת גבינה צהובה 9%
כף קמח 
מלח פלפל לפי הטעם
תרסיס שמן

אופן הכנה: 
1. נחתוך את הבטטה והבצל סגול לקוביות קטנות נרסס קצת שמן ונכניס לתנור לחצי שעה על 180 מעלות או עד שהם מתרככים 
2. ⁠נקרוץ מהטורטייה עיגולים ונניח בתבנית מאפינס 
3. ⁠נכין את הבלילה- נערבב את כל המצרכים בקערה אחת (כולל הבטטה והבצל) 
4. ⁠נמזוג מהבלילה אל הטורטייה 
5. ⁠נאפה בתנור שחומם מראש על 180 לחצי שעה או עד שהקישים מזהיבים 

בתאבון❤️❤️❤️ 

•אם אתם רוצים שהתחתית תצא יותר קריסיפית אז תאפו את הטורטיות 10 דקות בתנור ורק אז תמלאו אותן בבלילה

ערכים לקיש: 
93 קלוריות
3 שומן 
11.4 פחמימה 
5.3 חלבון 

#דלקלוריות #חיטוב",https://www.instagram.com/reel/C3ZmSBaxWHw/,FOOD,מיני קיש בטטה מטורטייה,SAVORY,קיש,"מצרכים: 
4 טורטיות 
קורצן עיגולים/ לגזור עם מספריים 
ביצה 
חצי גביע קוטג 
2 כפות בולגרית 5% 
חצי בטטה 
חצי בצל סגול 
פרוסת גבינה צהובה 9%
כף קמח 
מלח פלפל לפי הטעם
תרסיס שמן","אופן הכנה: 
1. נחתוך את הבטטה והבצל סגול לקוביות קטנות נרסס קצת שמן ונכניס לתנור לחצי שעה על 180 מעלות או עד שהם מתרככים 
2. ⁠נקרוץ מהטורטייה עיגולים ונניח בתבנית מאפינס 
3. ⁠נכין את הבלילה- נערבב את כל המצרכים בקערה אחת (כולל הבטטה והבצל) 
4. ⁠נמזוג מהבלילה אל הטורטייה 
5. ⁠נאפה בתנור שחומם מראש על 180 לחצי שעה או עד שהקישים מזהיבים 

בתאבון❤️❤️❤️ 

•אם אתם רוצים שהתחתית תצא יותר קריסיפית אז תאפו את הטורטיות 10 דקות בתנור ורק אז תמלאו אותן בבלילה

ערכים לקיש: 
93 קלוריות
3 שומן 
11.4 פחמימה 
5.3 חלבון 

#דלקלוריות #חיטוב",YES
106,23/02/2024,מתכון לכדורי שוקולד מושלמים,"מתכון לכדורי שוקולד מושלמים 🍫 
איזה סוג של אנשים אתם? הסוג שאוהב שהביסקוויטים טחונים דק דק דק או שחייב אותם בחתיכות גדולות? 

מצרכים: 
שרוול ביסקוויטים =250 גרם
חבילת שוקולד חלב/ מריר = 100 גרם
4 כפות קקאו = 40 גרם 
6 כפות סוכר/תחליף סוכר= 60 גרם 
חצי כוס חלב = 120 גרם

אופציונלי- קוקוס לקישוט
אופן הכנה:
1. נטחן את הביסקוויטים דק 
2. נמיס במחבת את יתר המצרכים (חוץ מהביסקיוויטים) 
3. נערבב בין הביסקוויטים לבלילת השוקולד המומסת ונערבב לאיחוד 
4. ⁠נכדרר כדורים נצפה בקוקוס ובתאבון 😍

יצאו לי 23 כדורי שוקולד 
יחד עם תחליף סוכר כל כדור יוצא 83 קלוריות 
ועם סוכר רגיל 93 קלוריות 

#דלקלוריות",https://www.instagram.com/reel/C3rseqtI0r5/,FOOD,מתכון לכדורי שוקולד מושלמים,SWEET,כדורי אנרגיה/ממתק,"מצרכים: 
שרוול ביסקוויטים =250 גרם
חבילת שוקולד חלב/ מריר = 100 גרם
4 כפות קקאו = 40 גרם 
6 כפות סוכר/תחליף סוכר= 60 גרם 
חצי כוס חלב = 120 גרם

אופציונלי- קוקוס לקישוט","אופן הכנה:
1. נטחן את הביסקוויטים דק 
2. נמיס במחבת את יתר המצרכים (חוץ מהביסקיוויטים) 
3. נערבב בין הביסקוויטים לבלילת השוקולד המומסת ונערבב לאיחוד 
4. ⁠נכדרר כדורים נצפה בקוקוס ובתאבון 😍

יצאו לי 23 כדורי שוקולד 
יחד עם תחליף סוכר כל כדור יוצא 83 קלוריות 
ועם סוכר רגיל 93 קלוריות 

#דלקלוריות",YES
107,26/02/2024,עוגת שוקולד ב87 קלוריות לחתיכה,"עוגת שוקולד שוקולדית כזאת מטורפתתתתתתתת 🍫🍫 
87 קלוריות לחתיכה 🤤 

מה נצטרך??? 
4 ביצים 
כוס סוכר או תחליף סוכר 
כוס קמח 
כוס חלב 
100 גרם קקאו = חצי כוס + 3 כפות 
כפית וחצי אבקת אפייה 
3 כפות שמן 

לגנאש: 
100 גרם שוקולד חלב= חבילה 
40 גרם חלב = 4 כפות 

אופן הכנה: 
נקציף את הביצים למשך דקה ואז נוסיף את הסוכר ונקציף לעוד 4 דקות 
נוסיף את שאר המצרכים ונערבב לאיחוד 
נמזוג לתבנית ונאפה על 160 מעלות 
זמן האפייה משתנה בין תנור לתנור אחרי 35 דקות ממליצה להתחיל לבדוק את העוגה עם קיסם וברגע שהקיסם יוצא עם פירורים נוציא את העוגה מהתנור 💘💘💘 

בתאבון ומחכה לשמוע איך יצא לכם 🥰❤️
יצאו לי 24 חתיכות רושמת לכם ערכים לכל העוגה למקרה שתרצו לחלק ליותר או פחות 

2,084 קלוריות 
100 גרם שומן 
200 גרם פחמימה 
80 גרם חלבון",https://www.instagram.com/reel/C30SPaQt1Eu/,FOOD,עוגת שוקולד שוקולדית כזאת מטורפתתתתתתתת,SWEET,עוגה,"מה נצטרך??? 
4 ביצים 
כוס סוכר או תחליף סוכר 
כוס קמח 
כוס חלב 
100 גרם קקאו = חצי כוס + 3 כפות 
כפית וחצי אבקת אפייה 
3 כפות שמן 

לגנאש: 
100 גרם שוקולד חלב= חבילה 
40 גרם חלב = 4 כפות","אופן הכנה: 
נקציף את הביצים למשך דקה ואז נוסיף את הסוכר ונקציף לעוד 4 דקות 
נוסיף את שאר המצרכים ונערבב לאיחוד 
נמזוג לתבנית ונאפה על 160 מעלות 
זמן האפייה משתנה בין תנור לתנור אחרי 35 דקות ממליצה להתחיל לבדוק את העוגה עם קיסם וברגע שהקיסם יוצא עם פירורים נוציא את העוגה מהתנור 💘💘💘 

בתאבון ומחכה לשמוע איך יצא לכם 🥰❤️
יצאו לי 24 חתיכות רושמת לכם ערכים לכל העוגה למקרה שתרצו לחלק ליותר או פחות 

2,084 קלוריות 
100 גרם שומן 
200 גרם פחמימה 
80 גרם חלבון",YES
108,28/02/2024,אוזני המן אמסטרדם,"אוזני המן אמסטרדם קטלניות!!! 
תאמינו לי אין אחד שלא יברך אתכם אם תכינו לו אותם במשלוח מנות 🎭

מצרכים: 
100 גרם חמאה = חצי חבילה 
50 גרם אבקת סוכר = חצי חבילה 
100 גרם קורנפלור = 10 כפות שטוחות 
120 גרם קמח = כוס פחות 2 כפות 
20 גרם קקאו = 2 כפות קקאו 
ביצה L 
אופציונלי - 2 כפיות חלב (ארשום בהסבר) 

למילוי - 220 גרם שוקולד לבן 

אופן הכנה: 
במיקסר עם וו גיטרה נשים את החמאה והאבקת סוכר ונערבב עד שהם יהפכו למשחה 
נוסיף את שאר היבשים ונפעיל את המיקסר עד שנקבל מרקם חולי 
ואז נוסיף את הביצה ונפעיל לאיחוד 
(במידה ותשתמשו בביצה קטנה מדי תצטרכו להוסיף כפית או 2 של חלב, אם לאחר 2 דקות מרגע הוספת הביצה אתם רואים שהבצק לא יתאחד אז תוסיפו כל פעם כפית אחת) 

•נמיס את השוקולד הלבן ונעביר לשקית זילוף
נרדד את הבצק בין 2 ניירות אפייה נקרוץ עיגולים נזלף בכל עיגול מהשוקולד הלבן נסגור לאוזן המן ונאפה בתנור שחומם מראש על 170 מעלות חום עליון תחתון ל13 דקות 

נוציא מהתנור נפזר קצת אבקת סוכר ובתאבון 💘💘💘 

יצאו לי 22 אוזני המן כל אוזן המן 142 קלוריות",https://www.instagram.com/reel/C35hMaNIqVB/,FOOD,אוזני המן אמסטרדם קטלניות,SWEET,עוגיות,"מצרכים: 
100 גרם חמאה = חצי חבילה 
50 גרם אבקת סוכר = חצי חבילה 
100 גרם קורנפלור = 10 כפות שטוחות 
120 גרם קמח = כוס פחות 2 כפות 
20 גרם קקאו = 2 כפות קקאו 
ביצה L 
אופציונלי - 2 כפיות חלב (ארשום בהסבר) 

למילוי - 220 גרם שוקולד לבן","אופן הכנה: 
במיקסר עם וו גיטרה נשים את החמאה והאבקת סוכר ונערבב עד שהם יהפכו למשחה 
נוסיף את שאר היבשים ונפעיל את המיקסר עד שנקבל מרקם חולי 
ואז נוסיף את הביצה ונפעיל לאיחוד 
(במידה ותשתמשו בביצה קטנה מדי תצטרכו להוסיף כפית או 2 של חלב, אם לאחר 2 דקות מרגע הוספת הביצה אתם רואים שהבצק לא יתאחד אז תוסיפו כל פעם כפית אחת) 

•נמיס את השוקולד הלבן ונעביר לשקית זילוף
נרדד את הבצק בין 2 ניירות אפייה נקרוץ עיגולים נזלף בכל עיגול מהשוקולד הלבן נסגור לאוזן המן ונאפה בתנור שחומם מראש על 170 מעלות חום עליון תחתון ל13 דקות 

נוציא מהתנור נפזר קצת אבקת סוכר ובתאבון 💘💘💘 

יצאו לי 22 אוזני המן כל אוזן המן 142 קלוריות",YES
109,01/03/2024,סלט קינואה עם תפוז,"סלט קינואה עם תפוז 🍊
אין סלט מרענן כמו הסלט הזה!!! 
מי שלא הוסיף עד היום פרי לסלט שלו לא יודע מה הוא מפסיד 

מצרכים: 
חצי כוס קינואה לפני בישול 
תפוז 
בצל סגול 
גמבה אדומה 
כוס גרגירי חומוס (אני השתמשתי בשימורים)
נענע קצוצה 

רוטב: 
מיץ לימון מחצי לימון 
2 כפות שמן זית 
כפית חרדל 
2 כפיות סילאן 
מלח פלפל לפי הטעם

אופן הכנה: 
•קינואה- 
נשים בסיר חצי כוס קינואה כוס מים רותחים וכפית מלח נבשל במשך 12 דקות על אש נמוכה 
•רוטב לסלט- נערבב את כל המצרכים בקערית קטנה 
•נחתוך את התפוז,בצל והגמבה לחתיכות
•נערבב את כל המצרכים של הסלט בקערה גדולה 
•נשפוך את הרוטב של הסלט על הסלט נערבב ובתיאבון ❤️❤️❤️❤️",https://www.instagram.com/reel/C39tTw3I2t-/,FOOD,סלט קינואה עם תפוז,SAVORY,סלט,"מצרכים: 
חצי כוס קינואה לפני בישול 
תפוז 
בצל סגול 
גמבה אדומה 
כוס גרגירי חומוס (אני השתמשתי בשימורים)
נענע קצוצה 

רוטב: 
מיץ לימון מחצי לימון 
2 כפות שמן זית 
כפית חרדל 
2 כפיות סילאן 
מלח פלפל לפי הטעם","אופן הכנה: 
•קינואה- 
נשים בסיר חצי כוס קינואה כוס מים רותחים וכפית מלח נבשל במשך 12 דקות על אש נמוכה 
•רוטב לסלט- נערבב את כל המצרכים בקערית קטנה 
•נחתוך את התפוז,בצל והגמבה לחתיכות
•נערבב את כל המצרכים של הסלט בקערה גדולה 
•נשפוך את הרוטב של הסלט על הסלט נערבב ובתיאבון ❤️❤️❤️❤️",YES
110,04/03/2024,ריזוטו פתיתים פסטו ,"ריזוטו פתיתים פסטו שיוצא היסטרי!!! 

פרסום ממומן בשיתוף דורות @dorotsimplycook

מצרכים: 
כוס פתיתים 
כוס ו3/4 מים רותחים 
2-3 קוביות בצל מטוגן של ״דורות״
קוביית שום כתוש של ״דורות״
3/4 כוס חלב 
3-4 קוביות פסטו של ״דורות״ 
30 פרמזן מגורד (3 כפות)

אופן הכנה: 
בסיר נחמם את קוביות הבצל המטוגן ואת השום כתוש נוסיף את הפתיתים ונטגן עוד דקה ואז נוסיף את המלח. 
נמזוג כל פעם מים בהדרגה, ברגע שהמים מצטמצמים נמזוג עוד קצת (שימו לב אם תכינו על אש גבוהה מדי המים יצטמצמו מהר מדי ויכול להיות שתצטרכו למזוג עוד מים) 
נוסיף את החלב ואת קוביות הפסטו ונערבב לאיחוד 
ברגע שהחלב יצטמצם קצת נוסיף את הפרמזן כדי שהריזוטו יקבל מרקם סמיך ומפנק 
נגיש בצלחת יפה נפזר למעלה עוד פרמזן ובתאבון 💘💘 

ערכים למאה גרם:
149 קלוריות 
7.1 חלבון 
11.9 שומן 
3.1 פחמימה",https://www.instagram.com/reel/C4GQmFXoqfZ/,FOOD,ריזוטו פתיתים פסטו שיוצא היסטרי,SAVORY,ריזוטו,"מצרכים: 
כוס פתיתים 
כוס ו3/4 מים רותחים 
2-3 קוביות בצל מטוגן של ״דורות״
קוביית שום כתוש של ״דורות״
3/4 כוס חלב 
3-4 קוביות פסטו של ״דורות״ 
30 פרמזן מגורד (3 כפות)","אופן הכנה: 
בסיר נחמם את קוביות הבצל המטוגן ואת השום כתוש נוסיף את הפתיתים ונטגן עוד דקה ואז נוסיף את המלח. 
נמזוג כל פעם מים בהדרגה, ברגע שהמים מצטמצמים נמזוג עוד קצת (שימו לב אם תכינו על אש גבוהה מדי המים יצטמצמו מהר מדי ויכול להיות שתצטרכו למזוג עוד מים) 
נוסיף את החלב ואת קוביות הפסטו ונערבב לאיחוד 
ברגע שהחלב יצטמצם קצת נוסיף את הפרמזן כדי שהריזוטו יקבל מרקם סמיך ומפנק 
נגיש בצלחת יפה נפזר למעלה עוד פרמזן ובתאבון 💘💘 

ערכים למאה גרם:
149 קלוריות 
7.1 חלבון 
11.9 שומן 
3.1 פחמימה",YES
111,06/03/2024,רוזלך נוטלה,"רוזלך נוטלה טעים במיוחד! 
82 קלוריות ליחידה 🥰 

מה נצטרך? 
420 גרם קמח = 3 כוסות 
240 מל מים= כוס 
כפית שמרים יבשים 
כף שמן זית 
כפית מלח 

למילוי - איזה ממרח שאוהבים אני השתמשתי ב250 גרם נוטלה 

אופן הכנה: 
בקערת המיקסר נשים קמח מים שמרים ושמן זית ונפעיל ל8 דקות 
לאחר 8 דקות נוסיף את המלח ונפעיל שוב את המיקסר ל2 דקות 
• לאחר 10 דקות נבדוק האם התפתחה בבצק רשת גלוטן אם כן מעולה ואם לא נפעיל את המיקסר לעוד כמה דקות (בהייליט טיפים בעמוד שלי יש הסבר איך בודקים רשת גלוטן) 

נתפיח את הבצק בקערה למשך שעה-שעה וחצי 
לאחר מכן נחלק את הבצק ל2 כל חלק נרדד למלבן דק נמרח נוטלה נגלל לגליל ונחתוך לחתיכות 

נאפה בתנור שחומם מראש על 200 מעלות ל10 דקות (או עד שמזהיב) 
נפזר אבקת סוכר ובתאבון 💘💘💘💘 

יצאו לי 36 רוזלכים כל אחד עם 82 קלוריות",https://www.instagram.com/reel/C4LdaZAI5Wd/,FOOD,רוזלך נוטלה טעים במיוחד,SWEET,ממרח,"מה נצטרך? 
420 גרם קמח = 3 כוסות 
240 מל מים= כוס 
כפית שמרים יבשים 
כף שמן זית 
כפית מלח 

למילוי - איזה ממרח שאוהבים אני השתמשתי ב250 גרם נוטלה","אופן הכנה: 
בקערת המיקסר נשים קמח מים שמרים ושמן זית ונפעיל ל8 דקות 
לאחר 8 דקות נוסיף את המלח ונפעיל שוב את המיקסר ל2 דקות 
• לאחר 10 דקות נבדוק האם התפתחה בבצק רשת גלוטן אם כן מעולה ואם לא נפעיל את המיקסר לעוד כמה דקות (בהייליט טיפים בעמוד שלי יש הסבר איך בודקים רשת גלוטן) 

נתפיח את הבצק בקערה למשך שעה-שעה וחצי 
לאחר מכן נחלק את הבצק ל2 כל חלק נרדד למלבן דק נמרח נוטלה נגלל לגליל ונחתוך לחתיכות 

נאפה בתנור שחומם מראש על 200 מעלות ל10 דקות (או עד שמזהיב) 
נפזר אבקת סוכר ובתאבון 💘💘💘💘 

יצאו לי 36 רוזלכים כל אחד עם 82 קלוריות",YES
112,08/03/2024,לחם זעתר עם גבינות שמכינים על מחבת,"לחם זעתר עם גבינות שמכינים על מחבת!!! 
עם 20 גרם חלבון ✨

אם אהבתם אל תשכחו לעקוב לעוד מתכונים 🫶🏼❤️ 

מצרכים: 
לבצק: 
250 גרם קמח = כוס וחצי ועוד 4 כפות 
יוגורט 0% 200 גרם = יוגורט שלם 
2 כפות זעתר 
כפית אבקת אפייה 
כפית מלח 

לתערובת הגבינות: 
3 כפות גדושות/ 100 גרם קוטג׳ 5% 
5 פרוסות/ 140 גרם גבינה צהובה 9% 
3 כפות/60 גרם בולגרית 5% 

לציפוי: 
כף שמן זית 
כף זעתר
אופן הכנה: 
נלוש בקערה את כל חומרי הבצק עד שמתקבל בצק נוח ואלסטי לעבודה 
אם תלושי ביד לוקח בערך 10 דקות ואם במיקסר עם וו לישה אז 5 דקות 
בהתחלה הבצק ירגיש שהוא לא עומד להתאחד אבל בסוף זה קורה 

למלית הגבינות: 
נחתוך את הגבינה הצהובה לריבועים ונערבב את כל הגבינות ביחד 

את הבצק נחלק ל5 חתיכות כל חתיכה 90-92 גרם 
נרדד כל חתיכה לריבוע נשים באמצע 2 כפות ממלית הגבינות נקפל היטב!!! שימו לב שזה שלב חשוב כדי שהגבינות לא יברחו בשלב הטיגון
נטגן על אש נמוכה מכל צד בערך 3-4 דקות 
נמרח מעל כל חתיכה מתערובת הציפוי שהכנו 
ובתאבון💘💘💘💘

•דגש חשוב יש הבדל בין חברות הקוטג׳ הקיימות אם אתם מרגישים שהקוטג׳ שיש לכם נוזלי אז עדיף שתשימו פחות מהכמות שרשמתי 

ערכים ליחידה מתוך 5: 
335 קלוריות 
7.9 גרם שומן 
44.4 גרם פחמימה 
20.2 גרם חלבון",https://www.instagram.com/reel/C4PuoimIoLH/,FOOD,לחם זעתר עם גבינות שמכינים על מחבת,SAVORY,לחם/מאפה,"מצרכים: 
לבצק: 
250 גרם קמח = כוס וחצי ועוד 4 כפות 
יוגורט 0% 200 גרם = יוגורט שלם 
2 כפות זעתר 
כפית אבקת אפייה 
כפית מלח 

לתערובת הגבינות: 
3 כפות גדושות/ 100 גרם קוטג׳ 5% 
5 פרוסות/ 140 גרם גבינה צהובה 9% 
3 כפות/60 גרם בולגרית 5% 

לציפוי: 
כף שמן זית 
כף זעתר","אופן הכנה: 
נלוש בקערה את כל חומרי הבצק עד שמתקבל בצק נוח ואלסטי לעבודה 
אם תלושי ביד לוקח בערך 10 דקות ואם במיקסר עם וו לישה אז 5 דקות 
בהתחלה הבצק ירגיש שהוא לא עומד להתאחד אבל בסוף זה קורה 

למלית הגבינות: 
נחתוך את הגבינה הצהובה לריבועים ונערבב את כל הגבינות ביחד 

את הבצק נחלק ל5 חתיכות כל חתיכה 90-92 גרם 
נרדד כל חתיכה לריבוע נשים באמצע 2 כפות ממלית הגבינות נקפל היטב!!! שימו לב שזה שלב חשוב כדי שהגבינות לא יברחו בשלב הטיגון
נטגן על אש נמוכה מכל צד בערך 3-4 דקות 
נמרח מעל כל חתיכה מתערובת הציפוי שהכנו 
ובתאבון💘💘💘💘

•דגש חשוב יש הבדל בין חברות הקוטג׳ הקיימות אם אתם מרגישים שהקוטג׳ שיש לכם נוזלי אז עדיף שתשימו פחות מהכמות שרשמתי 

ערכים ליחידה מתוך 5: 
335 קלוריות 
7.9 גרם שומן 
44.4 גרם פחמימה 
20.2 גרם חלבון",YES
113,12/03/2024,עוגת מייפל ופקאן בלי שמן בכלל,"עוגת מייפל ופקאן בלי שמן בכלל!!!! 
מצרכים: 
4 ביצים 
כוס תחליף סוכר/סוכר 
כוס חלב 
240 גרם קמח= כוס וחצי+ 2 כפות 
שקית אבקת אפייה 
100 גרם מייפל 
אופציונלי- פקאן גרוס מעל העוגה 

אופן הכנה: 
נקציף את הביצים 2 דקות ואז נוסיף את הסוכר ונקציף לעוד 2-3 דקות 
נמזוג את החלב ונוסיף את הקמח והאבקת אפייה ונערבב לאיחוד 

נמזוג לתבנית אינגלייש קייק ונפזר למעלה פקאן גרוס 
נאפה בתנור על 180 מעלות טורבו 40-50 דקות (תלוי בתנור יכול להיות גם פחות) 
כשהעוגה יוצאת מהתנור נחורר אותה עם שיפוד/קיסם ואז נמזוג את המייפל 

וזהו העוגה מוכנה בתאבון ❤️❤️ 

בחלוקה ל14 חתיכות כל חתיכה תהיה 117 קלוריות ✨

•אני השתמשתי בתבנית אינגלייש קייק יחסית ארוכה אז אם שלכם קצרה יותר ממליצה להכין בתבנית עגולה",https://www.instagram.com/reel/C4a8n7MID3R/,FOOD,עוגת מייפל ופקאן בלי שמן בכלל,SWEET,עוגה,"מצרכים: 
4 ביצים 
כוס תחליף סוכר/סוכר 
כוס חלב 
240 גרם קמח= כוס וחצי+ 2 כפות 
שקית אבקת אפייה 
100 גרם מייפל 
אופציונלי- פקאן גרוס מעל העוגה","אופן הכנה: 
נקציף את הביצים 2 דקות ואז נוסיף את הסוכר ונקציף לעוד 2-3 דקות 
נמזוג את החלב ונוסיף את הקמח והאבקת אפייה ונערבב לאיחוד 

נמזוג לתבנית אינגלייש קייק ונפזר למעלה פקאן גרוס 
נאפה בתנור על 180 מעלות טורבו 40-50 דקות (תלוי בתנור יכול להיות גם פחות) 
כשהעוגה יוצאת מהתנור נחורר אותה עם שיפוד/קיסם ואז נמזוג את המייפל 

וזהו העוגה מוכנה בתאבון ❤️❤️ 

בחלוקה ל14 חתיכות כל חתיכה תהיה 117 קלוריות ✨

•אני השתמשתי בתבנית אינגלייש קייק יחסית ארוכה אז אם שלכם קצרה יותר ממליצה להכין בתבנית עגולה",YES
114,15/03/2024,כדורי גבינה נמתחים,"כדורי גבינה נמתחים!! 
כל מי שבחיטוב אבל רוצה להרגיש שהוא אוכל מושחת המתכון הזה בול בשבילו 

מצרכים: 
4 פרוסות גבינה צהובה 9% מגורדת=112 גרם 
2 כפות קוטג׳ = 60 גרם
2 כפות בולגרית= 50 גרם
5 כפות קמח = 50 גרם
מלח
ביצה 
לציפוי: 
ביצה
פירורי לחם (אני השתמשתי ב48 גרם)
תרסיס שמן

אופן הכנה: 
נערבב את כל המצרכים של הכדורים לבלילה אחת וניצור 8 כדורים 
כל כדור נטבול בביצה ואז בפירורי לחם 
נסדר אותם בתבנית 
נאפה בתנור שחומם מראש על 180 מעלות טורבו ונאפה ל12 דקות או עד שמזהיב 

ובתאבון 🥰🥰 

ערכים ליחידה מתוך 8: 
107 קלוריות 
8.8 חלבון 
9.8 פחמימה 
3.5 שומן 

#דלקלוריות #חיטוב",https://www.instagram.com/reel/C4h5vpVInoT/,FOOD,כדורי גבינה נמתחים,SAVORY,לחם/מאפה,"מצרכים: 
4 פרוסות גבינה צהובה 9% מגורדת=112 גרם 
2 כפות קוטג׳ = 60 גרם
2 כפות בולגרית= 50 גרם
5 כפות קמח = 50 גרם
מלח
ביצה 
לציפוי: 
ביצה
פירורי לחם (אני השתמשתי ב48 גרם)
תרסיס שמן","אופן הכנה: 
נערבב את כל המצרכים של הכדורים לבלילה אחת וניצור 8 כדורים 
כל כדור נטבול בביצה ואז בפירורי לחם 
נסדר אותם בתבנית 
נאפה בתנור שחומם מראש על 180 מעלות טורבו ונאפה ל12 דקות או עד שמזהיב 

ובתאבון 🥰🥰 

ערכים ליחידה מתוך 8: 
107 קלוריות 
8.8 חלבון 
9.8 פחמימה 
3.5 שומן 

#דלקלוריות #חיטוב",YES
115,19/03/2024,בצק אחד שיוצא ממנו מגוון של עוגיות,"בצק אחד שיוצא ממנו מגוון של עוגיות!!!! 
כן גם אוזני המן 😍
מה נצטרך? 
לבצק פריך:
140 גרם קמח =כוס קמח
100 גרם קורנפלור =כוס פחות 4 כפות
50 גרם אבקת סוכר= חצי שקית 
ביצה 
100 גרם חמאה=חצי חבילה 

הכנת הבצק פריך: 
במיקסר עם וו גיטרה נשים את האבקת סוכר והחמאה ונפעיל עד לאיחוד 
נוסיף את הקמח והקורנפלור ונעבד עד מרקם חולי,נוסיף את הביצה עד שמתגבש לבצק 
•במידה ותשתמשו בביצה קטנה מדי הבצק לא יתאחד אז במידת הצורך אפשר להוסיף כפית חלב 

נרדד למלבן גדול נקרוץ לצורות לפי העוגיות שנרצה להכין ונמלא בממרחים שונים 
נכניס לתנור שחומם מראש ל180 מעלות טורבו ל12 דקות או עד שמזהיב בקצוות העוגייה 

חג פורים שמח 😍",https://www.instagram.com/reel/C4s6H_oIMBn/,FOOD,בצק אחד שיוצא ממנו מגוון של עוגיות,SWEET,עוגיות,"מה נצטרך? 
לבצק פריך:
140 גרם קמח =כוס קמח
100 גרם קורנפלור =כוס פחות 4 כפות
50 גרם אבקת סוכר= חצי שקית 
ביצה 
100 גרם חמאה=חצי חבילה","הכנת הבצק פריך: 
במיקסר עם וו גיטרה נשים את האבקת סוכר והחמאה ונפעיל עד לאיחוד 
נוסיף את הקמח והקורנפלור ונעבד עד מרקם חולי,נוסיף את הביצה עד שמתגבש לבצק 
•במידה ותשתמשו בביצה קטנה מדי הבצק לא יתאחד אז במידת הצורך אפשר להוסיף כפית חלב 

נרדד למלבן גדול נקרוץ לצורות לפי העוגיות שנרצה להכין ונמלא בממרחים שונים 
נכניס לתנור שחומם מראש ל180 מעלות טורבו ל12 דקות או עד שמזהיב בקצוות העוגייה 

חג פורים שמח 😍",YES
116,22/03/2024,פרגיות בתיבול נענע וטריאקי,"פרגיות בתיבול נענע וטריאקי 
התיבול הכי נדיר ומעניין שתכינו לפרגיות 
הנענע מביאה כאן טוויסט קטלני!!!! 😎

מה נצטרך? 
קילו פרגיות 
3-4 כפות טריאקי 
כף דבש 
נענע כמות מכובדת (שמתי בערך חצי צרור) 
מלח לפי הטעם 

אופן הכנה: 
נערבב את הכל בקערה אחת (מומלץ להשרות את הפרגיות במרינדה ללילה אבל לא חייב) 
נטגן את הפרגיות על מחבת פסים וזה הכל בתאבון❤️",https://www.instagram.com/reel/C4zwUOhokzd/,FOOD,פרגיות בתיבול נענע וטריאקי,SAVORY,עוף,"מה נצטרך? 
קילו פרגיות 
3-4 כפות טריאקי 
כף דבש 
נענע כמות מכובדת (שמתי בערך חצי צרור) 
מלח לפי הטעם","אופן הכנה: 
נערבב את הכל בקערה אחת (מומלץ להשרות את הפרגיות במרינדה ללילה אבל לא חייב) 
נטגן את הפרגיות על מחבת פסים וזה הכל בתאבון❤️",YES
117,26/03/2024,סלט כרוב ברוטב אסייתי,"סלט כרוב ברוטב אסייתי 
אחד הממכרים!! 

מצרכים: 
שליש כרוב לבן 
שליש כרוב סגול 
2 גזרים 
חופן שומשום 

לרוטב: 
2 כפות חמאת בוטנים 
כף סויה 
כפית שומשום
מיץ לימון מחצי לימון

אופן הכנה: 
נחתוך את הכרוב לבן כרוב סגול והגזר לרצועות דקות 

לרוטב: 
נערבב את כל המצרכים בצנצנת קטנה או בקערית 

נשפוך את הרוטב על הסלט נוסיף את השומשום נערבב 
וזהו מוכן תהנו ❤️❤️",https://www.instagram.com/reel/C4-84Bvoiv0/,FOOD,סלט כרוב ברוטב אסייתי,SAVORY,סלט,"מצרכים: 
שליש כרוב לבן 
שליש כרוב סגול 
2 גזרים 
חופן שומשום 

לרוטב: 
2 כפות חמאת בוטנים 
כף סויה 
כפית שומשום
מיץ לימון מחצי לימון","אופן הכנה: 
נחתוך את הכרוב לבן כרוב סגול והגזר לרצועות דקות 

לרוטב: 
נערבב את כל המצרכים בצנצנת קטנה או בקערית 

נשפוך את הרוטב על הסלט נוסיף את השומשום נערבב 
וזהו מוכן תהנו ❤️❤️",YES
118,29/03/2024,בלינצ׳ס במילוי גבינה עם 8 גרם חלבון,"בלינצ׳ס במילוי גבינה עם 8 גרם חלבון!!! 
יוצא אחד הטעימים עם אופציה להכין את הבלינצ׳ס כשר לפסח! 

מתכון ראשון מתוך סדרת המתכונים שתעלה לכבוד פסח 🍷

אם אתם בחיטוב או במסה או מקפידים על התזונה מוזמנים להכנס לעמוד שלי לעוד מתכונים דלי קלוריות ומלאי חלבון 💪💘

מה נצטרך?
2 ביצים 
כוס חד פעמית חלב (240 מל) 
60 גרם קמח 
10 גרם חמאה מומסת
תמצית וניל
2 כפות תחליף סוכר 

למילוי גבינה: 
גביע וחצי גבינה לבנה (אפשר כל אחוז שומן) 
3 כפות אינסטנט פודינג 
כף אבקת סוכר (אפשר לשים יותר אם רוצים יותר מתוק)
תמצית וניל

אופן הכנה: 
נערבב את כל המצרכים בקערה אחת 
ממליצה אחרי שמסיימים לערבב להעביר את הבלילה דרך מסננת למקרה שיש גושים 
מחממים מחבת לחום בינוני (במידה ואתם משתמשים במחבת שהיא לא נון סטיק תשמנו ממש מעט את המחבת לפני הקרפ הראשון) 
מוזגים מעט מהבלילה אל המחבת ומטים את המחבת כך שהבלילה תגיע לכל המחבת. 
אחרי 2-3 דקות הופכים את הבלינצ׳ס לעוד דקה/ שתיים 
נחזור על הפעולה עם שאר הבלילה שנשארה לנו

למילוי גבינה- נערבב את כל המצרכים עד למרקם סמיך

נעביר את המילוי גבינה לשקית זילוף ונזלף על על בלינצ’ס מהמילוי ונגלל כמו בסרטון 

וזהו בתאבון ❤️❤️❤️❤️❤️
ערכים ליחידה מתוך 8 בלי תחליפי סוכר: 
168 קלוריות 
7.8חלבון 
16.8 פחמימה
7.6שומן 

ערכים ליחידה עם תחליפי סוכר (סוכר,אינסטנט פודינג ואבקת סוכר) 
135 קלוריות 
7.8 חלבון 
8.6 פחמימה 
7.6 שומן",https://www.instagram.com/reel/C5F12e5tkty/,FOOD,בלינצ׳ס במילוי גבינה עם 8 גרם חלבון,SWEET,בלינצס/פנקייק,"מה נצטרך?
2 ביצים 
כוס חד פעמית חלב (240 מל) 
60 גרם קמח 
10 גרם חמאה מומסת
תמצית וניל
2 כפות תחליף סוכר 

למילוי גבינה: 
גביע וחצי גבינה לבנה (אפשר כל אחוז שומן) 
3 כפות אינסטנט פודינג 
כף אבקת סוכר (אפשר לשים יותר אם רוצים יותר מתוק)
תמצית וניל","אופן הכנה: 
נערבב את כל המצרכים בקערה אחת 
ממליצה אחרי שמסיימים לערבב להעביר את הבלילה דרך מסננת למקרה שיש גושים 
מחממים מחבת לחום בינוני (במידה ואתם משתמשים במחבת שהיא לא נון סטיק תשמנו ממש מעט את המחבת לפני הקרפ הראשון) 
מוזגים מעט מהבלילה אל המחבת ומטים את המחבת כך שהבלילה תגיע לכל המחבת. 
אחרי 2-3 דקות הופכים את הבלינצ׳ס לעוד דקה/ שתיים 
נחזור על הפעולה עם שאר הבלילה שנשארה לנו

למילוי גבינה- נערבב את כל המצרכים עד למרקם סמיך

נעביר את המילוי גבינה לשקית זילוף ונזלף על על בלינצ’ס מהמילוי ונגלל כמו בסרטון 

וזהו בתאבון ❤️❤️❤️❤️❤️
ערכים ליחידה מתוך 8 בלי תחליפי סוכר: 
168 קלוריות 
7.8חלבון 
16.8 פחמימה
7.6שומן 

ערכים ליחידה עם תחליפי סוכר (סוכר,אינסטנט פודינג ואבקת סוכר) 
135 קלוריות 
7.8 חלבון 
8.6 פחמימה 
7.6 שומן",YES
119,02/04/2024,פנקייק חלבון עם 32 גרם חלבון,"פנקייק חלבון עם 32 גרם חלבון 
מתכון הכי קליל שיש 🥞❤️ 

אם אתם בחיטוב או במסה או סתם מקפידים על התזונה מוזמנים להכנס לעמוד שלי לעוד מתכונים דלי קלוריות ומלאי חלבון 💪💘 

מה נצטרך לפנקייקים? 
מעדן חלבון (אני השתמשתי במעדן עם 21 גרם חלבון) 
ביצה 
40 גרם קמח = 4 כפות 
כפית אבקת אפייה 
2 כפות סוכר או תחליף סוכר 

אופן הכנה: 
נערבב את כל המצרכים בקערה אחת וניתן לבלילה לנוח 10 דקות 
נחמם מחבת ונמזוג כל פעם קצת מהבלילה לצורת עיגולים קטנים 
•ממליצה לטגן על אש נמוכה ועם מכסה סגור ולהפוך ברגע שיש בועות 

נגיש עם מייפל/אבקת סוכר/ או כל ממרח אחר שאתם אוהבים 
בתאבון 😍

ערכים לכל הכמות עם תחליף סוכר: 
343 קלוריות 
32.6 גרם חלבון
37.1 גרם פחמימה 
6 גרם שומן 

ערכים לכל הכמות עם סוכר: 
422 קלוריות 
32.6 גרם חלבון
56.9 גרם פחמימה 
6 גרם שומן

#דלקלוריות #חיטוב",https://www.instagram.com/reel/C5QxYAnINE4/,FOOD,פנקייק חלבון עם 32 גרם חלבון,SWEET,קינוח,"מה נצטרך לפנקייקים? 
מעדן חלבון (אני השתמשתי במעדן עם 21 גרם חלבון) 
ביצה 
40 גרם קמח = 4 כפות 
כפית אבקת אפייה 
2 כפות סוכר או תחליף סוכר","אופן הכנה: 
נערבב את כל המצרכים בקערה אחת וניתן לבלילה לנוח 10 דקות 
נחמם מחבת ונמזוג כל פעם קצת מהבלילה לצורת עיגולים קטנים 
•ממליצה לטגן על אש נמוכה ועם מכסה סגור ולהפוך ברגע שיש בועות 

נגיש עם מייפל/אבקת סוכר/ או כל ממרח אחר שאתם אוהבים 
בתאבון 😍

ערכים לכל הכמות עם תחליף סוכר: 
343 קלוריות 
32.6 גרם חלבון
37.1 גרם פחמימה 
6 גרם שומן 

ערכים לכל הכמות עם סוכר: 
422 קלוריות 
32.6 גרם חלבון
56.9 גרם פחמימה 
6 גרם שומן

#דלקלוריות #חיטוב",YES
120,05/04/2024,עוגת קרמבו כשרה לפסח,"עוגת קרמבו כשרה לפסח 😍 

מתכון שני מתוך סדרת המתכונים שתעלה לכבוד פסח 🍷

אם אתם בחיטוב או במסה או מקפידים על התזונה מוזמנים להכנס לעמוד שלי לעוד מתכונים דלי קלוריות ומלאי חלבון 💪💘

מצרכים: 
לבסיס: 
4 ביצים 
100 גרם תחליף סוכר/סוכר 
60 מל חלב=רבע כוס 
15 מל שמן= בערך 2 כפות 
30 גרם קמח כשר לפסח =3 כפות שטוחות 
40 גרם קקאו = 4 כפות שטוחות
כפית אבקת אפייה (אם משתמשים בקמח תופח כשר לפסח אין צורך באבקת אפייה)
לקרם: 
 מיכל שמנת מתוקה 24% =250 מל
קופסת גבינה לבנה במרקם שמנת 5% =200 גרם 
120 מל חלב=חצי כוס 
60 גרם אינסטנט פודינג= 6 כפות שטוחות 
20 גרם אבקת סוכר=2 כפות שטוחות 
(במידה ואוהבים יותר מתוק אפשר להוסיף עוד אבקת סוכר) 

לציפוי שוקולד: 
50 גרם שוקולד חלב
70 גרם שוקולד מריר
120 מל שמנת 9% (אפשר כל אחוז שומן) 

אופן הכנה: 
הבסיס: 
נקציף את הביצים 2 דקות לקצף תפוח ואז נוסיף את הסוכר ונקציף לעוד 2 דקות 
 נוסיף את שאר הרטובים ונקציף עוד דקה. 
נוסיף את היבשים ונערבב לאיחוד 
נמזוג את הבלילה לתבנית ונאפה בתנור שחומם מראש ל180 מעלות סטטי ל25-35 דקות 
(עד שמכניסים קיסם והוא יוצא רק עם קצת פירורים) 
נחכה שהבסיס יתקרר לפחות שעה ונתחיל להכין את הקרם 

קרם: 
נקציף 2 דקות את השמנת מתוקה להקצפה עד שמתקבל מרקם יותר סמיך 
נוסיף את החלב ונקציף עוד דקה 
נוסיף את הגבינת שמנת ונקציף עוד דקה 
נוסיף את האינסטנט פודינג והאבקת סוכר ונקציף עוד 2 דקות עד שמתקבל קרם חזק ויציב 
• שימו לב חשוב להקציף טוב את הקרם כדי שיהיה יציב 
נשים את העוגה בקירור לשעה

גנאש: 
נמיס במיקרו בפולסים של חצי דקה את השוקולדים והשמנת 
כשמתקבל גנאש חלק נמזוג אותו מעל העוגה ונכניס את העוגה להתייצבות למקרר ללילה לפחות!!!! 
אחרי לילה נפרוס מהעוגה ובתיאבון ❤️❤️ 

ערכים לחתיכה מתוך 14: עם תחליף סוכר
201 קלוריות 
5.9חלבון 
11.6 שומן
17.4 פחמימה 

•אם תשמשו בסוכר רגיל ולא תחליף כל חתיכה תהיה 229 קלוריות 
•אם תשתמשו בתחליף סוכר ואבקת סוכר ואינסטנט פודינג ללא קלוריות כל חתיכה תהיה 175 קלוריות 

#כשרלפסח #דלקלוריות",https://www.instagram.com/reel/C5XuBYAoc6a/,FOOD,עוגת קרמבו כשרה לפסח,SWEET,עוגה,"מצרכים: 
לבסיס: 
4 ביצים 
100 גרם תחליף סוכר/סוכר 
60 מל חלב=רבע כוס 
15 מל שמן= בערך 2 כפות 
30 גרם קמח כשר לפסח =3 כפות שטוחות 
40 גרם קקאו = 4 כפות שטוחות
כפית אבקת אפייה (אם משתמשים בקמח תופח כשר לפסח אין צורך באבקת אפייה)
לקרם: 
 מיכל שמנת מתוקה 24% =250 מל
קופסת גבינה לבנה במרקם שמנת 5% =200 גרם 
120 מל חלב=חצי כוס 
60 גרם אינסטנט פודינג= 6 כפות שטוחות 
20 גרם אבקת סוכר=2 כפות שטוחות 
(במידה ואוהבים יותר מתוק אפשר להוסיף עוד אבקת סוכר) 

לציפוי שוקולד: 
50 גרם שוקולד חלב
70 גרם שוקולד מריר
120 מל שמנת 9% (אפשר כל אחוז שומן)","אופן הכנה: 
הבסיס: 
נקציף את הביצים 2 דקות לקצף תפוח ואז נוסיף את הסוכר ונקציף לעוד 2 דקות 
 נוסיף את שאר הרטובים ונקציף עוד דקה. 
נוסיף את היבשים ונערבב לאיחוד 
נמזוג את הבלילה לתבנית ונאפה בתנור שחומם מראש ל180 מעלות סטטי ל25-35 דקות 
(עד שמכניסים קיסם והוא יוצא רק עם קצת פירורים) 
נחכה שהבסיס יתקרר לפחות שעה ונתחיל להכין את הקרם 

קרם: 
נקציף 2 דקות את השמנת מתוקה להקצפה עד שמתקבל מרקם יותר סמיך 
נוסיף את החלב ונקציף עוד דקה 
נוסיף את הגבינת שמנת ונקציף עוד דקה 
נוסיף את האינסטנט פודינג והאבקת סוכר ונקציף עוד 2 דקות עד שמתקבל קרם חזק ויציב 
• שימו לב חשוב להקציף טוב את הקרם כדי שיהיה יציב 
נשים את העוגה בקירור לשעה

גנאש: 
נמיס במיקרו בפולסים של חצי דקה את השוקולדים והשמנת 
כשמתקבל גנאש חלק נמזוג אותו מעל העוגה ונכניס את העוגה להתייצבות למקרר ללילה לפחות!!!! 
אחרי לילה נפרוס מהעוגה ובתיאבון ❤️❤️ 

ערכים לחתיכה מתוך 14: עם תחליף סוכר
201 קלוריות 
5.9חלבון 
11.6 שומן
17.4 פחמימה 

•אם תשמשו בסוכר רגיל ולא תחליף כל חתיכה תהיה 229 קלוריות 
•אם תשתמשו בתחליף סוכר ואבקת סוכר ואינסטנט פודינג ללא קלוריות כל חתיכה תהיה 175 קלוריות 

#כשרלפסח #דלקלוריות",YES
121,09/04/2024,פאי רועים,"פאי רועים קטלנייי לפסח!!!! 

מתכון שלישי מתוך סדרת המתכונים שתעלה לכבוד פסח 🍷

אם אתם בחיטוב או במסה או מקפידים על התזונה מוזמנים להכנס לעמוד שלי לעוד מתכונים דלי קלוריות ומלאי חלבון 💪💘

מה נצטרך? 
לשכבת הבשר:
חצי קילו בשר 
כף שמן זית 
2 בצלים 
2 גזרים 
2 עגבניות 
כף פפריקה 
כפית מלח 
כפית פלפל שחור 
כפית שום כתוש 
כפית כמון 
קופסת רסק עגבניות 
כוס מים 

לשכבת פירה:
5-6 תפוחי אדמה 
רבע כפית כורכום (לא חייב יותר בשביל הצבע) 
כפית מלח 
חצי כוס מים במידת הצורך 

אופן הכנה: 
בשר: 
במחבת נטגן את הבצל ואז נוסיף את התבלינים והשום 
נוסיף את הגזר ונטגן כמה דקות 
נוסיף את העגבניות ואת הבשר הטחון ונטגן מספר דקות 
נוסיף כוס מים ונטגן עד שכל המים מצטמצמים והבשר מוכן. 

פירה: 
נרתיח את תפוחי אדמה בסיר עם מים חמים עד שהם מתרככים 
לאחר שהם התרככו נמעך אותם ונוסיף תבלינים 
(במידה והפירה מרגיש קשיח שלא ניתן למרוח אותו על הבשר נוסיף לו קצת ממי הבישול שלו) 

נקח תבנית ונניח את הבשר טחון ונהדק לתבנית 
מעליו נמרח את הפירה 
בעזרת מזלג ניצור פסים 
נאפה בתנור שחומם מראש על 180 מעלות טורבו לחצי שעה 

בתאבון ❤❤️❤️❤️

#כשרלפסח",https://www.instagram.com/reel/C5i9ceto1eX/,FOOD,פאי רועים קטלנייי לפסח,SAVORY,פאי,"מה נצטרך? 
לשכבת הבשר:
חצי קילו בשר 
כף שמן זית 
2 בצלים 
2 גזרים 
2 עגבניות 
כף פפריקה 
כפית מלח 
כפית פלפל שחור 
כפית שום כתוש 
כפית כמון 
קופסת רסק עגבניות 
כוס מים 

לשכבת פירה:
5-6 תפוחי אדמה 
רבע כפית כורכום (לא חייב יותר בשביל הצבע) 
כפית מלח 
חצי כוס מים במידת הצורך","אופן הכנה: 
בשר: 
במחבת נטגן את הבצל ואז נוסיף את התבלינים והשום 
נוסיף את הגזר ונטגן כמה דקות 
נוסיף את העגבניות ואת הבשר הטחון ונטגן מספר דקות 
נוסיף כוס מים ונטגן עד שכל המים מצטמצמים והבשר מוכן. 

פירה: 
נרתיח את תפוחי אדמה בסיר עם מים חמים עד שהם מתרככים 
לאחר שהם התרככו נמעך אותם ונוסיף תבלינים 
(במידה והפירה מרגיש קשיח שלא ניתן למרוח אותו על הבשר נוסיף לו קצת ממי הבישול שלו) 

נקח תבנית ונניח את הבשר טחון ונהדק לתבנית 
מעליו נמרח את הפירה 
בעזרת מזלג ניצור פסים 
נאפה בתנור שחומם מראש על 180 מעלות טורבו לחצי שעה 

בתאבון ❤❤️❤️❤️

#כשרלפסח",YES
123,16/04/2024,בורקס מצה,"מתכון לבורקס מצה ענקיייי מושלם לפסח!!!!! 
עם 19 גרם חלבון בכל בורקס 💪

מתכון רביעי מתוך סדרת המתכונים שתעלה לכבוד פסח 🍷

אם אתם בחיטוב או במסה או מקפידים על התזונה מוזמנים להכנס לעמוד שלי לעוד מתכונים דלי קלוריות ומלאי חלבון 💪💘

מצרכים: 
5 מצות 
חצי גביע קוטג׳ 3%
3 פרוסות גבנצ 9%
חצי קוביית בולגרית 5% =125 גרם 
ביצה 
מלח פלפל ואורגנו לפי הטעם 

לציפוי: 
ביצה 
ושומשום 

אופן הכנה: 
נרטיב כל מצה מתחת לברז למשך כמה שניות ואז נכסה את המצות במגבת ל20 דקות 
אחרי 20 דקות המצות אמורות להיות רכות במידה ולא תרטיבו אותן שוב ותתנו להן לנוח שוב במגבת 

נערבב את כל חומרי המילוי בקערה 
נקח מצה ובקצה של כל מצה נשים מהמילוי (חשוב לשים לב להשאיר את הקצוות בלי מילוי כי בזמן האפייה הגבינות נמסות ואנחנו לא רוצים שהמילוי יברח מהמצה) 
נקפל את המצה כמו בסרטון 
נמרח על כל מצה ביצה ושומשום 
נאפה בתנור שחומם מראש על 180 מעלות ל15-20 דקות נוציא מהתנור ובתאבון ❤️ 

ערכים לבורקס 1 מתוך 5:

242 קלוריות 
19.1 גרם חלבון 
29.6 גרם פחמימה 
6.4 גרם שומן 

#כשרלפסח #חיטוב",https://www.instagram.com/reel/C509cdVoQw0/,FOOD,מתכון לבורקס מצה ענקיייי מושלם לפסח,SAVORY,בורקס,"מצרכים: 
5 מצות 
חצי גביע קוטג׳ 3%
3 פרוסות גבנצ 9%
חצי קוביית בולגרית 5% =125 גרם 
ביצה 
מלח פלפל ואורגנו לפי הטעם 

לציפוי: 
ביצה 
ושומשום","אופן הכנה: 
נרטיב כל מצה מתחת לברז למשך כמה שניות ואז נכסה את המצות במגבת ל20 דקות 
אחרי 20 דקות המצות אמורות להיות רכות במידה ולא תרטיבו אותן שוב ותתנו להן לנוח שוב במגבת 

נערבב את כל חומרי המילוי בקערה 
נקח מצה ובקצה של כל מצה נשים מהמילוי (חשוב לשים לב להשאיר את הקצוות בלי מילוי כי בזמן האפייה הגבינות נמסות ואנחנו לא רוצים שהמילוי יברח מהמצה) 
נקפל את המצה כמו בסרטון 
נמרח על כל מצה ביצה ושומשום 
נאפה בתנור שחומם מראש על 180 מעלות ל15-20 דקות נוציא מהתנור ובתאבון ❤️ 

ערכים לבורקס 1 מתוך 5:

242 קלוריות 
19.1 גרם חלבון 
29.6 גרם פחמימה 
6.4 גרם שומן 

#כשרלפסח #חיטוב",YES
124,19/04/2024,עוגיות בראוניז לפסח,"עוגיות בראוניז מטורפות לפסח שנשבעת שאתם הולכים להכין אותן כל השנה 

רק 65 קלוריות לעוגייה בלי תחליפי סוכר!!!

מתכון חמישי מתוך סדרת המתכונים שתעלה לכבוד פסח 🍷

אם אתם בחיטוב או במסה או מקפידים על התזונה מוזמנים להכנס לעמוד שלי לעוד מתכונים דלי קלוריות ומלאי חלבון 💪💘

מצרכים: 
100 גרם שוקולד מריר 
25 גרם חמאה 
ביצה 
70 גרם סוכר חום 
30 גרם סוכר לבן 
50 גרם קורנפלור = 5 כפות 
30 גרם קקאו = 3
חצי כפית אבקת אפייה 

אופן הכנה: 
נמיס את החמאה והשוקולד המריר במיקרוגל 
בקערה נקציף את הביצה והסוכרים עד לקצף תפוח 
ואז נוסיף את השוקולד והחמאה שהמסנו 
נוסיף את היבשים ונערבב לאיחוד 

ניתן לבלילה לנוח 10 דקות במקרר ואז נחלק אותה ל23 כדורים 
נאפה את העוגיות בתנור שחומם מראש על 180 מעלות טורבו ל7-9 דקות 

כשנוציא את העוגיות מהתנור הן יראו רכות ולא מוכנות אבל תתנו להן לנוח ואז הן מתייצבות (בערך 10-20 דקות) 

ללא תחליפי סוכר כל עוגייה תכיל 65 קלוריות

עם תחליפי סוכר כל עוגייה תכיל 48 קלוריות 

#כשרלפסח #כשלפ",https://www.instagram.com/reel/C57yifZI4a1/,FOOD,עוגיות בראוניז מטורפות לפסח שנשבעת שאתם הולכים להכין אותן כל השנה,SWEET,עוגיות,"מצרכים: 
100 גרם שוקולד מריר 
25 גרם חמאה 
ביצה 
70 גרם סוכר חום 
30 גרם סוכר לבן 
50 גרם קורנפלור = 5 כפות 
30 גרם קקאו = 3
חצי כפית אבקת אפייה","אופן הכנה: 
נמיס את החמאה והשוקולד המריר במיקרוגל 
בקערה נקציף את הביצה והסוכרים עד לקצף תפוח 
ואז נוסיף את השוקולד והחמאה שהמסנו 
נוסיף את היבשים ונערבב לאיחוד 

ניתן לבלילה לנוח 10 דקות במקרר ואז נחלק אותה ל23 כדורים 
נאפה את העוגיות בתנור שחומם מראש על 180 מעלות טורבו ל7-9 דקות 

כשנוציא את העוגיות מהתנור הן יראו רכות ולא מוכנות אבל תתנו להן לנוח ואז הן מתייצבות (בערך 10-20 דקות) 

ללא תחליפי סוכר כל עוגייה תכיל 65 קלוריות

עם תחליפי סוכר כל עוגייה תכיל 48 קלוריות 

#כשרלפסח #כשלפ",YES
125,22/04/2024,חיתוכיות קוקוס ושוקולד,"כל מכורי הקוקוס להתפקד 🫡
חיתוכיות קוקוס ושוקולד קטלניות לפסח 😍

מתכון שישי מתוך סדרת המתכונים שתעלה לכבוד פסח 🍷

מצרכים: 
לתחתית: 
260 גרם עוגיות יין = 12 עוגיות (הרגילות לא הענקיות)
150 גרם שוקולד מריר 
120 גרם חלב = חצי כוס 

לקרם: 
קופסת שמנת 24% =250 מל 
2 כפות אבקת סוכר 
2 כפות אינסטנט פודינג וניל 
150 גרם קוקוס טחון = בערך כוס ו3/4 

לגנאש: 
50 גרם שוקולד חלב 
70 גרם שוקולד מריר 
120 גרם שמנת 9% (אפשר כל אחוז שומן)

אופן הכנה: 
לתחתית: 
נמיס במיקרו את החלב והשוקולד המריר.
נשבור גס את העוגיות יין ואז נערבב עם השוקולד והחלב שהמסנו 
נשטח בתבנית 20x20 ונשים במקפיא להתייצבות 

לקרם: 
נקציף את השמנת 2-3 דקות נוסיף את האבקת סוכר והאינסטנט פודינג ונקציף לקצף יציב. 
נוסיף את הקוקוס נערבב לאיחוד ונמרח מעל שכבת העוגיות יין 
ונשים במקרר להתייצבות 

לגנאש: 
נמיס בפולסים במיקרו את השוקולדים והשמנת ונשפוך את הגנאש מעל שכבת הקוקוס 
נחזיר למקרר להתייצבות (ממליצה לתת להתייצב לפחות 3 שעות עדיף לילה) 

נוציא מהמקרר נחתוך לקוביות ובתאבון ❤️ 

#כשרלפסח",https://www.instagram.com/reel/C6DkLIOIfYB/,FOOD,כל מכורי הקוקוס להתפקד,SWEET,עוגיות,"מצרכים: 
לתחתית: 
260 גרם עוגיות יין = 12 עוגיות (הרגילות לא הענקיות)
150 גרם שוקולד מריר 
120 גרם חלב = חצי כוס 

לקרם: 
קופסת שמנת 24% =250 מל 
2 כפות אבקת סוכר 
2 כפות אינסטנט פודינג וניל 
150 גרם קוקוס טחון = בערך כוס ו3/4 

לגנאש: 
50 גרם שוקולד חלב 
70 גרם שוקולד מריר 
120 גרם שמנת 9% (אפשר כל אחוז שומן)","אופן הכנה: 
לתחתית: 
נמיס במיקרו את החלב והשוקולד המריר.
נשבור גס את העוגיות יין ואז נערבב עם השוקולד והחלב שהמסנו 
נשטח בתבנית 20x20 ונשים במקפיא להתייצבות 

לקרם: 
נקציף את השמנת 2-3 דקות נוסיף את האבקת סוכר והאינסטנט פודינג ונקציף לקצף יציב. 
נוסיף את הקוקוס נערבב לאיחוד ונמרח מעל שכבת העוגיות יין 
ונשים במקרר להתייצבות 

לגנאש: 
נמיס בפולסים במיקרו את השוקולדים והשמנת ונשפוך את הגנאש מעל שכבת הקוקוס 
נחזיר למקרר להתייצבות (ממליצה לתת להתייצב לפחות 3 שעות עדיף לילה) 

נוציא מהמקרר נחתוך לקוביות ובתאבון ❤️ 

#כשרלפסח",YES
126,30/04/2024,קציצות תירס,"קציצות תירס נדירות לארוחת ערב בחמש דקות עבודה 🌽
אז אם אתם כבר גמורים מהבישולים לחג ומחפשים מתכון קליל זה המתכון בשבילכם 😚

מצרכים: 
קופסת תירס לייט גדולה 
קופסת קוטג׳ 3% (אפשר כל אחוז) 
2 פרוסות גבינה צהובה 9% (אפשר כל אחוז) 
2 ביצים 
5 כפות קמח 
בצל ירוק (אני שמתי בערך 3 גבעולים) 
מלח פלפל לפי הטעם

אופן הכנה: 
מערבבים את כל המצרכים בקערה אחת 
בעזרת כף יוצרים את הקציצות מטגנים על מחבת וזהו הקציצות מוכנות!!! 

אל תשכחו לעקוב לעוד מתכונים שווים ❤️

#חיטוב #דלקלוריות",https://www.instagram.com/reel/C6ZEBY7IH-A/,FOOD,קציצות תירס נדירות לארוחת ערב בחמש דקות עבודה,SAVORY,קציצות,"מצרכים: 
קופסת תירס לייט גדולה 
קופסת קוטג׳ 3% (אפשר כל אחוז) 
2 פרוסות גבינה צהובה 9% (אפשר כל אחוז) 
2 ביצים 
5 כפות קמח 
בצל ירוק (אני שמתי בערך 3 גבעולים) 
מלח פלפל לפי הטעם","אופן הכנה: 
מערבבים את כל המצרכים בקערה אחת 
בעזרת כף יוצרים את הקציצות מטגנים על מחבת וזהו הקציצות מוכנות!!! 

אל תשכחו לעקוב לעוד מתכונים שווים ❤️

#חיטוב #דלקלוריות",YES
127,03/05/2024,סלט אנטי פסטי,"סלט אנטי פסטי 
זה סלט שהתחיל בתור אלתור אבל תשמעו לי זה מטורף!! 

אם אהבתם את המתכון אל תשכחו לעקוב לעוד מתכונים שווים 😍 

מצרכים: 
חציל בינוני 
גמבה אדומה 
בטטה בינונית 
בצל סגול 
קישוא 

לרוטב: 
כפית סילאן 
כפית חרדל דיז’ון 
מיץ מחצי לימון 
כפית מלח 
כף שמן זית 

אופן הכנה: 
נחתוך את כל הירקות לקוביות נרסס קצת בשמן ונפזר מלח 
נסדר הכל בתבנית לתנור ונאפה בחום של 180 מעלות טורבו לחצי שעה (הזמן ישתנה מתנור לתנור אז מדי פעם תסתכלו אם הירקות כבר רכים) 

נשים את כל הירקות בצלחת להגשה 
נערבב את כל מצרכי הרוטב ונשפוך מעל הירקות ונערבב 

נגרד בולגרית מעל הסלט נפזר עלי נענע וזהו מוכן ❤️",https://www.instagram.com/reel/C6fxhhmox6a/,FOOD,סלט אנטי פסטי,SAVORY,סלט,"מצרכים: 
חציל בינוני 
גמבה אדומה 
בטטה בינונית 
בצל סגול 
קישוא 

לרוטב: 
כפית סילאן 
כפית חרדל דיז’ון 
מיץ מחצי לימון 
כפית מלח 
כף שמן זית","אופן הכנה: 
נחתוך את כל הירקות לקוביות נרסס קצת בשמן ונפזר מלח 
נסדר הכל בתבנית לתנור ונאפה בחום של 180 מעלות טורבו לחצי שעה (הזמן ישתנה מתנור לתנור אז מדי פעם תסתכלו אם הירקות כבר רכים) 

נשים את כל הירקות בצלחת להגשה 
נערבב את כל מצרכי הרוטב ונשפוך מעל הירקות ונערבב 

נגרד בולגרית מעל הסלט נפזר עלי נענע וזהו מוכן ❤️",YES
128,07/05/2024,אורז מוקפץ,"אורז מוקפץ 🍚
תקשיבו זאת אחת המנות הממכרות 
מלא סוגים של ירקות ויחד עם התיבול יוצא פשוט מושלם

מצרכים: 
כף שמן זית 
בצל 
2 גזרים 
גמבה אדומה 
כוס תירס לייט 
כוס אפונה 
כמה גבעולים של בצל ירוק
כפית שום כתוש 
2 ביצים
5 כפות סויה 
כף סילאן 
כפית מלח 

אופן הכנה: 
1.אני השתמשתי באפונה קפואה והרתחתי אותה לפני זה בערך שתי דקות בסיר עם מים רותחים
2. נכין כוס אורז בסמטי לפי הוראות היצרן 
3.נטגן את הבצל עד להזהבה 
4.נוסיף שום מלח ואת הגזר ונבשל כמה דקות 
5.נוסיף גמבה, תירס ואת האפונה 
6. נפנה מקום באמצע הסיר ונשפוך לשם את הביצים (לא להפסיק לערבב כי אנחנו לא רוצים חתיכות ענקיות של ביצה) 
7. ⁠נוסיף את האורז המוכן 
8. ⁠נוסיף את הסויה והסילאן 
9. ⁠נוסיף את הבצל ירוק הקצוץ
10. ⁠נבשל עוד כמה דקות לספיגת טעמים ועד שכל האורז מצופה בסויה 
11. ⁠נגיש ובתאבון ❤️

אל תשכחו לעקוב לעוד מתכונים ❤️",https://www.instagram.com/reel/C6rFFiUITp0/,FOOD,אורז מוקפץ,SAVORY,אורז,"מצרכים: 
כף שמן זית 
בצל 
2 גזרים 
גמבה אדומה 
כוס תירס לייט 
כוס אפונה 
כמה גבעולים של בצל ירוק
כפית שום כתוש 
2 ביצים
5 כפות סויה 
כף סילאן 
כפית מלח","אופן הכנה: 
1.אני השתמשתי באפונה קפואה והרתחתי אותה לפני זה בערך שתי דקות בסיר עם מים רותחים
2. נכין כוס אורז בסמטי לפי הוראות היצרן 
3.נטגן את הבצל עד להזהבה 
4.נוסיף שום מלח ואת הגזר ונבשל כמה דקות 
5.נוסיף גמבה, תירס ואת האפונה 
6. נפנה מקום באמצע הסיר ונשפוך לשם את הביצים (לא להפסיק לערבב כי אנחנו לא רוצים חתיכות ענקיות של ביצה) 
7. ⁠נוסיף את האורז המוכן 
8. ⁠נוסיף את הסויה והסילאן 
9. ⁠נוסיף את הבצל ירוק הקצוץ
10. ⁠נבשל עוד כמה דקות לספיגת טעמים ועד שכל האורז מצופה בסויה 
11. ⁠נגיש ובתאבון ❤️

אל תשכחו לעקוב לעוד מתכונים ❤️",YES
129,10/05/2024,עראייס עוף ,"עראייס עוף עם 14 גרם חלבון וכל כך ממכר בזכות מרכיב שפשוט מרענן את כל המנה-נענע!!! 

מושלם ליום העצמאות 🇮🇱

אם אהבתם את המתכון אל תשכחו לעקוב לעוד מתכונים ❤️ 

המתכון המלא 👇🏻
מצרכים:
500 גרם חזה עוף טחון 
בצל סגול
פטרוזיליה
נענע מלא! 
שום 
מלח 
פלפל 
5 פיתות כוסמין 
אופן הכנה: 
הכי פשוט בעולם נערבב את כל החומרים בקערה נחתוך את הפיתות לחצי ונמלא במלית 
נטגן כמה דקות על כל צד 
נגיש עם טחינה ומושלם ❤️ 

מספיק ל5-6 פיתות (10-12 חתיכות) 
ערכים ליחידה מתוך 10: 
124 קלוריות 
14.1 גרם חלבון 
2 גרם שומן 
11.6 גרם פחמימה",https://www.instagram.com/reel/C6x0JkiISVu/,FOOD,עראייס עוף עם 14 גרם חלבון וכל כך ממכר בזכות מרכיב שפשוט מרענן את כל המנה-נענע,SAVORY,עוף,"מצרכים:
500 גרם חזה עוף טחון 
בצל סגול
פטרוזיליה
נענע מלא! 
שום 
מלח 
פלפל 
5 פיתות כוסמין","אופן הכנה: 
הכי פשוט בעולם נערבב את כל החומרים בקערה נחתוך את הפיתות לחצי ונמלא במלית 
נטגן כמה דקות על כל צד 
נגיש עם טחינה ומושלם ❤️ 

מספיק ל5-6 פיתות (10-12 חתיכות) 
ערכים ליחידה מתוך 10: 
124 קלוריות 
14.1 גרם חלבון 
2 גרם שומן 
11.6 גרם פחמימה",YES
131,21/05/2024,תפוחי אדמה ברוטב חרדל ושום,"תפוחי אדמה ברוטב חרדל ושום שיוצאים מטריפיםםםם 

מצרכים: 
6 תפוחי אדמה בינוניים 
לרוטב: 
2 כפות מיונז 
2 כפות חרדל דיז’ון 
2 כפיות שום כתוש 
מלח פלפל לפי הטעם 
2-3 כפות מים 
רבע כפית כורכום

אופן הכנה: 
נחתוך את תפוחי האדמה לקוביות ונרתיח בסיר עם מים רותחים עד שאפשר לתקוע בתפוחי אדמה מזלג והם מרגישים רכים 

נערבב את על מצרכי הרוטב בקערה ( תתחילו עם 2 כפות מים ואם זה סמיך מדי תוסיפו עוד כף, שימו לב שהרוטב לא צריך להיות נוזלי כי אז הוא לא ייתפס על התפוח אדמה) 

נמזוג את הרוטב מעל תפוחי האדמה ונערבב עד שכל תפוחי האדמה עטופים ברוטב 

נסדר בתבנית ונכניס לתנור שחומם מראש על 180 מעלות טורבו עד שהן מזהיבים

בתאבון ❤️❤️❤️",https://www.instagram.com/reel/C7PAmXdovOB/,FOOD,תפוחי אדמה ברוטב חרדל ושום שיוצאים מטריפיםםםם,SAVORY,תפוחי אדמה,"מצרכים: 
6 תפוחי אדמה בינוניים 
לרוטב: 
2 כפות מיונז 
2 כפות חרדל דיז’ון 
2 כפיות שום כתוש 
מלח פלפל לפי הטעם 
2-3 כפות מים 
רבע כפית כורכום","אופן הכנה: 
נחתוך את תפוחי האדמה לקוביות ונרתיח בסיר עם מים רותחים עד שאפשר לתקוע בתפוחי אדמה מזלג והם מרגישים רכים 

נערבב את על מצרכי הרוטב בקערה ( תתחילו עם 2 כפות מים ואם זה סמיך מדי תוסיפו עוד כף, שימו לב שהרוטב לא צריך להיות נוזלי כי אז הוא לא ייתפס על התפוח אדמה) 

נמזוג את הרוטב מעל תפוחי האדמה ונערבב עד שכל תפוחי האדמה עטופים ברוטב 

נסדר בתבנית ונכניס לתנור שחומם מראש על 180 מעלות טורבו עד שהן מזהיבים

בתאבון ❤️❤️❤️",YES
135,14/06/2024,כרובית ממולאת בבשר ,"כרובית ממולאת בבשר עם רוטב צ׳ילי וציפוי של טחינה ירוקה מנה קטלנית ומרשימה ביותרררר ✨

מצרכים: 
כרובית בינונית 
350 גרם בשר טחון 
בצל קצוץ 
פטרוזיליה קצוצה 
2 כפות פירורי לחם 
מלח פלפל ופפריקה לפי הטעם 

לציפוי: 
2 כפות מיונז 
2 כפות צ׳ילי מתוק 
(הכמויות של הציפוי ישתנו בהתאם לגודל הכרובית שלכם) 

לטחינה: 
טחינה 
מים 
לימון 
מלח 
פטרוזיליה 
•לטחון הכל עד למרקם חלק 

אופן הכנה: 
נחלוט את הכרובית ל8 דקות במים רותחים 
נערבב את הבשר טחון בצל פטרוזיליה פירורי לחם והתבלינים לתערובת אחידה 

נוציא את הכרובית מהמים ונמלא בשר בחלק התחתון של הכרובית ובין פרחי הכרובית 
נמרח את המיונז והצ׳ילי על הכרובית 

נאפה בתנור שחומם מראש על 180 מעלות טורבו ל45-60 דקות (משתנה בין תנור לתנור) 

נמזוג מעל הכרובית את הטחינה ונגיש 
בתאבון 😍❤️❤️❤️",https://www.instagram.com/reel/C8MAX8PodA-/,FOOD,כרובית ממולאת בבשר עם רוטב צ׳ילי וציפוי של טחינה ירוקה מנה קטלנית ומרשימה ביותרררר,SAVORY,ירקות,"מצרכים: 
כרובית בינונית 
350 גרם בשר טחון 
בצל קצוץ 
פטרוזיליה קצוצה 
2 כפות פירורי לחם 
מלח פלפל ופפריקה לפי הטעם 

לציפוי: 
2 כפות מיונז 
2 כפות צ׳ילי מתוק 
(הכמויות של הציפוי ישתנו בהתאם לגודל הכרובית שלכם) 

לטחינה: 
טחינה 
מים 
לימון 
מלח 
פטרוזיליה 
•לטחון הכל עד למרקם חלק","אופן הכנה: 
נחלוט את הכרובית ל8 דקות במים רותחים 
נערבב את הבשר טחון בצל פטרוזיליה פירורי לחם והתבלינים לתערובת אחידה 

נוציא את הכרובית מהמים ונמלא בשר בחלק התחתון של הכרובית ובין פרחי הכרובית 
נמרח את המיונז והצ׳ילי על הכרובית 

נאפה בתנור שחומם מראש על 180 מעלות טורבו ל45-60 דקות (משתנה בין תנור לתנור) 

נמזוג מעל הכרובית את הטחינה ונגיש 
בתאבון 😍❤️❤️❤️",YES
136,21/06/2024,בראוניז חמאה חומה,"בראוניז חמאה חומה ✨

החמאה החומה מביאה טעם אגוזי ומשדרגת בטירוף 
לא מסובך בכלל להכין אותה וממליצה לא לוותר על החלק הזה ;) 

מצרכים: 
120 חמאה 
140 שוקולד מריר
100 גרם סוכר חום 
2 ביצים 
60 גרם קמח 
100 גרם מטבעות שוקולד חלב 

אופן הכנה: 
נמיס את החמאה על קלחת לכמה דקות 
לאט לאט נראה שמתחיל להיווצר לנו קצף מעל החמאה ברגע שהקצף מתחיל להיות כתמתם זה הסימן שלנו לכבות את האש 

(זה אמור לקחת באזור ה5 דקות) 

נוסיף את השוקולד לחמאה ונערבב עד להמסה מלאה (שימו לב שבשלב הזה הגז כבר כבוי) 

בקערה נקציף את הביצים עם הסוכר למשך 5 דקות עד קבלת קצף תפוח 
נוסיף את הקמח ואת השוקולד שהמסנו 

• אפשרי להוסיף מטבעות שוקולד חלב/מריר/לבן - אני הוספתי שוקולד חלב 
נערבב לאיחוד ונמזוג את הבלילה לתבנית 
נאפה בחום של 180 מעלות ל20-30 דקות 
דגש לגבי זמן האפייה: 
אני אוהבת להשאיר את הבראוניז קצת נוזלי אז אפיתי אותו 20 דקות אבל אפשר כמובן לאפות ליותר זמן ❤️

אם הכנתם אל תשכחו לספר לי איך יצא 🥰❤️",https://www.instagram.com/reel/C8eBnSiICHo/,FOOD,בראוניז חמאה חומה,SWEET,בראוניז,"מצרכים: 
120 חמאה 
140 שוקולד מריר
100 גרם סוכר חום 
2 ביצים 
60 גרם קמח 
100 גרם מטבעות שוקולד חלב","אופן הכנה: 
נמיס את החמאה על קלחת לכמה דקות 
לאט לאט נראה שמתחיל להיווצר לנו קצף מעל החמאה ברגע שהקצף מתחיל להיות כתמתם זה הסימן שלנו לכבות את האש 

(זה אמור לקחת באזור ה5 דקות) 

נוסיף את השוקולד לחמאה ונערבב עד להמסה מלאה (שימו לב שבשלב הזה הגז כבר כבוי) 

בקערה נקציף את הביצים עם הסוכר למשך 5 דקות עד קבלת קצף תפוח 
נוסיף את הקמח ואת השוקולד שהמסנו 

• אפשרי להוסיף מטבעות שוקולד חלב/מריר/לבן - אני הוספתי שוקולד חלב 
נערבב לאיחוד ונמזוג את הבלילה לתבנית 
נאפה בחום של 180 מעלות ל20-30 דקות 
דגש לגבי זמן האפייה: 
אני אוהבת להשאיר את הבראוניז קצת נוזלי אז אפיתי אותו 20 דקות אבל אפשר כמובן לאפות ליותר זמן ❤️

אם הכנתם אל תשכחו לספר לי איך יצא 🥰❤️",YES
137,25/06/2024,פיצה מבצק קוטג׳,"פיצה מבצק קוטג׳!!! 

עזבו שיש בחתיכה יותר חלבון מפיצה רגילה בזכות הקוטג׳ 
הבצק מוכן תוך 2 דקותתתתת 
תוסיפו דקה שתיים למרוח רוטב לפזר גבינה צהובה ותוספות 
רבע שעה תנור 
ועשרים דקות מרגע תחילת הדודא הפיצה כבר מוכנה 
איזה נדיר??? 

מצרכים:
לבצק:
200 גרם קמח = כוס קמח +6 כפות שטוחות 
ביצה 
גביע קוטג׳ 

רוטב פיצה 
גבינה צהובה (אני השתמשתי ב9% ) 
תוספות שאוהבים 

אופן הכנה: 
מערבבים את הקמח הביצה והקוטג׳ לבצק אחיד ומעט דביק 
בעזרת כף מחלקים ל6 כדורים ומשטחים בעזרת ידיים מעט רטובות 

מורחים את הרוטב פיצה מפזרים גבינה צהובה ותוספות שאוהבים 
אופים בתנור שחומם מראש על חום של 180 מעלות טורבו 15-20 דקות (תלוי תנור) 
וזהו מוכן תהנוווו ❤️❤❤️ 

בכל פיצה יש 217 קלוריות ו16 גרם חלבון 

(במידה ומחלקים ל6 חתיכות ושמים פרוסת גבינה צהובה אחת בכל חתיכה)

#חיטוב #דלקלוריות #הכנהמהירה",https://www.instagram.com/reel/C8pO2HQIhjp/,FOOD,פיצה מבצק קוטג׳,SAVORY,פיצה,"מצרכים:
לבצק:
200 גרם קמח = כוס קמח +6 כפות שטוחות 
ביצה 
גביע קוטג׳ 

רוטב פיצה 
גבינה צהובה (אני השתמשתי ב9% ) 
תוספות שאוהבים","אופן הכנה: 
מערבבים את הקמח הביצה והקוטג׳ לבצק אחיד ומעט דביק 
בעזרת כף מחלקים ל6 כדורים ומשטחים בעזרת ידיים מעט רטובות 

מורחים את הרוטב פיצה מפזרים גבינה צהובה ותוספות שאוהבים 
אופים בתנור שחומם מראש על חום של 180 מעלות טורבו 15-20 דקות (תלוי תנור) 
וזהו מוכן תהנוווו ❤️❤❤️ 

בכל פיצה יש 217 קלוריות ו16 גרם חלבון 

(במידה ומחלקים ל6 חתיכות ושמים פרוסת גבינה צהובה אחת בכל חתיכה)

#חיטוב #דלקלוריות #הכנהמהירה",YES
138,28/06/2024,עוגת ביסקוויטים קלאסית,"עוגת ביסקוויטים הכי קלאסית שיש והכי וטעימה שיש!!!!!!

הכי טעים בעוגת ביסקוויטים זה שבין השכבות יש מלא מלא קרםםםםם!!! 
ולמעלה גנאש עם מלא שוקולד זה שילוב נדיר 😍

אני הכנתי בתבנית 20*20

מצרכים: 
17 ביסקוויטים (הכמות תשתנה בהתאם לגודל הביסקוויטים והתבנית שתשתמשו)
חצי כוס חלב 
רבע כפית קפה (אופציונלי)

לקרם: 
3 שמנת מתוקה להקצפה 24% (אפשר גם יותר אחוזי שומן) 
80 גרם אינסטנט פודינג 
3 כפות אבקת סוכר 
חצי כוס חלב 

לגנאש: 
70 גרם שוקולד מריר 
50 גרם שוקולד חלב 
120 שמנת 24 אחוז (אפשר כל אחוז) 

אופן הכנה: 
נטבול את הביסקוויטים כמה שניות בחלב ונסדר את השכבה הראשונה בתבנית 

(אפשר לשים בתוך החלב קצת קפה וזה משדרג ברמות)

להכנת הקרם: 
נקציף את השמנת למשך 2 דקות 
לאחר 2 דקות נוסיף את החלב האינסטנט פודינג והאבקת סוכר ונקציף עד לקצפת יציבה 

נמרח מעל שכבת הביסקוויטים שכבה של קצפת 
נסדר עוד שכבת ביסקוויטים ומעליה נמרח עוד שכבת קצפת 

סך הכל 2 שכבות ביסקוויטים ו2 שכבות של קצפת

ונכניס למקפיא לרבע שעה 

הכנת הגנאש:
נמיס את השוקולד והשמנת במיקרו בפולסים של חצי דקה ונערבב עד למרקם חלק 

נוציא את העוגה מהמקפיא ונצפה אותה הגנאש שהכנו 

נכניס את העוגה ללילה להתייצבות (כן זה קשה לחכות אבל שווה את זה!!!) 

ולמחרת נאכל ובתאבון ❤️❤️❤️",https://www.instagram.com/reel/C8wHRJiIi6c/,FOOD,עוגת ביסקוויטים הכי קלאסית שיש והכי וטעימה שיש,SWEET,עוגת ביסקוויטים,"מצרכים: 
17 ביסקוויטים (הכמות תשתנה בהתאם לגודל הביסקוויטים והתבנית שתשתמשו)
חצי כוס חלב 
רבע כפית קפה (אופציונלי)

לקרם: 
3 שמנת מתוקה להקצפה 24% (אפשר גם יותר אחוזי שומן) 
80 גרם אינסטנט פודינג 
3 כפות אבקת סוכר 
חצי כוס חלב 

לגנאש: 
70 גרם שוקולד מריר 
50 גרם שוקולד חלב 
120 שמנת 24 אחוז (אפשר כל אחוז)","אופן הכנה: 
נטבול את הביסקוויטים כמה שניות בחלב ונסדר את השכבה הראשונה בתבנית 

(אפשר לשים בתוך החלב קצת קפה וזה משדרג ברמות)

להכנת הקרם: 
נקציף את השמנת למשך 2 דקות 
לאחר 2 דקות נוסיף את החלב האינסטנט פודינג והאבקת סוכר ונקציף עד לקצפת יציבה 

נמרח מעל שכבת הביסקוויטים שכבה של קצפת 
נסדר עוד שכבת ביסקוויטים ומעליה נמרח עוד שכבת קצפת 

סך הכל 2 שכבות ביסקוויטים ו2 שכבות של קצפת

ונכניס למקפיא לרבע שעה 

הכנת הגנאש:
נמיס את השוקולד והשמנת במיקרו בפולסים של חצי דקה ונערבב עד למרקם חלק 

נוציא את העוגה מהמקפיא ונצפה אותה הגנאש שהכנו 

נכניס את העוגה ללילה להתייצבות (כן זה קשה לחכות אבל שווה את זה!!!) 

ולמחרת נאכל ובתאבון ❤️❤️❤️",YES
139,02/07/2024,סלמון ברוטב דבש ושום על מצע של פירה כרובית ונענע,"סלמון ברוטב דבש ושום על מצע של פירה כרובית ונענע 

אמאלה איזו מנה יפהההה 
והטעם? נדיר ✨✨

מצרכים: 
לסלמון: 
סלמון 
כפית דבש 
שן שום 
מלח 

לפירה כרובית ונענע: 
כרובית 
מלח 
נענע 
2-4 כפות מים 

אופן הכנה: 
נחלוט את הכרובית 7 דקות במים רותחים 
נסנן את המים 
נטחן את הכרובית במעבד מזון ביחד עם נענע מים ומלח 
(תתחילו עם כף מים ואם המרקם עדיין לא חלק תוסיפו במידת הצורך)
•לגבי כמות הנענע - יש לה טעם חזק אז תשימו קצת במידת הצורך תמיד אפשר להוסיף עוד 

לסלמון: 
נחתוך את הסלמון לקוביות נערבב אותו עם הדבש שום ומלח
נטגן מכל הצדדים 

נמרח את צלחת את הפירה נפזר את קוביות הסלמון ונפזר עלי נענע לקישוט 

בתאבון חברים ❤️❤️

#דלקלוריות",https://www.instagram.com/reel/C87My-mIuTz/,FOOD,סלמון ברוטב דבש ושום על מצע של פירה כרובית ונענע,SAVORY,דגים,"מצרכים: 
לסלמון: 
סלמון 
כפית דבש 
שן שום 
מלח 

לפירה כרובית ונענע: 
כרובית 
מלח 
נענע 
2-4 כפות מים","אופן הכנה: 
נחלוט את הכרובית 7 דקות במים רותחים 
נסנן את המים 
נטחן את הכרובית במעבד מזון ביחד עם נענע מים ומלח 
(תתחילו עם כף מים ואם המרקם עדיין לא חלק תוסיפו במידת הצורך)
•לגבי כמות הנענע - יש לה טעם חזק אז תשימו קצת במידת הצורך תמיד אפשר להוסיף עוד 

לסלמון: 
נחתוך את הסלמון לקוביות נערבב אותו עם הדבש שום ומלח
נטגן מכל הצדדים 

נמרח את צלחת את הפירה נפזר את קוביות הסלמון ונפזר עלי נענע לקישוט 

בתאבון חברים ❤️❤️

#דלקלוריות",YES
140,05/07/2024,פסטה רוזה,"פסטה רוזה עם עגבניות שרי ומעל הכל מלא בולגרית!!! 
שני הדברים האלו ישדרגו לכם את הפסטה בטירוףףףףף 

מצרכים: 
20 גרם חמאה 
2 שיני שום 
חצי קילו עגבניות שרי 
כפית מלח 
כפית פפריקה 
חבילת רסק 
חבילת פסטה 
קופסת שמנת 9% (אפשר גם יותר אחוזי שומן) 
מים רותחים 
בולגרית 

אופן הכנה: 
נתחיל בלהמיס את החמאה והשום 
נחתוך את העגבניות לרבעים ונטגן 5-10 דקות עד שהעגבניות רכות 
נוסיף את התבלינים הרסק והפסטה ונערבב 
נמזוג את המים הרותחים עד לגובה הפסטה ואת השמנת 
נחמם את הסיר על אש גבוהה עד שהמים מבעבעים ואז נוריד לאש בינונית 
נבשל בערך 12 דקות 
מדי פעם בזמן הבישול נערבב את הפסטה 

נשים את הפסטה בצלחת ונגרד מעליה את הבולגרית (אל תוותרו על זה!!!!) 

וזהו מוכן 
בתאבון ❤️❤️ 

בכל הכמות יש באזור ה2,300 קלוריות 
(לא כולל הבולגרית כי זה תלוי כמה תגרדו) 
וזה מתאים בעייני ל4-5 מנות ✨ 

#דלקלוריות",https://www.instagram.com/reel/C9CEkiUIagP/,FOOD,פסטה רוזה עם עגבניות שרי ומעל הכל מלא בולגרית,SAVORY,פסטה,"מצרכים: 
20 גרם חמאה 
2 שיני שום 
חצי קילו עגבניות שרי 
כפית מלח 
כפית פפריקה 
חבילת רסק 
חבילת פסטה 
קופסת שמנת 9% (אפשר גם יותר אחוזי שומן) 
מים רותחים 
בולגרית","אופן הכנה: 
נתחיל בלהמיס את החמאה והשום 
נחתוך את העגבניות לרבעים ונטגן 5-10 דקות עד שהעגבניות רכות 
נוסיף את התבלינים הרסק והפסטה ונערבב 
נמזוג את המים הרותחים עד לגובה הפסטה ואת השמנת 
נחמם את הסיר על אש גבוהה עד שהמים מבעבעים ואז נוריד לאש בינונית 
נבשל בערך 12 דקות 
מדי פעם בזמן הבישול נערבב את הפסטה 

נשים את הפסטה בצלחת ונגרד מעליה את הבולגרית (אל תוותרו על זה!!!!) 

וזהו מוכן 
בתאבון ❤️❤️ 

בכל הכמות יש באזור ה2,300 קלוריות 
(לא כולל הבולגרית כי זה תלוי כמה תגרדו) 
וזה מתאים בעייני ל4-5 מנות ✨ 

#דלקלוריות",YES
141,09/07/2024,קציצות טונה ,"קציצות טונה קטלניות עם 30 קלוריות ו4 גרם חלבון לקציצה 
הכי סוגרות פינה שיש!!! 

אין בקציצות קמח/ פירורי לחם רק טונה וירקות

אם אהבתם אל תשכחו לעקוב לעוד מתכונים ❤️

מצרכים: 
3 קופסאות טונה במים 
2 ביצים 
קישוא בינוני 
תפוח אדמה קטן 
גזר בינוני 
בצל 
חצי כפית מלח 
חצי כפית פלפל
חצי כפית כמון 

אופן הכנה: 
נטחן/נגרד את כל הירקות 
נערבב את הירקות ביחד עם כל הרכיבים 
נחלק ל25 קציצות 
נאפה בתנור שחומם מראש על 180 מעלות טורבו ל20-25 דקות (תלוי בתנור) 

ובתאבון ✨✨

#דלקלוריות",https://www.instagram.com/reel/C9NQV93oSLR/,FOOD,קציצות טונה קטלניות עם 30 קלוריות ו4 גרם חלבון לקציצה,SAVORY,קציצות,"מצרכים: 
3 קופסאות טונה במים 
2 ביצים 
קישוא בינוני 
תפוח אדמה קטן 
גזר בינוני 
בצל 
חצי כפית מלח 
חצי כפית פלפל
חצי כפית כמון","אופן הכנה: 
נטחן/נגרד את כל הירקות 
נערבב את הירקות ביחד עם כל הרכיבים 
נחלק ל25 קציצות 
נאפה בתנור שחומם מראש על 180 מעלות טורבו ל20-25 דקות (תלוי בתנור) 

ובתאבון ✨✨

#דלקלוריות",YES
142,16/07/2024,עוגת גבינה קרמית,"עוגת גבינה קרמית בטירוף!! 
והכי קלה שתכינו ❤️

הכנתי את העוגה מגבינות רזות אז היא גם דלה בקלוריות ✊🏻
מצרכים:
750 גרם גבינה לבנה 5%
200 שמנת חמוצה 9% 
30 גרם קורנפלור 
30 גרם אינסטנט פודינג 
3/4 כוס תחליף סוכר/ סוכר (אפשר לשים יותר או פחות בהתאם לרמת המתיקות שאתם אוהבים)
4 ביצים 
אופן הכנה:

נערבב את כל המצרכים בקערה אחת נמזוג לתבנית 20*20
נאפה בתנור שחומם מראש על חום של 150 מעלות סטטי לשעה ורבע 

•בתחתית התנור נשים תבנית עם מים רותחים
נשאיר את העוגה בתנור סגור לפחות שעתיים (לא לפתוח במהלך האפייה) 
ואז לעוד לילה במקרר ובתיאבון❤️❤️

חילקתי את העוגה ל16 חתיכות 
עם תחליף סוכר:
כל חתיכה 94 קלוריות ו6 גרם חלבון 
בלי תחליף סוכר: 
כל חתיכה 131 קלוריות ו6 גרם חלבון",https://www.instagram.com/reel/C9fSqxxIzof/,FOOD,עוגת גבינה קרמית בטירוף,SWEET,עוגת גבינה,"מצרכים:
750 גרם גבינה לבנה 5%
200 שמנת חמוצה 9% 
30 גרם קורנפלור 
30 גרם אינסטנט פודינג 
3/4 כוס תחליף סוכר/ סוכר (אפשר לשים יותר או פחות בהתאם לרמת המתיקות שאתם אוהבים)
4 ביצים","אופן הכנה:

נערבב את כל המצרכים בקערה אחת נמזוג לתבנית 20*20
נאפה בתנור שחומם מראש על חום של 150 מעלות סטטי לשעה ורבע 

•בתחתית התנור נשים תבנית עם מים רותחים
נשאיר את העוגה בתנור סגור לפחות שעתיים (לא לפתוח במהלך האפייה) 
ואז לעוד לילה במקרר ובתיאבון❤️❤️

חילקתי את העוגה ל16 חתיכות 
עם תחליף סוכר:
כל חתיכה 94 קלוריות ו6 גרם חלבון 
בלי תחליף סוכר: 
כל חתיכה 131 קלוריות ו6 גרם חלבון",YES
143,19/07/2024,קנלוני במילוי בשר,"קנלוני במילוי בשר ✊🏻

אז לא זה לא הקנלוני הקלאסי עם הגבינות שכולכם מכירים… 

זה קנלוני במילוי בשר עם רוטב של יין אדום 🍷
אמאלה איזו מנה מיוחדת! 

המנה הזאת נראית כל כך מרשימה על השולחן ובצדק!!! 
ומה הכיף? שהיא לא כזאת מסובכת כמו שהיא נראית והיא הולכת לגרוף לכם כל כך הרבה מחמאות 😍 

השילוב של היין עם הבשר ועם הפסטה יוצר שילוב טעמים משהו מפחיד ואין סיכוי שאתם לא מכינים את המנה הזאת 

אופן ההכנה יצא ארוך ואני לא רוצה שתפספסו אף שלב אז העלתי במסודר את המתכון לסטורי ושמרתי בהייליט ״קנלוני בשר״ 

אם לא מצאתם תרשמו לי ואשלח לכם בפרטי כי אין סיכוי שאתם מפספסים את המנה הזאת ❤️",https://www.instagram.com/reel/C9mHmFIIcRt/,FOOD,קנלוני במילוי בשר,SAVORY,פסטה,,,NO
144,02/08/2024,עוגיית פקאן ושוקולד מריר,"עוגיית פקאן ושוקולד מריר עם גלידת וניל מעל 😍 

איך אני מכורה לקינוח שיש בו שילוב של חם וקר!! הכי טעים שיש ❤️ 

מצרכים: 
100 גרם חמאה רכה
60 גרם סוכר לבן 
60 גרם סוכר חום
ביצה 
150 גרם קמח 
כפית תמצית וניל 
חצי כפית אבקת אפייה 
שליש כפית סודה לשתייה 
100 גרם שוקולד מריר 
80 גרם פקאן 

אופציונלי- מלח גס 

אופן הכנה: 
נקצוץ את השוקולד המריר והפקאן
בקערה נערבב את החמאה עם הסוכרים עד למרקם משחתי 
נוסיף את הביצה ונערבב לאיחוד 
נוסיף את יתר המצרכים ונערבב 

בעזרת כף גלידה ניצור עיגולים 
נסדר כל פעם 6 עוגיות בתבנית 
נאפה בתנור שחומם מראש על 180 מעלות טורבו ל10-12 דקות 
נגיש מעל עד עוגייה חמה כדור גלידה 
ובתאבון ❤️",https://www.instagram.com/reel/C-KN_FKIblM/,FOOD,עוגיית פקאן ושוקולד מריר עם גלידת וניל מעל,SWEET,עוגיות,"מצרכים: 
100 גרם חמאה רכה
60 גרם סוכר לבן 
60 גרם סוכר חום
ביצה 
150 גרם קמח 
כפית תמצית וניל 
חצי כפית אבקת אפייה 
שליש כפית סודה לשתייה 
100 גרם שוקולד מריר 
80 גרם פקאן 

אופציונלי- מלח גס","אופן הכנה: 
נקצוץ את השוקולד המריר והפקאן
בקערה נערבב את החמאה עם הסוכרים עד למרקם משחתי 
נוסיף את הביצה ונערבב לאיחוד 
נוסיף את יתר המצרכים ונערבב 

בעזרת כף גלידה ניצור עיגולים 
נסדר כל פעם 6 עוגיות בתבנית 
נאפה בתנור שחומם מראש על 180 מעלות טורבו ל10-12 דקות 
נגיש מעל עד עוגייה חמה כדור גלידה 
ובתאבון ❤️",YES
145,23/08/2024,מגולגלות סמורס,"מגולגלות סמורס! 😍 

כל מי שאוהב מרשמלו במיוחד כשהוא נמס המתכון הזה בול בשבילו!! 

מצרכים:
לבצק פריך:
140 גרם קמח =כוס קמח
100 גרם קורנפלור =כוס פחות 4 כפות
50 גרם אבקת סוכר= חצי שקית 
ביצה 
100 גרם חמאה רכה=חצי חבילה 

למילוי: 
חצי צנצנת קטנה של נוטלה= 175 גרם
מרשמלו

הכנת הבצק פריך: 
במיקסר עם וו גיטרה נשים את האבקת סוכר והחמאה ונפעיל עד לאיחוד 
נוסיף את הקמח והקורנפלור ונעבד עד מרקם חולי,נוסיף את הביצה עד שמתגבש לבצק 
•במידה ותשתמשו בביצה קטנה מדי הבצק לא יתאחד אז במידת הצורך אפשר להוסיף כפית חלב 

נרדד למלבן גדול נמרח נוטלה ונסדר את המרשמלו 
נגלגל את הבצק כמו בסרטון לגליל ארוך ונקפיא אותו למשך 40-60 דקות 

נוציא את הגליל מהמקפיא ונניח על תבנית עם נייר אפייה ונאפה 20-25 דקות/ עד שהבצק מזהיב 
בתנור שחומם מראש על 170 מעלות טורבו 

נוציא מהתנור ונצנן בחוץ עד שמתקרר לגמרי 
נבזוק אבקת סוכר ונפרוס פרוסות באופן שווה 
ובתיאבון ❤️❤️❤️

שימו לב:
בגלל שבזמן אפייה המרשמלו מתנפח אז באמצע הגליל יווצר לכם סדק וזה בסדר 🫶🏼",https://www.instagram.com/reel/C_AVdSKIqTH/,FOOD,מגולגלות סמורס,SWEET,עוגיות,"מצרכים:
לבצק פריך:
140 גרם קמח =כוס קמח
100 גרם קורנפלור =כוס פחות 4 כפות
50 גרם אבקת סוכר= חצי שקית 
ביצה 
100 גרם חמאה רכה=חצי חבילה 

למילוי: 
חצי צנצנת קטנה של נוטלה= 175 גרם
מרשמלו","הכנת הבצק פריך: 
במיקסר עם וו גיטרה נשים את האבקת סוכר והחמאה ונפעיל עד לאיחוד 
נוסיף את הקמח והקורנפלור ונעבד עד מרקם חולי,נוסיף את הביצה עד שמתגבש לבצק 
•במידה ותשתמשו בביצה קטנה מדי הבצק לא יתאחד אז במידת הצורך אפשר להוסיף כפית חלב 

נרדד למלבן גדול נמרח נוטלה ונסדר את המרשמלו 
נגלגל את הבצק כמו בסרטון לגליל ארוך ונקפיא אותו למשך 40-60 דקות 

נוציא את הגליל מהמקפיא ונניח על תבנית עם נייר אפייה ונאפה 20-25 דקות/ עד שהבצק מזהיב 
בתנור שחומם מראש על 170 מעלות טורבו 

נוציא מהתנור ונצנן בחוץ עד שמתקרר לגמרי 
נבזוק אבקת סוכר ונפרוס פרוסות באופן שווה 
ובתיאבון ❤️❤️❤️

שימו לב:
בגלל שבזמן אפייה המרשמלו מתנפח אז באמצע הגליל יווצר לכם סדק וזה בסדר 🫶🏼",YES
146,17/09/2024,בורקס גבינות וזיתים משערות קדאיף,"בורקס גבינות וזיתים משערות קדאיף 🤍 
בורקס קרנאצ׳י ומיוחד ברמות! 

מצרכים: 
200 גרם שערות קדאיף 
75 גרם למאה מומסת 
150 גרם גבינה צהובה מגורדת 
150 גרם בולגרית 
2 כפות קוטג׳ 
80 גרם זיתים (אפשר יותר/ פחות תלוי כמה אוהבים) 

אופן הכנה: 
•נערבב את הגבינות והזיתים בקערה ונעביר לשקית זילוף
•נקצוץ את שערות הקדאיף ונערבב עם החמאה המומסת 
•נקח תבנית אצבעות ונמלא בשכבה של שערות קדאיף 
•בעזרת שקית זילוף נזלף בכל תבנית אצבע מהבלילה 
•נשים עוד שכבה של שערות קדאיף בכל תבנית אצבע ונהדק 
•נכניס לתנור שחומם מראש על טורבו 180 מעלות 25-30 דקות

ובתאבון 💜💜
מחכה לשמוע איך יצא 🥰",https://www.instagram.com/reel/DABfnyUIoEa/,FOOD,בורקס גבינות וזיתים משערות קדאיף,SAVORY,בורקס,"מצרכים: 
200 גרם שערות קדאיף 
75 גרם למאה מומסת 
150 גרם גבינה צהובה מגורדת 
150 גרם בולגרית 
2 כפות קוטג׳ 
80 גרם זיתים (אפשר יותר/ פחות תלוי כמה אוהבים)","אופן הכנה: 
•נערבב את הגבינות והזיתים בקערה ונעביר לשקית זילוף
•נקצוץ את שערות הקדאיף ונערבב עם החמאה המומסת 
•נקח תבנית אצבעות ונמלא בשכבה של שערות קדאיף 
•בעזרת שקית זילוף נזלף בכל תבנית אצבע מהבלילה 
•נשים עוד שכבה של שערות קדאיף בכל תבנית אצבע ונהדק 
•נכניס לתנור שחומם מראש על טורבו 180 מעלות 25-30 דקות

ובתאבון 💜💜
מחכה לשמוע איך יצא 🥰",YES
147,23/09/2024,כדורי סינבון / לחם קופים,"כדורי סינבון / לחם קופים 🐒
כדורי בצק מצופים בחמאה סוכר וקינמון שיוצאים פשוט וואו!
 
מצרכים ל2 תבניות

מצרכים: 
לבצק- 
500 גרם קמח לחם 
10 גרם שמרים יבשים 
100 גרם סוכר 
ביצה 
100 גרם חמאה קרה חתוכה לקוביות 
200 גרם שמנת חמוצה 
50 גרם חלב 
5 גרם (כפית) מלח 

לציפוי: 
קערה עם 150 גרם חמאה מומסת 
קערה שנייה עם: 
3 כפות קינמון 
240 גרם סוכר חום

לרוטב: 
2 כפות אבקת סוכר 
2 כפות חלב 
אפשר להוסיף כף גבינת שמנת אם רוצים קרם סמיך

אופן הכנת הבצק: 
בקערת מיקסר נשים קמח שמרים וסוכר ונערבב דקה (אפשר גם לערבב עם כף) 
אחר כך נוסיף את הביצה, השמנת והחלב 
ונלוש 5 דקות 
אחרי שנראה שהבצק מתאחד נוסיף בהדרגה את החמאה 
(נחתוך את החמאה לקוביות קטנות וכל כמה שניות נוסיף קוביית חמאה) 

אחרי שכל החמאה נטמעה בבצק (בין 4-5 דקות) 
נוסיף את המלח ונלוש עוד 3 דקות. 
שימו לב- 
זמן הלישה משתנה בין מיקסר למיקסר כי לפעמים יש מיקסרים פחות חזקים 

3 דקות אחרי שהוספתם את המלח כדי לבדוק אם הבצק סיים את הלישה תבדקו האם יש בבצק רשת גלוטן (בהייליט טיפים אצלי בעמוד אני מראה איך בודקים)

אם אתם לא בטוחים עדיף ללוש את הבצק עוד כמה דקות. 

אחרי שהבצק סיים את הלישה שלו נניח אותו בקערה משומנת. 
עכשיו יש 2 אופציות 
אופציה 1- לשים את הבצק בהתפחה של לילה במקרר ואז למחרת שעה לפני שרוצים לעבוד איתו להוציא אותו לטמפרטורת החדר ורק אז לעבוד איתו 
זאת האופציה העדיפה כי ככה הבצק תופח יותר טוב ויותר נוח לעבוד איתו 
אופציה 2- 
אם אין לכם זמן להתפחת לילה תתפיחו בחוץ שעה- שעה וחצי עד שהבצק מכפיל את עצמו 

אחרי שהבצק סיים לתפוח נחלק אותו ל2 חלקים שווים 

נקח את החלק הראשון למלבן עבה ולא גדול ובעזרת גלגלת פיצה נחתוך לריבועים 
כל ריבוע נגלגל לכדור 
נטבול כל כדור בחמאה ואז בתערובת של הסוכר והקינמון

נסדר את הכדורים תבנית עגולה כאשר באמצע שמנו קערה קטנה (לא חייב אפשר גם לשים בקערה מחוץ לתבנית זה נטו ליופי)

נתפיח את הכדורים בתבנית בחוץ 40-60 דקות
ואז נאפה בתנור שחומם מראש על טורבו 170 מעלות ל35-45 מעלות

כשהכדורים יוצאים מהתנור נערבב בתוך הקערית את האבקת סוכר והחלב 
נטבול כל כדור ברוטב ובתאבון ❤️❤️",https://www.instagram.com/reel/DAQ91nZozyB/,FOOD,כדורי סינבון / לחם קופים,SWEET,לחם/מאפה,"מצרכים ל2 תבניות

מצרכים: 
לבצק- 
500 גרם קמח לחם 
10 גרם שמרים יבשים 
100 גרם סוכר 
ביצה 
100 גרם חמאה קרה חתוכה לקוביות 
200 גרם שמנת חמוצה 
50 גרם חלב 
5 גרם (כפית) מלח 

לציפוי: 
קערה עם 150 גרם חמאה מומסת 
קערה שנייה עם: 
3 כפות קינמון 
240 גרם סוכר חום

לרוטב: 
2 כפות אבקת סוכר 
2 כפות חלב 
אפשר להוסיף כף גבינת שמנת אם רוצים קרם סמיך","אופן הכנת הבצק: 
בקערת מיקסר נשים קמח שמרים וסוכר ונערבב דקה (אפשר גם לערבב עם כף) 
אחר כך נוסיף את הביצה, השמנת והחלב 
ונלוש 5 דקות 
אחרי שנראה שהבצק מתאחד נוסיף בהדרגה את החמאה 
(נחתוך את החמאה לקוביות קטנות וכל כמה שניות נוסיף קוביית חמאה) 

אחרי שכל החמאה נטמעה בבצק (בין 4-5 דקות) 
נוסיף את המלח ונלוש עוד 3 דקות. 
שימו לב- 
זמן הלישה משתנה בין מיקסר למיקסר כי לפעמים יש מיקסרים פחות חזקים 

3 דקות אחרי שהוספתם את המלח כדי לבדוק אם הבצק סיים את הלישה תבדקו האם יש בבצק רשת גלוטן (בהייליט טיפים אצלי בעמוד אני מראה איך בודקים)

אם אתם לא בטוחים עדיף ללוש את הבצק עוד כמה דקות. 

אחרי שהבצק סיים את הלישה שלו נניח אותו בקערה משומנת. 
עכשיו יש 2 אופציות 
אופציה 1- לשים את הבצק בהתפחה של לילה במקרר ואז למחרת שעה לפני שרוצים לעבוד איתו להוציא אותו לטמפרטורת החדר ורק אז לעבוד איתו 
זאת האופציה העדיפה כי ככה הבצק תופח יותר טוב ויותר נוח לעבוד איתו 
אופציה 2- 
אם אין לכם זמן להתפחת לילה תתפיחו בחוץ שעה- שעה וחצי עד שהבצק מכפיל את עצמו 

אחרי שהבצק סיים לתפוח נחלק אותו ל2 חלקים שווים 

נקח את החלק הראשון למלבן עבה ולא גדול ובעזרת גלגלת פיצה נחתוך לריבועים 
כל ריבוע נגלגל לכדור 
נטבול כל כדור בחמאה ואז בתערובת של הסוכר והקינמון

נסדר את הכדורים תבנית עגולה כאשר באמצע שמנו קערה קטנה (לא חייב אפשר גם לשים בקערה מחוץ לתבנית זה נטו ליופי)

נתפיח את הכדורים בתבנית בחוץ 40-60 דקות
ואז נאפה בתנור שחומם מראש על טורבו 170 מעלות ל35-45 מעלות

כשהכדורים יוצאים מהתנור נערבב בתוך הקערית את האבקת סוכר והחלב 
נטבול כל כדור ברוטב ובתאבון ❤️❤️",YES
148,29/09/2024,פעם בשבוע מאיר ואני עושים דייט זוגי,"פעם בשבוע מאיר ואני עושים דייט זוגי 👩‍❤️‍💋‍👨 
הפעם עשינו דייט גבינות ויין בשקיעה 🧀🍷 

וכדי להוסיף עניין לדייט שיחקנו במשחק הזוגי שלי ״מירוץ האהבה״ 🏁 

במשחק מתחרים על מהירות, חדות וידע אחד על השנייה 🥰 

לכבוד השנה החדשה המשחק עכשיו ב35% הנחה עם הקוד קופון ״שנה טובה״ 

לינק לרכישה בביו אם לא מצאתם תרשמו לי ואשלח לכם ❤️",https://www.instagram.com/reel/DAgviUDo0AF/,DATE,,,,,,
149,13/10/2024,טורטיות ממולאות בפרגית,"טורטיות ממולאות בפרגית טחונה עם רימונים ותבלין שפשוט מקפיץ את המנה…. קינמון! 😍 

תקשיבו שאחרי שאכלתי את המנה הזאת לא הבנתי איך 23 שנה לא טעמתי את השילוב של פרגיות וקינמון אמאלה איזה שילוב מוצלח!! 

אז מה נצטרך? 
מצרכים: 
למילוי פרגית: 
400 גרם פרגית טחונה 
בצל 
כף שמן זית 
כף סוכר חום 
כף קינמון 
גרעינים מחצי רימון 
2 כפות דבש
מלח ופלפל לפי הטעם

לציפוי: 
2 ביצים 
פירורי לחם 

ו7-8 טורטיות 

אופן הכנה: 
במחבת נטגן את הבצל עם קצת שמן זית 
נוסיף את הסוכר המלח והפלפל ונערבב עד שהבצל רך
נוסיף את הפרגיות נערבב היטב וכשהן משנות את הצבע נוסיף את גרעיני הרימון,הקינמון והדבש.

כשהתערובת מוכנה נקח טורטייה ונשים בתחילת כל טורטייה 2-3 כפות מהתערובת ונגלגל כמו בסרטון בסוף כל טורטייה נמרח קצת ביצה כדי שהיא לא תפתח לנו. 

נטבול כל טורטייה בביצה ואז בפירורי לחם ונטגן מכל הצדדים 

נגיש חם עם מטבל שאוהבים ובתאבון 
שיהיה חג שמח 😍",https://www.instagram.com/reel/DBEYIhhIaO6/,FOOD,טורטיות ממולאות בפרגית טחונה עם רימונים ותבלין שפשוט מקפיץ את המנה…. קינמון,SAVORY,עוף,"אז מה נצטרך? 
מצרכים: 
למילוי פרגית: 
400 גרם פרגית טחונה 
בצל 
כף שמן זית 
כף סוכר חום 
כף קינמון 
גרעינים מחצי רימון 
2 כפות דבש
מלח ופלפל לפי הטעם

לציפוי: 
2 ביצים 
פירורי לחם 

ו7-8 טורטיות","אופן הכנה: 
במחבת נטגן את הבצל עם קצת שמן זית 
נוסיף את הסוכר המלח והפלפל ונערבב עד שהבצל רך
נוסיף את הפרגיות נערבב היטב וכשהן משנות את הצבע נוסיף את גרעיני הרימון,הקינמון והדבש.

כשהתערובת מוכנה נקח טורטייה ונשים בתחילת כל טורטייה 2-3 כפות מהתערובת ונגלגל כמו בסרטון בסוף כל טורטייה נמרח קצת ביצה כדי שהיא לא תפתח לנו. 

נטבול כל טורטייה בביצה ואז בפירורי לחם ונטגן מכל הצדדים 

נגיש חם עם מטבל שאוהבים ובתאבון 
שיהיה חג שמח 😍",YES
150,16/10/2024,עוגת פאדג׳ שוקולד פרווה,"עוגת פאדג׳ שוקולד פרווה(!!) פשוט חלומית 😍 
אין בעוגה טיפה אחת של קמח אז היא גם מתאימה לצליאקים

מצרכים: 
300 גרם שוקולד מריר 
150 גרם נטורינה 
6 ביצים 
כוס סוכר 
3 כפות קקאו 

אופן הכנה: 
נתחיל בהפרדת החלבונים והחלמונים.
נמיס את השוקולד המריר והנטורינה ונערבב למרקם אחיד. 
נוסיף כל פעם חלמון אחד ונערבב מהר עד שייטמע בתערובת 
ננפה את הקקאו ונערבב היטב. 
בקערה נפרדת נקציף את החלבונים אחרי 2-3 דקות הקצפה נוסיף בהדרגה את הסוכר ונמשיך להקציף עד לקצף חזק. נוסיף כל פעם 1/3 מתערובת השוקולד לקצף ונערבב בתנועות קיפול עד לאיחוד.
נמזוג את הבלילה לתבנית עגולה קוטר 22 
ונאפה בתנור שחומם מראש על טורבו 175 מעלות 30 דקות (משתנה בין תנור לתנור) 
נוציא את העוגה מהתנור ואז יש 2 אופציות: 
1. להשאיר את העוגה בחוץ עד שתגיע לטמפ׳ החדר ולאכול אותה ככה 
2. ⁠להכניס למקרר ולאכול את העוגה כשהיא קרה 

העוגה טעימה גם קרה וגם חמה וזה הקסם שלה ✨ 

שיהיה לנו חג שמח ❤️",https://www.instagram.com/reel/DBLNgZXIWWl/,FOOD,עוגת פאדג׳ שוקולד פרווה(!!) פשוט חלומית,SWEET,עוגה,"מצרכים: 
300 גרם שוקולד מריר 
150 גרם נטורינה 
6 ביצים 
כוס סוכר 
3 כפות קקאו","אופן הכנה: 
נתחיל בהפרדת החלבונים והחלמונים.
נמיס את השוקולד המריר והנטורינה ונערבב למרקם אחיד. 
נוסיף כל פעם חלמון אחד ונערבב מהר עד שייטמע בתערובת 
ננפה את הקקאו ונערבב היטב. 
בקערה נפרדת נקציף את החלבונים אחרי 2-3 דקות הקצפה נוסיף בהדרגה את הסוכר ונמשיך להקציף עד לקצף חזק. נוסיף כל פעם 1/3 מתערובת השוקולד לקצף ונערבב בתנועות קיפול עד לאיחוד.
נמזוג את הבלילה לתבנית עגולה קוטר 22 
ונאפה בתנור שחומם מראש על טורבו 175 מעלות 30 דקות (משתנה בין תנור לתנור) 
נוציא את העוגה מהתנור ואז יש 2 אופציות: 
1. להשאיר את העוגה בחוץ עד שתגיע לטמפ׳ החדר ולאכול אותה ככה 
2. ⁠להכניס למקרר ולאכול את העוגה כשהיא קרה 

העוגה טעימה גם קרה וגם חמה וזה הקסם שלה ✨ 

שיהיה לנו חג שמח ❤️",YES
151,05/11/2024,אסאדו על חלה צרובה,"אמאלה איזה ביס טעים ומיוחד זה היה!!!
אסאדו עם חמאת בוטנים וסויה על חלה צרובה ומעל הכל רוטב כוסברה משגע 🤤 

איך אני אוהבת להכין מנות ראשונות מיוחדות! 

לפני חודש מאיר ואני הכנו לעצמנו ארוחת ערב סטייל מסעדה וזה מה שהכנו למנה ראשונה 😍 
ישר ידעתי שאין סיכוי שאני לא מצלמת לכם מתכון!!

רוצים את המתכון? תרשמו לי כאן ואשלח לכם אותו 😚❤️",https://www.instagram.com/reel/DB_uem2I-aM/,FOOD,אסאדו עם חמאת בוטנים וסויה על חלה צרובה,SAVORY,לחם/מאפה,,,NO
152,08/11/2024,עוגת תפוזים,"איך אני אוהבת עוגת תפוזים 🍊
עוגה הכי קלאסית שיש הכי פשוטה והכי טעימה בעולם ❤️

הכנתי את העוגה בקערה אחת ואין סיכוי שהיא לא תצליח לכם! 

היא יוצאת גבוהה ואווירית ובמילה אחת ענן ☁️☁️ 

המתכון המלא בהייליט ״עוגת תפוזים״ 
לא מצאתם? תרשמו כאן ואשלח לכם את המתכון 😘",https://www.instagram.com/reel/DCGmwC_IaEF/,FOOD,איך אני אוהבת עוגת תפוזים,SWEET,עוגה,,,NO
153,12/11/2024,פולנטה מתירס טרי,"פולנטה מתירס טריייי 🌽
וואי וואי איזו מנה!! לא הפסקתי לנשנש את הפולנטה ככה עם כפית מהסיר מרוב שלא התאפקתי 😅 

ומה השוס? הכנתי אותה עם חלב ובלי שמנת 
אז גם המנה יחסית דלה בקלוריות 🤪🤍

מצרכים: 
5 קלחי תירס 
כוס וחצי חלב 
15 גרם חמאה 
מלח פלפל 
60 גרם פרמז׳ן 

אופן הכנה: 
נחתוך את גרעיני התירס מהקלח.
נמזוג לסיר את החלב נוסיף את גרעיני התירס החמאה והתבלינים. 
נשים בהתחלה על אש גבוהה וברגע שהחלב מתחיל להתחמם נוריד לאש בינונית ל20 דקות בישול 
אחרי 20 דקות נוסיף את הפרמז׳ן ובעזרת בלנדר נטחן למרקם אחיד 
נמזוג לצלחת אפשר להוסיף מלמעלה אספרגוס/פטריות מוקפצות/גרעיני תירס/פרמז׳ן 

ונגיש בתאבון חברים ❤️❤️",https://www.instagram.com/reel/DCRtEZDImvJ/,FOOD,פולנטה מתירס טריייי,SAVORY,תוספת/פולנטה,"מצרכים: 
5 קלחי תירס 
כוס וחצי חלב 
15 גרם חמאה 
מלח פלפל 
60 גרם פרמז׳ן","אופן הכנה: 
נחתוך את גרעיני התירס מהקלח.
נמזוג לסיר את החלב נוסיף את גרעיני התירס החמאה והתבלינים. 
נשים בהתחלה על אש גבוהה וברגע שהחלב מתחיל להתחמם נוריד לאש בינונית ל20 דקות בישול 
אחרי 20 דקות נוסיף את הפרמז׳ן ובעזרת בלנדר נטחן למרקם אחיד 
נמזוג לצלחת אפשר להוסיף מלמעלה אספרגוס/פטריות מוקפצות/גרעיני תירס/פרמז׳ן 

ונגיש בתאבון חברים ❤️❤️",YES
154,15/11/2024,טירמיסו שוקולד,"עוגת טירמיסו שוקולד 😍 

עוגה טעימה ברמות סופר קלה להכנה והולכת להיות לכם מושלמת לסופ״ש הקרוב! 

יש כאן שילוב טעמים מיוחד של הביסקוטים עם הקרם שוקולד ועם הגנאש מלמעלה והעוגה הזאת פשוט התחסלה אצלי בבית בשנייה 😎❤️ 

המתכון המלא בסטורי ובהייליט ״טירמיסו שוקולד״ 
אם לא מצאתם תרשמו לי ואשלח לכם ❤️",https://www.instagram.com/reel/DCYpVDzoRpJ/,FOOD,עוגת טירמיסו שוקולד,SWEET,עוגה,,,NO
155,20/11/2024,פסטה עם רוטב מפתיע,"פסטה עם אחד מהרטבים הכי מעניינים שהכנתי! 
יש כאן שילוב של כל כך הרבה דברים טובים 
ויוצא רוטב להתעלף 😍

מה נצטרך: 
250 גרם פסטה צינורות (חצי שקית) 
מיכל שמנת 9% 
100 גרם זיתי קלמטה קצוצים 
בערך 20 עגבניות מיובשות 
בצל סגול 
15 גרם חמאה 
שום כתוש 
מלח פלפל ואגוז מוסקט לפי הטעם 

אופן הכנה: 
את הפסטה נכין לפי הוראות היצרן 
אני מעדיפה להכין את הפסטה אחרי שהרוטב מוכן 

לרוטב: 
במחבת נטגן בצל סגול ושום עם חמאה 
כשהבצל משנה את הצבע שלו נוסיף את העגבניות המיובשות זיתי קלמטה בזיליקום והשמנת 
נערבב היטב עד שהשמנת מקבלת צבע מהירקות 
נוסיף את התבלינים 
נוסיף את הפסטה שהכנו ונערבב עד שכל הרוטב עוטף את הפסטה 

•אפשר להוסיף עוד שמנת אם אוהבים יותר רוטב 

נגיש עם פרמז׳ן ובתאבון 🥰❤️",https://www.instagram.com/reel/DCmWhZxITDJ/,FOOD,פסטה עם אחד מהרטבים הכי מעניינים שהכנתי,SAVORY,פסטה,"מה נצטרך: 
250 גרם פסטה צינורות (חצי שקית) 
מיכל שמנת 9% 
100 גרם זיתי קלמטה קצוצים 
בערך 20 עגבניות מיובשות 
בצל סגול 
15 גרם חמאה 
שום כתוש 
מלח פלפל ואגוז מוסקט לפי הטעם","אופן הכנה: 
את הפסטה נכין לפי הוראות היצרן 
אני מעדיפה להכין את הפסטה אחרי שהרוטב מוכן 

לרוטב: 
במחבת נטגן בצל סגול ושום עם חמאה 
כשהבצל משנה את הצבע שלו נוסיף את העגבניות המיובשות זיתי קלמטה בזיליקום והשמנת 
נערבב היטב עד שהשמנת מקבלת צבע מהירקות 
נוסיף את התבלינים 
נוסיף את הפסטה שהכנו ונערבב עד שכל הרוטב עוטף את הפסטה 

•אפשר להוסיף עוד שמנת אם אוהבים יותר רוטב 

נגיש עם פרמז׳ן ובתאבון 🥰❤️",YES
156,27/11/2024,מוקפץ אנטריקוט עם ניוקי וברוקולי,"מתכון מוקפץ אנטריקוט עם ניוקי וברוקולי ✨

מצרכים:
	•	300 גרם אנטריקוט, חתוך לרצועות
	•	200 גרם ניוקי
	•	ראש ברוקולי, מחולק לפרחים קטנים
	•	בצל בינוני, פרוס
	•	2 שיני שום, כתושות
	•	כף שמן זית
	•	כפית סוכר
	•	כף רוטב סויה
	•	2 כפות סילאן
	•	מיץ מחצי לימון
	•	גרידת לימון
	•	מלח ופלפל לפי הטעם

אופן ההכנה:
	1.	חולטים את הברוקולי: מרתיחים מים בסיר, מוסיפים את הברוקולי ומבשלים 2–3 דקות עד שמתרכך מעט. מסננים ומניחים בצד.
	2.	מבשלים את הניוקי לפי הוראות היצרן, מסננים ושומרים בצד.
	3.	מחממים מחבת רחבה עם כף שמן זית. מוסיפים את הבצל ומטגנים עד להזהבה.
	4.	מוסיפים את השום הכתוש, מלח, פלפל וכפית סוכר. מערבבים היטב.
	5.	מוסיפים את הברוקולי החלוט וממשיכים לטגן עוד 2 דקות. מעבירים את התערובת לכלי נפרד.
	6.	באותה מחבת, מטגנים את רצועות האנטריקוט על חום גבוה במשך 2–3 דקות עד שהן משחימות.
	7.	מחזירים את הבצל והברוקולי למחבת עם האנטריקוט, מערבבים בעדינות.
	8.	מוסיפים את הניוקי למחבת, יוצקים רוטב סויה וסילאן ומערבבים.
	9.	מוסיפים מיץ לימון וגרידת לימון, מערבבים היטב ומבשלים עוד כדקה לספיגת הטעמים.

הגשה:
מגישים חם בתוספת גרידת לימון טרייה מלמעלה להדגשת הטעמים.
בתיאבון! ❤️❤️",https://www.instagram.com/reel/DC37g7hIV-0/,FOOD,מתכון מוקפץ אנטריקוט עם ניוקי וברוקולי,SAVORY,פסטה,"מצרכים:
	•	300 גרם אנטריקוט, חתוך לרצועות
	•	200 גרם ניוקי
	•	ראש ברוקולי, מחולק לפרחים קטנים
	•	בצל בינוני, פרוס
	•	2 שיני שום, כתושות
	•	כף שמן זית
	•	כפית סוכר
	•	כף רוטב סויה
	•	2 כפות סילאן
	•	מיץ מחצי לימון
	•	גרידת לימון
	•	מלח ופלפל לפי הטעם","אופן ההכנה:
	1.	חולטים את הברוקולי: מרתיחים מים בסיר, מוסיפים את הברוקולי ומבשלים 2–3 דקות עד שמתרכך מעט. מסננים ומניחים בצד.
	2.	מבשלים את הניוקי לפי הוראות היצרן, מסננים ושומרים בצד.
	3.	מחממים מחבת רחבה עם כף שמן זית. מוסיפים את הבצל ומטגנים עד להזהבה.
	4.	מוסיפים את השום הכתוש, מלח, פלפל וכפית סוכר. מערבבים היטב.
	5.	מוסיפים את הברוקולי החלוט וממשיכים לטגן עוד 2 דקות. מעבירים את התערובת לכלי נפרד.
	6.	באותה מחבת, מטגנים את רצועות האנטריקוט על חום גבוה במשך 2–3 דקות עד שהן משחימות.
	7.	מחזירים את הבצל והברוקולי למחבת עם האנטריקוט, מערבבים בעדינות.
	8.	מוסיפים את הניוקי למחבת, יוצקים רוטב סויה וסילאן ומערבבים.
	9.	מוסיפים מיץ לימון וגרידת לימון, מערבבים היטב ומבשלים עוד כדקה לספיגת הטעמים.

הגשה:
מגישים חם בתוספת גרידת לימון טרייה מלמעלה להדגשת הטעמים.
בתיאבון! ❤️❤️",YES
157,27/12/2024,עוגת שמרים שוקולד דובאי,"⁨	עוגת שמרים סטייל שוקולד דובאי 
זאת בין העוגות הכי טובות שתטעמו 🤌🏻❤️

מתכון ל-2 רולדות
מצרכים:
לבצק:
500 גרם קמח לחם
10 גרם שמרים יבשים
100 גרם סוכר
1 ביצה
100 גרם חמאה קרה חתוכה לקוביות
200 גרם שמנת חמוצה
50 גרם חלב
כפית (5 גרם) מלח

למילוי :
300 גרם שוקולד חלב
100 גרם חמאה
200 גרם סוכר
4 כפות קקאו (מנופה)
200 גרם שערות קדאיף קצוצות
100 גרם חמאה מומסת
80 גרם מחית פיסטוק
80 גרם מחית פיסטוק (למרוח מעל המילוי)

למי סוכר:
40 גרם סוכר
40 גרם מים רותחים

הוראות הכנה:

בקערת מיקסר, ערבבו קמח, שמרים וסוכר.
הוסיפו את הביצה, השמנת והחלב, ולושו במשך 3 דקות.
הוסיפו בהדרגה את קוביות החמאה, תוך כדי ערבוב.
לאחר שהחמאה נטמעה לגמרי, ועברו 8 דקות מתחילת הלישה הוסיפו את המלח ולושו עוד 5 דקות.
בסיום הלישה תבדקו שהתפתחה רשת גלוטן ורק אז תשימו את הבצק בהתפחה.

להתפחה, יש שתי אפשרויות:
האופציה המועדפת היא להעביר את הבצק למקרר להתפחה של לילה, ולהוציא אותו לטמפרטורת החדר שעה לפני העבודה.
אם אין זמן, אפשר להתפיח בחוץ כשעה-שעה וחצי, עד שהבצק מכפיל את נפחו.

בינתיים מכינים את המילוי:
לשערות קדאיף:
במחבת גדולה ממיסים 100 גרם חמאה .
מוסיפים את שערות הקדאיף הקצוצות ומטגנים על אש בינונית תוך ערבוב, עד שהשערות הופכות זהובות וקרנצ’יות. 

ממיסים את השוקולד חלב והחמאה בפולסים של 30 שניות במיקרוגל, עד שהתערובת חלקה ומבריקה.
מוסיפים את הקקאו המנופה, הסוכר ומערבבים היטב עד לאיחוד.
מוסיפים את מחית הפיסטוק והשערות קדאיף ומערבבים עד לאיחוד.

חלקו את הבצק ל-2 חלקים שווים.
רדדו כל חלק למלבן אחד ארוך מאוד.
מרחו שכבת מילוי דקה על כל המלבן, ואז גלגלו לרולדה.
חתכו את הרולדה לאורכה, וסובבו לצורת בורג.
התפיחו את הרולדות במשך שעה בטמפרטורת חדר.
(בגלל שקר יכול להיות שתצטרכו להתפיח יותר זמן את הרולדות) 
חממו תנור מראש לטורבו ב-170 מעלות.
אפו את הרולדות במשך 30-40 דקות, עד שהן זהובות.

הכנת מי הסוכר:
מערבבים מים רותחים עם סוכר עד שהסוכר נמס לגמרי.
שימו לב: מי הסוכר צריכים להיות קרים כשמורחים אותם על הרולדה.

כשהעוגות יוצאות מהתנור, מורחים אותן במי הסוכר.
נותנים לעוגות להתקרר לפחות חצי שעה לפני החיתוך, כדי לשמור על הרכות והעסיסיות שלהן.

בתיאבון! מחכה לשמוע איך יצא לכם! ❤️⁩",https://www.instagram.com/reel/DEExz43o9tM/,FOOD,עוגת שמרים סטייל שוקולד דובאי,SWEET,עוגת שמרים,"מצרכים:
לבצק:
500 גרם קמח לחם
10 גרם שמרים יבשים
100 גרם סוכר
1 ביצה
100 גרם חמאה קרה חתוכה לקוביות
200 גרם שמנת חמוצה
50 גרם חלב
כפית (5 גרם) מלח

למילוי :
300 גרם שוקולד חלב
100 גרם חמאה
200 גרם סוכר
4 כפות קקאו (מנופה)
200 גרם שערות קדאיף קצוצות
100 גרם חמאה מומסת
80 גרם מחית פיסטוק
80 גרם מחית פיסטוק (למרוח מעל המילוי)

למי סוכר:
40 גרם סוכר
40 גרם מים רותחים","הוראות הכנה:

בקערת מיקסר, ערבבו קמח, שמרים וסוכר.
הוסיפו את הביצה, השמנת והחלב, ולושו במשך 3 דקות.
הוסיפו בהדרגה את קוביות החמאה, תוך כדי ערבוב.
לאחר שהחמאה נטמעה לגמרי, ועברו 8 דקות מתחילת הלישה הוסיפו את המלח ולושו עוד 5 דקות.
בסיום הלישה תבדקו שהתפתחה רשת גלוטן ורק אז תשימו את הבצק בהתפחה.

להתפחה, יש שתי אפשרויות:
האופציה המועדפת היא להעביר את הבצק למקרר להתפחה של לילה, ולהוציא אותו לטמפרטורת החדר שעה לפני העבודה.
אם אין זמן, אפשר להתפיח בחוץ כשעה-שעה וחצי, עד שהבצק מכפיל את נפחו.

בינתיים מכינים את המילוי:
לשערות קדאיף:
במחבת גדולה ממיסים 100 גרם חמאה .
מוסיפים את שערות הקדאיף הקצוצות ומטגנים על אש בינונית תוך ערבוב, עד שהשערות הופכות זהובות וקרנצ’יות. 

ממיסים את השוקולד חלב והחמאה בפולסים של 30 שניות במיקרוגל, עד שהתערובת חלקה ומבריקה.
מוסיפים את הקקאו המנופה, הסוכר ומערבבים היטב עד לאיחוד.
מוסיפים את מחית הפיסטוק והשערות קדאיף ומערבבים עד לאיחוד.

חלקו את הבצק ל-2 חלקים שווים.
רדדו כל חלק למלבן אחד ארוך מאוד.
מרחו שכבת מילוי דקה על כל המלבן, ואז גלגלו לרולדה.
חתכו את הרולדה לאורכה, וסובבו לצורת בורג.
התפיחו את הרולדות במשך שעה בטמפרטורת חדר.
(בגלל שקר יכול להיות שתצטרכו להתפיח יותר זמן את הרולדות) 
חממו תנור מראש לטורבו ב-170 מעלות.
אפו את הרולדות במשך 30-40 דקות, עד שהן זהובות.

הכנת מי הסוכר:
מערבבים מים רותחים עם סוכר עד שהסוכר נמס לגמרי.
שימו לב: מי הסוכר צריכים להיות קרים כשמורחים אותם על הרולדה.

כשהעוגות יוצאות מהתנור, מורחים אותן במי הסוכר.
נותנים לעוגות להתקרר לפחות חצי שעה לפני החיתוך, כדי לשמור על הרכות והעסיסיות שלהן.

בתיאבון! מחכה לשמוע איך יצא לכם! ❤️⁩",YES
158,03/01/2025,עוגת קרמבו מוקה,"עוגת קרמבו מוקה מושלמת😎
העולם מתחלק לשני סוגי אנשים 
הסוד שמכור למוקה והסוג שלא מסוגל לטעום 
אני כמובן מסוג האנשים שמכור לטעם של מוקה ☕️
איזה סוג של אנשים אתם? 😍☕️❤️‍🔥

מצרכים:
לבסיס:
	3 ביצים
	100 גרם תחליף סוכר/סוכר
	120 מ”ל חלב (חצי כוס)
	80 גרם קמח (10 כפות שטוחות)
	20 גרם אינסטנט פודינג וניל (2 כפות שטוחות)
	•כפית אבקת קפה
•כפית אבקת אפייה 

לקרם:
	2 שמנות מתוקות (38%)
	120 מ”ל חלב (חצי כוס)
	40 גרם אינסטנט פודינג וניל (4 כפות שטוחות)
	40 גרם אבקת סוכר (4 כפות שטוחות)
	במידה ואוהבים יותר מתוק אפשר להוסיף עוד אבקת סוכר
	כפית אבקת קפה

לציפוי שוקולד לבן:
	•	120 גרם שוקולד לבן
	•	50 מ”ל שמנת לבישול (9%)
	•	כפית אבקת קפה
*אפשר להכפיל כמויות בציפוי אם רוצים ציפוי יותר עבה 
אופן הכנה:
הבסיס:
	1.נקציף את הביצים למשך 2 דקות עד לקבלת קצף תפוח.
	2.נוסיף את הסוכר ונמשיך להקציף עוד 2 דקות.
	3.	נוסיף את החלב, הקמח, אבקת האינסטנט פודינג וכפית אבקת קפה, ונערבב עד שהתערובת אחידה.
	4.	נעביר את התערובת לתבנית מתאימה ואפייה בתנור שחומם מראש ל-180 מעלות כ-25-35 דקות או עד שהבסיס יציב וזהוב.

הקרם:
	1.נקציף את השמנת המתוקה יחד עם החלב, האינסטנט פודינג, אבקת הסוכר וכפית אבקת קפה עד לקבלת קרם יציב ואוורירי.
	2.נמרח את הקרם על הבסיס שהתקרר לגמרי.

הציפוי:
	1.	נמיס את השוקולד הלבן יחד עם השמנת וכפית אבקת קפה במיקרוגל בפולסים של 30 שניות עד להמסה מלאה.
	2.נצנן מעט ונשפוך בעדינות מעל הקרם בצורה אחידה

נקרר את העוגה במקרר לפחות ללילה לפני ההגשה כדי שהשכבות יתייצבו.

בתיאבון! 🥰",https://www.instagram.com/reel/DEWyKw0IWEr/,FOOD,עוגת קרמבו מוקה מושלמת,SWEET,עוגה,"מצרכים:
לבסיס:
	3 ביצים
	100 גרם תחליף סוכר/סוכר
	120 מ”ל חלב (חצי כוס)
	80 גרם קמח (10 כפות שטוחות)
	20 גרם אינסטנט פודינג וניל (2 כפות שטוחות)
	•כפית אבקת קפה
•כפית אבקת אפייה 

לקרם:
	2 שמנות מתוקות (38%)
	120 מ”ל חלב (חצי כוס)
	40 גרם אינסטנט פודינג וניל (4 כפות שטוחות)
	40 גרם אבקת סוכר (4 כפות שטוחות)
	במידה ואוהבים יותר מתוק אפשר להוסיף עוד אבקת סוכר
	כפית אבקת קפה

לציפוי שוקולד לבן:
	•	120 גרם שוקולד לבן
	•	50 מ”ל שמנת לבישול (9%)
	•	כפית אבקת קפה
*אפשר להכפיל כמויות בציפוי אם רוצים ציפוי יותר עבה","אופן הכנה:
הבסיס:
	1.נקציף את הביצים למשך 2 דקות עד לקבלת קצף תפוח.
	2.נוסיף את הסוכר ונמשיך להקציף עוד 2 דקות.
	3.	נוסיף את החלב, הקמח, אבקת האינסטנט פודינג וכפית אבקת קפה, ונערבב עד שהתערובת אחידה.
	4.	נעביר את התערובת לתבנית מתאימה ואפייה בתנור שחומם מראש ל-180 מעלות כ-25-35 דקות או עד שהבסיס יציב וזהוב.

הקרם:
	1.נקציף את השמנת המתוקה יחד עם החלב, האינסטנט פודינג, אבקת הסוכר וכפית אבקת קפה עד לקבלת קרם יציב ואוורירי.
	2.נמרח את הקרם על הבסיס שהתקרר לגמרי.

הציפוי:
	1.	נמיס את השוקולד הלבן יחד עם השמנת וכפית אבקת קפה במיקרוגל בפולסים של 30 שניות עד להמסה מלאה.
	2.נצנן מעט ונשפוך בעדינות מעל הקרם בצורה אחידה

נקרר את העוגה במקרר לפחות ללילה לפני ההגשה כדי שהשכבות יתייצבו.

בתיאבון! 🥰",YES
159,07/01/2025,קציצות עוף ותירס,"מתכון לקציצות עוף ותירס גיוון מושלם לארוחת צהריים 🍽️

מצרכים:
	500 גרם עוף טחון
	פחית גדולה של תירס שימורים
	קישוא אחד בינוני
	בצל אחד גדול
	2 שיני שום כתושות
	ביצה אחת
	2 כפות פירורי לחם
	רבע כפית אבקת סודה לשתייה
	מלח לפי הטעם
	פלפל שחור לפי הטעם
	מעט אגוז מוסקט

אופן ההכנה:
1.טוחנים היטב את הקישוא והבצל סוחטים מהם את 2.הנוזלים כדי שהעיסה לא תהיה מימית.
חצי מכמות התירס טוחנים במעבד מזון ואת החצי השני משאירים שלם.
3.בקערה מערבבים את העוף הטחון, התירס (הטחון והשלם), הבצל, הקישוא, השום, הביצה, פירורי הלחם, אבקת הסודה לשתייה, המלח, הפלפל ואגוז המוסקט ולשים היטב עד לקבלת תערובת אחידה.
4.יוצרים קציצות בגודל אחיד ומניחים על תבנית מרופדת בנייר אפייה, אופים בתנור שחומם מראש ל-180 מעלות במשך כ-20 דקות, או עד שהקציצות זהובות ויציבות.

בתיאבון!

#דלקלוריות #חלבון",https://www.instagram.com/reel/DEhyrl_o5_w/,FOOD,מתכון לקציצות עוף ותירס גיוון מושלם לארוחת צהריים,SAVORY,קציצות,"מצרכים:
	500 גרם עוף טחון
	פחית גדולה של תירס שימורים
	קישוא אחד בינוני
	בצל אחד גדול
	2 שיני שום כתושות
	ביצה אחת
	2 כפות פירורי לחם
	רבע כפית אבקת סודה לשתייה
	מלח לפי הטעם
	פלפל שחור לפי הטעם
	מעט אגוז מוסקט","אופן ההכנה:
1.טוחנים היטב את הקישוא והבצל סוחטים מהם את 2.הנוזלים כדי שהעיסה לא תהיה מימית.
חצי מכמות התירס טוחנים במעבד מזון ואת החצי השני משאירים שלם.
3.בקערה מערבבים את העוף הטחון, התירס (הטחון והשלם), הבצל, הקישוא, השום, הביצה, פירורי הלחם, אבקת הסודה לשתייה, המלח, הפלפל ואגוז המוסקט ולשים היטב עד לקבלת תערובת אחידה.
4.יוצרים קציצות בגודל אחיד ומניחים על תבנית מרופדת בנייר אפייה, אופים בתנור שחומם מראש ל-180 מעלות במשך כ-20 דקות, או עד שהקציצות זהובות ויציבות.

בתיאבון!

#דלקלוריות #חלבון",YES
160,10/01/2025,עוגת קינמון עם קראמבל ,"עוגת קינמון עם קראמבל מושלם 🌟

מצרכים לעוגה:
	3 ביצים 
	150 גרם סוכר
	240 גרם קמח
	10 גרם אבקת אפייה
	200 גרם שמנת חמוצה
	120 גרם שמן 
 2 כפות קינמון
לקראמבל :
	70 גרם קמח
	50 גרם סוכר חום
	50 גרם חמאה קרה, חתוכה לקוביות
	כף קינמון

תבנית- אני השתמשתי בתבנית אינגלייש קייק גדולה לא החד פעמי
אופן ההכנה:
נחמם תנור ל-160 מעלות במצב סטטי 

הכנת הקראמבל:
נערבב בקערה את כל המצרכים של הקראמבל עם הידיים עד שמתקבל מרקם חולי ונניח בצד.

הכנת הבלילה:
נקציף בקערת מיקסר את החלבונים במהירות בינונית. אחרי 2 דקות נוסיף בהדרגה את הסוכר ונמשיך להקציף עד לקבלת קצף יציב ומבריק.
נוסיף לקצף את החלמונים, השמן, והשמנת החמוצה ונערבב עד לאיחוד.
ננפה פנימה את הקמח, אבקת האפייה והמלח, ונערבב בעדינות רק עד שהתערובת מתאחדת.
נוסיף את הקינמון ונערבב 2-3 ערבובים בלבד כדי ליצור דוגמת שיש.

אפייה:
נשפוך את הבלילה לתבנית ונפזר מעל את הקראמבל.
נאפה במשך 35-45 דקות (תלוי בתנור), עד שקיסם יוצא יבש עם פירורים לחים.
נניח לעוגה להצטנן לחלוטין לפני שפורסים אותה.
נגיש עם שתייה חמה ובתיאבון! 💗",https://www.instagram.com/reel/DEovXFYolG6/,FOOD,עוגת קינמון עם קראמבל מושלם,SWEET,עוגה,"מצרכים לעוגה:
	3 ביצים 
	150 גרם סוכר
	240 גרם קמח
	10 גרם אבקת אפייה
	200 גרם שמנת חמוצה
	120 גרם שמן 
 2 כפות קינמון
לקראמבל :
	70 גרם קמח
	50 גרם סוכר חום
	50 גרם חמאה קרה, חתוכה לקוביות
	כף קינמון

תבנית- אני השתמשתי בתבנית אינגלייש קייק גדולה לא החד פעמי","אופן ההכנה:
נחמם תנור ל-160 מעלות במצב סטטי 

הכנת הקראמבל:
נערבב בקערה את כל המצרכים של הקראמבל עם הידיים עד שמתקבל מרקם חולי ונניח בצד.

הכנת הבלילה:
נקציף בקערת מיקסר את החלבונים במהירות בינונית. אחרי 2 דקות נוסיף בהדרגה את הסוכר ונמשיך להקציף עד לקבלת קצף יציב ומבריק.
נוסיף לקצף את החלמונים, השמן, והשמנת החמוצה ונערבב עד לאיחוד.
ננפה פנימה את הקמח, אבקת האפייה והמלח, ונערבב בעדינות רק עד שהתערובת מתאחדת.
נוסיף את הקינמון ונערבב 2-3 ערבובים בלבד כדי ליצור דוגמת שיש.

אפייה:
נשפוך את הבלילה לתבנית ונפזר מעל את הקראמבל.
נאפה במשך 35-45 דקות (תלוי בתנור), עד שקיסם יוצא יבש עם פירורים לחים.
נניח לעוגה להצטנן לחלוטין לפני שפורסים אותה.
נגיש עם שתייה חמה ובתיאבון! 💗",YES
161,31/01/2025,קינוחי כוסות אלפחורס,"קינוחי כוסות אלפחורס שיוצאים וואו! 😍

מצרכים לבצק עוגיות אלפחורס:
	200 גרם חמאה רכה
	3 חלמונים
	250 גרם קורנפלור
	200 גרם קמח
	100 גרם אבקת סוכר
	1 כפית תמצית וניל
	שקית אבקת אפייה
	רבע כפית מלח

מצרכים לקינוח כוסות (ל-2 כוסות של 350 מ”ל):
	שכבת עוגיות: ריבועי עוגיות אלפחורס 
*בחלק מהבצק השתמשתי בשביל הקינוחי כוסות ובחלק הכנתי עוגיות 

	קרם:
	250 מ”ל שמנת להקצפה
	2 כפות אינסטנט פודינג וניל
	2 כפות אבקת סוכר
	2 כפות ריבת חלב (לחצי מכמות הקרם)
	שכבות תוספת:
	ריבת חלב
	קוקוס טחון

אופן הכנת הבצק:
	1.	במיקסר עם וו גיטרה נערבב את החמאה ואבקת הסוכר לקרם אחיד.
	2.	נוסיף את החלמונים ומחית הווניל ונערבב היטב.
	3.	נכניס את הקורנפלור, הקמח, אבקת האפייה והמלח, ונערבב עד לקבלת בצק אחיד.
	4.	נקרר את הבצק במקרר כ-20 דקות.
	5.	נרדד את הבצק בין 2 ניירות אפייה ונחתוך לריבועים קטנים בגודל או נקרוץ עיגולים לעוגיות רגילות.
	6.	נאפה בתנור שחומם מראש ל-170 מעלות טורבו למשך 8-10 דקות. העוגיות צריכות להישאר בהירות.

הכנת שכבות הקינוח:
	1.	נקציף את השמנת, הפודינג ואבקת הסוכר לקרם יציב.
	2.	נחלק את הקרם לשניים:
	•	חצי נשאיר כקרם וניל
	•	לחצי השני נוסיף 2 כפות ריבת חלב ונקפל בעדינות עד לאיחוד
	3.	נבנה את השכבות:
	•	שכבת ריבועי עוגיות
	•	קרם וניל
	•	ריבת חלב
	•	קוקוס טחון
	•	קרם ריבת חלב

הקינוח הכי טעים לאחר כמה שעות של התייצבות במקרר 
בתיאבון ❤️
תייגו אותי אם הכנתם!

*אם מכינים מהמתכון רק עוגיות אז יוצאות 70 עוגיות שזה 35 עוגיות אלפחורס",https://www.instagram.com/reel/DFe_HOkoxXR/,FOOD,קינוחי כוסות אלפחורס שיוצאים וואו,SWEET,עוגיות,"מצרכים לבצק עוגיות אלפחורס:
	200 גרם חמאה רכה
	3 חלמונים
	250 גרם קורנפלור
	200 גרם קמח
	100 גרם אבקת סוכר
	1 כפית תמצית וניל
	שקית אבקת אפייה
	רבע כפית מלח

מצרכים לקינוח כוסות (ל-2 כוסות של 350 מ”ל):
	שכבת עוגיות: ריבועי עוגיות אלפחורס 
*בחלק מהבצק השתמשתי בשביל הקינוחי כוסות ובחלק הכנתי עוגיות 

	קרם:
	250 מ”ל שמנת להקצפה
	2 כפות אינסטנט פודינג וניל
	2 כפות אבקת סוכר
	2 כפות ריבת חלב (לחצי מכמות הקרם)
	שכבות תוספת:
	ריבת חלב
	קוקוס טחון","אופן הכנת הבצק:
	1.	במיקסר עם וו גיטרה נערבב את החמאה ואבקת הסוכר לקרם אחיד.
	2.	נוסיף את החלמונים ומחית הווניל ונערבב היטב.
	3.	נכניס את הקורנפלור, הקמח, אבקת האפייה והמלח, ונערבב עד לקבלת בצק אחיד.
	4.	נקרר את הבצק במקרר כ-20 דקות.
	5.	נרדד את הבצק בין 2 ניירות אפייה ונחתוך לריבועים קטנים בגודל או נקרוץ עיגולים לעוגיות רגילות.
	6.	נאפה בתנור שחומם מראש ל-170 מעלות טורבו למשך 8-10 דקות. העוגיות צריכות להישאר בהירות.

הכנת שכבות הקינוח:
	1.	נקציף את השמנת, הפודינג ואבקת הסוכר לקרם יציב.
	2.	נחלק את הקרם לשניים:
	•	חצי נשאיר כקרם וניל
	•	לחצי השני נוסיף 2 כפות ריבת חלב ונקפל בעדינות עד לאיחוד
	3.	נבנה את השכבות:
	•	שכבת ריבועי עוגיות
	•	קרם וניל
	•	ריבת חלב
	•	קוקוס טחון
	•	קרם ריבת חלב

הקינוח הכי טעים לאחר כמה שעות של התייצבות במקרר 
בתיאבון ❤️
תייגו אותי אם הכנתם!

*אם מכינים מהמתכון רק עוגיות אז יוצאות 70 עוגיות שזה 35 עוגיות אלפחורס",YES
162,13/02/2025,הארוחה המושלמת לוולנטיין,"הארוחה המושלמת לוולנטיין 👩🏾‍❤️‍💋‍👨🏼🩷 
תייגו את הפרטנר שחייב להכין איתכם ארוחה כזאת 👇🏻❤️",https://www.instagram.com/reel/DGBD2g1IOrV/,DATE,,,,,,
165,27/05/2025,סלמון עם ניוקי ועגבניות שרי ברוטב ירוק ,"סלמון עם ניוקי ועגבניות שרי ברוטב ירוק של עשבי תיבול
וכל זה בתבנית אחת – הכי חגיגי לשבועות! 🤍

מצרכים:
חבילת ניוקי (500 גרם בוואקום)
800 גרם סלמון חתוך לקוביות
10 עגבניות שרי אדומות
10 עגבניות שרי צהובות
לרוטב: 
שליש צרור פטרוזיליה
שליש צרור בזיליקום
100 גרם קשיו
בצל קטן
2-3 שיני שום
חצי כוס שמן זית
חצי כוס מים
מלח
פלפל שחור

אופן ההכנה:
	1.	טוחנים בבלנדר את כל רכיבי הרוטב: פטרוזיליה, בזיליקום, קשיו, שום, בצל, שמן זית, מים, מלח ופלפל עד שמתקבל רוטב חלק וקרמי.
	2.	שמים את הניוקי והסלמון בתבנית, שופכים מעל את כל הרוטב ומערבבים טוב עם הידיים עד שהכול מצופה.
	3.	חותכים את עגבניות השרי לחצאים ומפזרים מעל בצורה יפה.
	4.	עוטפים את התבנית בנייר כסף ומכניסים לתנור שחומם מראש על טורבו 180 מעלות ל־15 דקות.
	5.	מסירים את נייר הכסף ואופים עוד כ־10 דקות לאוורור וצריבה קלה מלמעלה (הזמנים יכולים להשתנות מעט בין תנור לתנור).

ובתאבון 🩷🩷

פרסום במימון ובשיתוף @finish.israel",https://www.instagram.com/reel/DKKOQ1gIW5L/,FOOD,סלמון עם ניוקי ועגבניות שרי ברוטב ירוק של עשבי תיבול,SAVORY,פסטה,"מצרכים:
חבילת ניוקי (500 גרם בוואקום)
800 גרם סלמון חתוך לקוביות
10 עגבניות שרי אדומות
10 עגבניות שרי צהובות
לרוטב: 
שליש צרור פטרוזיליה
שליש צרור בזיליקום
100 גרם קשיו
בצל קטן
2-3 שיני שום
חצי כוס שמן זית
חצי כוס מים
מלח
פלפל שחור","אופן ההכנה:
	1.	טוחנים בבלנדר את כל רכיבי הרוטב: פטרוזיליה, בזיליקום, קשיו, שום, בצל, שמן זית, מים, מלח ופלפל עד שמתקבל רוטב חלק וקרמי.
	2.	שמים את הניוקי והסלמון בתבנית, שופכים מעל את כל הרוטב ומערבבים טוב עם הידיים עד שהכול מצופה.
	3.	חותכים את עגבניות השרי לחצאים ומפזרים מעל בצורה יפה.
	4.	עוטפים את התבנית בנייר כסף ומכניסים לתנור שחומם מראש על טורבו 180 מעלות ל־15 דקות.
	5.	מסירים את נייר הכסף ואופים עוד כ־10 דקות לאוורור וצריבה קלה מלמעלה (הזמנים יכולים להשתנות מעט בין תנור לתנור).

ובתאבון 🩷🩷

פרסום במימון ובשיתוף @finish.israel",YES
166,17/06/2025,סופלה בלונדי,"השמועה אומרת שבזמן שיש מתקפה מאיראן הקלוריות לא נספרות כי חייב להתנחם במשהו מתוק… 😝🍫

הכנתי כאן סופלה שוקולד במילוי מטבע שוקולד בלונדי 
ומעל הכל כמובן כדור גלידה ומה אני אגיד לכם? יצא מושלם 

אני הכנתי בתבנית קטנה עגולה קוטר 16 

מצרכים: 
150 גרם שוקולד מריר
75 גרם חמאה
2 ביצים
60 גרם סוכר (¼ כוס)
20 גרם קמח (2 כף שטוחה)
קורט מלח
טבלת שוקולד בלונדי למילוי

ממיסים במיקרו את החמאה והשוקולד עד לתערובת חלקה.
בקערה נפרדת טורפים את הביצים והסוכר.
מערבבים בין שתי התערובות, מוסיפים את הקמח והקורט מלח, ומערבבים עד לאיחוד.
מוזגים את הבלילה לתבנית, ומכניסים למרכז את מטבע השוקולד הלבן הקפוא.
מכניסים לתנור שחומם מראש על טורבו 200 מעלות ל־10 דקות.
מוציאים מהתנור, שמים כדור גלידה, ומתפנקים על כל ביס 🩷

הערות:
• אני המסתי טבלת שוקולד בלונדי, מזגתי על נייר אפייה והקפאתי – אבל לא חובה! אפשר גם פשוט להכניס לבלילה את הקוביות שוקולד.
• זמני האפייה משתנים בין תנור לתנור – ואם משתמשים בכלי קטן יותר, זמן האפייה יתקצר.
• רוצים מרכז יותר נוזלי או יותר יציב? פשוט שחקו עם זמן האפייה בהתאם לטעם שלכם",https://www.instagram.com/reel/DLARXZ4o1V6/,FOOD,השמועה אומרת שבזמן שיש מתקפה מאיראן הקלוריות לא נספרות כי חייב להתנחם במשהו מתוק,SWEET,גלידה,"מצרכים:
150 גרם שוקולד מריר
75 גרם חמאה
2 ביצים
60 גרם סוכר (¼ כוס)
20 גרם קמח (2 כף שטוחה)
קורט מלח
טבלת שוקולד בלונדי למילוי","ממיסים במיקרו את החמאה והשוקולד עד לתערובת חלקה.
בקערה נפרדת טורפים את הביצים והסוכר.
מערבבים בין שתי התערובות, מוסיפים את הקמח והקורט מלח, ומערבבים עד לאיחוד.
מוזגים את הבלילה לתבנית, ומכניסים למרכז את מטבע השוקולד הלבן הקפוא.
מכניסים לתנור שחומם מראש על טורבו 200 מעלות ל־10 דקות.
מוציאים מהתנור, שמים כדור גלידה, ומתפנקים על כל ביס 🩷",YES
167,20/06/2025,עוגת גבינה טריקולד מנומרת,"עוגת גבינה טריקולד מנומרת 🐆💛

מצרכים:
לתחתית:
300 גרם ביסקוויטים טחונים
200 גרם חמאה מומסת

לקרם גבינה:
2 מיכלים שמנת מתוקה 38%
500 גרם גבינה לבנה ( אפשר גם כל גבינת שמנת)
5 כפות סוכר
5 כפות אינסטנט פודינג וניל

לגנאשים:
גנאש שוקולד מריר:
100 גרם שוקולד מריר
80 גרם שמנת מתוקה

גנאש שוקולד חלב:
100 גרם שוקולד חלב
60 גרם שמנת מתוקה

גנאש שוקולד לבן:
100 גרם שוקולד לבן
50 גרם שמנת מתוקה

גנאש לציפוי:
100 גרם שוקולד מריר
75 גרם שוקולד חלב
180 גרם שמנת מתוקה

אופן ההכנה:

לתחתית:
מערבבים את הביסקוויטים הטחונים עם החמאה המומסת, שופכים לתבנית ומהדקים לתחתית ולדפנות

גנאשים:
בכל קערה ממיסים את השוקולד עם השמנת המתוקה בפולסים קצרים במיקרוגל עד שהתערובת חלקה מערבבים כל גנאש בנפרד ומניחים בצד להתקררות לטמפרטורת חדר 
*חשוב לא לשלב את הגנאש עם הקרם כשהוא חם

לקרם גבינה:
בקערת מיקסר מקציפים את השמנת המתוקה עם הסוכר למשך כשתי דקות 
מוסיפים את הגבינה הלבנה ואינסטנט הפודינג וממשיכים להקציף עד לקבלת קרם יציב וחלק מחלקים את הקרם ל־3 קערות שוות ומערבבים כל חלק עם אחד מהגנאשים הקרים עד שהצבע אחיד בכל קערה מעבירים כל קרם לשקית זילוף

להרכבה:
מזלפים את הקרמים בצורה אקראית למראה מנומר 
כשנסיים לזלף את כל הקרמים היישר בעדינות את החלק העליון ונעביר למקרר 

לגנאש הציפוי:
ממיסים את השוקולד המריר והשוקולד חלב עם השמנת המתוקה בפולסים קצרים במיקרוגל או על בן מארי מערבבים עד שהגנאש חלק ואחיד מצננים מעט ויוצקים בעדינות מעל העוגה הקרה

מעבירים את העוגה למקרר ללילה שלם או לפחות 6 שעות עד שהעוגה יציבה לגמרי 

ובתאבון 🩷",https://www.instagram.com/reel/DLHPk-noggE/,FOOD,עוגת גבינה טריקולד מנומרת,SWEET,עוגת גבינה,"מצרכים:
לתחתית:
300 גרם ביסקוויטים טחונים
200 גרם חמאה מומסת

לקרם גבינה:
2 מיכלים שמנת מתוקה 38%
500 גרם גבינה לבנה ( אפשר גם כל גבינת שמנת)
5 כפות סוכר
5 כפות אינסטנט פודינג וניל

לגנאשים:
גנאש שוקולד מריר:
100 גרם שוקולד מריר
80 גרם שמנת מתוקה

גנאש שוקולד חלב:
100 גרם שוקולד חלב
60 גרם שמנת מתוקה

גנאש שוקולד לבן:
100 גרם שוקולד לבן
50 גרם שמנת מתוקה

גנאש לציפוי:
100 גרם שוקולד מריר
75 גרם שוקולד חלב
180 גרם שמנת מתוקה","אופן ההכנה:

לתחתית:
מערבבים את הביסקוויטים הטחונים עם החמאה המומסת, שופכים לתבנית ומהדקים לתחתית ולדפנות

גנאשים:
בכל קערה ממיסים את השוקולד עם השמנת המתוקה בפולסים קצרים במיקרוגל עד שהתערובת חלקה מערבבים כל גנאש בנפרד ומניחים בצד להתקררות לטמפרטורת חדר 
*חשוב לא לשלב את הגנאש עם הקרם כשהוא חם

לקרם גבינה:
בקערת מיקסר מקציפים את השמנת המתוקה עם הסוכר למשך כשתי דקות 
מוסיפים את הגבינה הלבנה ואינסטנט הפודינג וממשיכים להקציף עד לקבלת קרם יציב וחלק מחלקים את הקרם ל־3 קערות שוות ומערבבים כל חלק עם אחד מהגנאשים הקרים עד שהצבע אחיד בכל קערה מעבירים כל קרם לשקית זילוף

להרכבה:
מזלפים את הקרמים בצורה אקראית למראה מנומר 
כשנסיים לזלף את כל הקרמים היישר בעדינות את החלק העליון ונעביר למקרר 

לגנאש הציפוי:
ממיסים את השוקולד המריר והשוקולד חלב עם השמנת המתוקה בפולסים קצרים במיקרוגל או על בן מארי מערבבים עד שהגנאש חלק ואחיד מצננים מעט ויוצקים בעדינות מעל העוגה הקרה

מעבירים את העוגה למקרר ללילה שלם או לפחות 6 שעות עד שהעוגה יציבה לגמרי 

ובתאבון 🩷",YES
168,24/06/2025,מוקפץ עוף ואטריות אודון עם ירקות ,"מוקפץ עוף ואטריות אודון עם ירקות שיוצא פשוט מושלם 🩷
מצרכים:
300 גרם חזה עוף חתוך לרצועות דקות
2 כפות קורנפלור 
בצל בינוני 
גזר חתוך 
גמבה 
כרוב לבן 
שתי שיני שום כתושות
בצל ירוק 
חבילת אטריות אודון 
2 כפות סויה כהה 
2 כפות טריאקי 
חצי כף סילאן 
2 כפות שמן קנולה -לטיגון 
כפית שמן שומשום 
מלח פלפל שחור וצ’ילי לפי הטעם 

אופן ההכנה:

מתחילים בלערבב את רצועות העוף עם קורנפלור עד שהן מצופות יפה מכל הצדדים ומניחים בצד לעשר דקות.
מחממים סיר עם שמן וצורבים את העוף עד שהוא מבושל
מוציאים אותו לצלחת בצד
חותכים את כל הירקות לרצועות דקות. 
באותו הסיר מוסיפים טיפונת שמן אם צריך ומטגנים את השום והבצל
מוסיפים את הגזר, הגמבה והכרוב ומקפיצים כמה דקות עד שהירקות רכים אך שומרים על פריכות
מחזירים את העוף למחבת, מוסיפים סויה, טריאקי, קצת סילאן ופלפל שחור ומערבבים היטב

את האטריות אודון נכין לפי הוראות ההכנה ואז נוסיף אותן לסיר ונקפיץ את הכל ביחד עוד 2 דקות לספיגת טעמים
מכבים את האש, מוסיפים שמן שומשום ובצל ירוק קצוץ, מערבבים ומגישים חם 

ממליצה לפזר מלמעלה בוטנים/ קשיו גרוס 

בתאבון 🩷",https://www.instagram.com/reel/DLSaOlgI_Xx/,FOOD,מוקפץ עוף ואטריות אודון עם ירקות שיוצא פשוט מושלם,SAVORY,עוף,"מצרכים:
300 גרם חזה עוף חתוך לרצועות דקות
2 כפות קורנפלור 
בצל בינוני 
גזר חתוך 
גמבה 
כרוב לבן 
שתי שיני שום כתושות
בצל ירוק 
חבילת אטריות אודון 
2 כפות סויה כהה 
2 כפות טריאקי 
חצי כף סילאן 
2 כפות שמן קנולה -לטיגון 
כפית שמן שומשום 
מלח פלפל שחור וצ’ילי לפי הטעם","אופן ההכנה:

מתחילים בלערבב את רצועות העוף עם קורנפלור עד שהן מצופות יפה מכל הצדדים ומניחים בצד לעשר דקות.
מחממים סיר עם שמן וצורבים את העוף עד שהוא מבושל
מוציאים אותו לצלחת בצד
חותכים את כל הירקות לרצועות דקות. 
באותו הסיר מוסיפים טיפונת שמן אם צריך ומטגנים את השום והבצל
מוסיפים את הגזר, הגמבה והכרוב ומקפיצים כמה דקות עד שהירקות רכים אך שומרים על פריכות
מחזירים את העוף למחבת, מוסיפים סויה, טריאקי, קצת סילאן ופלפל שחור ומערבבים היטב

את האטריות אודון נכין לפי הוראות ההכנה ואז נוסיף אותן לסיר ונקפיץ את הכל ביחד עוד 2 דקות לספיגת טעמים
מכבים את האש, מוסיפים שמן שומשום ובצל ירוק קצוץ, מערבבים ומגישים חם 

ממליצה לפזר מלמעלה בוטנים/ קשיו גרוס 

בתאבון 🩷",YES
169,04/07/2025,רולדת כדורי שוקולד בלונדי ,"רולדת כדורי שוקולד בלונדי עוגה מושלמת לסופ״ש 😍

מצרכים:
לבלילת כדורי השוקולד
250 גרם ביסקוויטים טחונים
175 גרם שוקולד בלונדי
חצי כוס חלב
50 גרם חמאה
קורט מלח

לקרם
500 מ”ל שמנת מתוקה 38%
4 כפות גדושות אינסטנט פודינג וניל
4 כפות אבקת סוכר

לגנאש בלונדי
200 גרם שוקולד בלונדי
120 מ”ל שמנת מתוקה

אופן ההכנה

בלילת כדורי שוקולד:
מתחילים בהמסה של החמאה, החלב והשוקולד בלונדי בקלחת (אפשר גם במיקרו בפולסים של חצי דקה) עד שהתערובת חלקה. 
מוסיפים פנימה את הביסקוויטים הטחונים וקורט מלח, מערבבים היטב עד שנוצרת תערובת דביקה ואחידה. מקררים במקרר למשך שעה וחצי, עד שהבלילה מתייצבת ואפשר לרדד אותה.

הכנת הקרם:
בקערת מיקסר מקציפים את השמנת המתוקה יחד עם אבקת הסוכר במשך כשתי דקות. מוסיפים את אינסטנט הפודינג וממשיכים להקציף עוד כדקה-שתיים, עד שהקרם יציב במרקם חלק ואוורירי. שומרים בקירור עד להרכבה.

הכנת הגנאש:
שמים את השוקולד בלונדי והשמנת המתוקה בקערה, ממיסים במיקרו בפולסים של חצי דקה, עד שהכול נמס ואחיד. 
מכניסים את הגנאש למקרר לרבע שעה, עד שהוא מתקרר ומסמיך מעט – כך שיהיה נעים לשפיכה על הרולדה בלי להמיס אותה.
*מכינים את הגנאש רק אחרי שגלגלנו את העוגה והיא מתייצבת במקרר 

הרכבה:
כשהבלילה של הכדורי שוקולד יציבה, מניחים אותה בין שני ניירות אפייה ומרדדים לצורת מלבן. 
מורחים מעל את הקרם באופן אחיד, ומשאירים רווח בקצה כדי שהקרם לא יברח החוצה בזמן הגלגול. מגלגלים בעדינות לרולדה, כמו שמגלגלים עוגיות מגולגלות, ומכניסים למקרר להתייצבות בערך שעה

כשהרולדה קרה ויציבה, מניחים אותה על רשת (עם נייר אפייה או תבנית מתחת) ויוצקים מעליה את הגנאש שהתקרר. 
מכניסים את הרולדה ללילה במקרר או לפחות ל6 שעות 
ובתאבון 🩷🩷",https://www.instagram.com/reel/DLrS-JIokcW/,FOOD,רולדת כדורי שוקולד בלונדי עוגה מושלמת לסופ״ש,SWEET,עוגה,"מצרכים:
לבלילת כדורי השוקולד
250 גרם ביסקוויטים טחונים
175 גרם שוקולד בלונדי
חצי כוס חלב
50 גרם חמאה
קורט מלח

לקרם
500 מ”ל שמנת מתוקה 38%
4 כפות גדושות אינסטנט פודינג וניל
4 כפות אבקת סוכר

לגנאש בלונדי
200 גרם שוקולד בלונדי
120 מ”ל שמנת מתוקה","אופן ההכנה

בלילת כדורי שוקולד:
מתחילים בהמסה של החמאה, החלב והשוקולד בלונדי בקלחת (אפשר גם במיקרו בפולסים של חצי דקה) עד שהתערובת חלקה. 
מוסיפים פנימה את הביסקוויטים הטחונים וקורט מלח, מערבבים היטב עד שנוצרת תערובת דביקה ואחידה. מקררים במקרר למשך שעה וחצי, עד שהבלילה מתייצבת ואפשר לרדד אותה.

הכנת הקרם:
בקערת מיקסר מקציפים את השמנת המתוקה יחד עם אבקת הסוכר במשך כשתי דקות. מוסיפים את אינסטנט הפודינג וממשיכים להקציף עוד כדקה-שתיים, עד שהקרם יציב במרקם חלק ואוורירי. שומרים בקירור עד להרכבה.

הכנת הגנאש:
שמים את השוקולד בלונדי והשמנת המתוקה בקערה, ממיסים במיקרו בפולסים של חצי דקה, עד שהכול נמס ואחיד. 
מכניסים את הגנאש למקרר לרבע שעה, עד שהוא מתקרר ומסמיך מעט – כך שיהיה נעים לשפיכה על הרולדה בלי להמיס אותה.
*מכינים את הגנאש רק אחרי שגלגלנו את העוגה והיא מתייצבת במקרר 

הרכבה:
כשהבלילה של הכדורי שוקולד יציבה, מניחים אותה בין שני ניירות אפייה ומרדדים לצורת מלבן. 
מורחים מעל את הקרם באופן אחיד, ומשאירים רווח בקצה כדי שהקרם לא יברח החוצה בזמן הגלגול. מגלגלים בעדינות לרולדה, כמו שמגלגלים עוגיות מגולגלות, ומכניסים למקרר להתייצבות בערך שעה

כשהרולדה קרה ויציבה, מניחים אותה על רשת (עם נייר אפייה או תבנית מתחת) ויוצקים מעליה את הגנאש שהתקרר. 
מכניסים את הרולדה ללילה במקרר או לפחות ל6 שעות 
ובתאבון 🩷🩷",YES
170,11/07/2025,גלידוניות בסגנון קראנץ’ החדש,"גלידוניות בסגנון קראנץ’ החדש 😍 

אני עפתי על השילוב של השקדי מרק עם השוקולד חלב ברמות 
תרשמו לי אם גם אהבתם 👇🏻❤️

מצרכים:
לתחתית
200 גרם בייגלה
100 גרם חמאה מומסת

לגלידה
250 מ״ל שמנת מתוקה (קופסא קטנה) 
200 גרם (גביע) גבינת מסקרפונה
חצי פחית חלב מרוכז ממותק

לציפוי
500 גרם שוקולד חלב
100 גרם שקדי מרק 

אופן ההכנה:
מועכים את הבייגלה לפירורים גסים ומערבבים עם חמאה מומסת עד שהתערובת הופכת לאחידה. משטחים בתבנית מרובעת ומהדקים טוב טוב. מכניסים למקפיא שיתייצב.

מקציפים בקערה את השמנת עד שהיא הופכת לקצפת רכה. מוסיפים את גבינת המסקרפונה והחלב המרוכז, וממשיכים להקציף עוד דקה שתיים עד שהתערובת אחידה 
מוציאים את התבנית מהמקפיא ויוצקים מעל את בלילת הגלידה ומחזירים למקפיא ללילה שלם.

כשהגלידה קפואה לגמרי, חותכים אותה לקוביות או מלבנים בגודל הרצוי. 
ממיסים את שוקולד החלב ומערבבים לתוכו את שקדי המרק. טובלים כל גלידונית בציפוי השוקולד ומחזירים למקפיא לעוד כמה דקות להתייצבות.

וזהו מוכן בתאבון 🩷🩷🩷 

אני השתמשתי בתבנית 20*20 אם אתם רוצים גלידוניות יותר קטנות אפשר להשתמש בתבנית יותר גדולה 🫶🏼",https://www.instagram.com/reel/DL9XTDsoHo1/,FOOD,גלידוניות בסגנון קראנץ’ החדש,SAVORY,גלידה,"מצרכים:
לתחתית
200 גרם בייגלה
100 גרם חמאה מומסת

לגלידה
250 מ״ל שמנת מתוקה (קופסא קטנה) 
200 גרם (גביע) גבינת מסקרפונה
חצי פחית חלב מרוכז ממותק

לציפוי
500 גרם שוקולד חלב
100 גרם שקדי מרק","אופן ההכנה:
מועכים את הבייגלה לפירורים גסים ומערבבים עם חמאה מומסת עד שהתערובת הופכת לאחידה. משטחים בתבנית מרובעת ומהדקים טוב טוב. מכניסים למקפיא שיתייצב.

מקציפים בקערה את השמנת עד שהיא הופכת לקצפת רכה. מוסיפים את גבינת המסקרפונה והחלב המרוכז, וממשיכים להקציף עוד דקה שתיים עד שהתערובת אחידה 
מוציאים את התבנית מהמקפיא ויוצקים מעל את בלילת הגלידה ומחזירים למקפיא ללילה שלם.

כשהגלידה קפואה לגמרי, חותכים אותה לקוביות או מלבנים בגודל הרצוי. 
ממיסים את שוקולד החלב ומערבבים לתוכו את שקדי המרק. טובלים כל גלידונית בציפוי השוקולד ומחזירים למקפיא לעוד כמה דקות להתייצבות.

וזהו מוכן בתאבון 🩷🩷🩷 

אני השתמשתי בתבנית 20*20 אם אתם רוצים גלידוניות יותר קטנות אפשר להשתמש בתבנית יותר גדולה 🫶🏼",YES
171,18/07/2025,עוגת ביסקוויטים סניקרס,"עוגת ביסקוויטים סניקרס! 
שילבתי בין שני דברים שאני כל כך אוהבת ופשוט יצא מושלם 😍

מצרכים:

לבסיס:
20 ביסקוויטים עם קקאו (הכמות תלויה בגודל התבנית)
חלב לטבילה

לקרם הבסיס:
750 מ”ל שמנת מתוקה להקצפה
80 גרם אינסטנט פודינג וניל
3 כפות אבקת סוכר

לקרם חמאת הבוטנים:
2 כפות חמאת בוטנים (רק לחצי מהקרם)

לקרם שוקולד חלב:
100 גרם שוקולד חלב
60 גרם שמנת מתוקה (להמסה עם השוקולד)

לקרמל בוטנים:
200 גרם סוכר
125 מ”ל שמנת מתוקה (חמה)
50 גרם חמאה
קורט מלח גס (לא חובה)
100 גרם בוטנים גרוסים

הכנת הקרם הבסיסי:
מקציפים את השמנת המתוקה.
לאחר כשתי דקות מוסיפים את אינסטנט הפודינג ואבקת הסוכר.
ממשיכים להקציף עד שמתקבלת קצפת יציבה.
מחלקים את הקרם לשתי קערות שוות.

קרם חמאת בוטנים:
מוסיפים לקערה הראשונה 2 כפות חמאת בוטנים.
מערבבים עד שהתערובת אחידה.

קרם שוקולד חלב:
ממיסים את השוקולד החלב עם 60 גרם שמנת מתוקה במיקרוגל עד שהתערובת חלקה.
מצננים מעט.
מוסיפים לקערה השנייה של הקרם ומערבבים היטב.
שימו לב לא לערבב את הגנאש עם הקרם כשהגנאש עדיין חם – חשוב שהגנאש יתקרר לגמרי לפני השילוב.

הרכבת העוגה:
טובלים את הביסקוויטים בחלב ומסדרים שכבה בתבנית.
מורחים מעל את קרם חמאת הבוטנים.
מוסיפים שכבת ביסקוויטים נוספת.
מורחים מעל את קרם השוקולד חלב.
מכניסים את העוגה להתייצבות במקרר למשך שעה לפחות.

הכנת הקרמל:
ממיסים את הסוכר במחבת על אש בינונית, ללא ערבוב, עד שהוא נמס והופך לקרמל זהוב.
מוסיפים בזהירות את השמנת החמה תוך ערבוב מתמיד.
מוסיפים את החמאה ומערבבים עד שהיא נמסה לגמרי.
מוסיפים קורט מלח והבוטנים הגרוסים.
מערבבים היטב עד שהתערובת אחידה.

ציפוי העוגה:
כשהקרמל מתקרר לגמרי והעוגה קרה ומיוצבת, שופכים בעדינות את הקרמל מעליה ומיישרים.
מחזירים את העוגה למקרר עד להגשה.
העוגה צריכה להתייצב לפחות לילה במקרר 

 בתאבון 🩷🩷",https://www.instagram.com/reel/DMPQ_qXo--a/,FOOD,עוגת ביסקוויטים סניקרס,SWEET,עוגת ביסקוויטים,"מצרכים:

לבסיס:
20 ביסקוויטים עם קקאו (הכמות תלויה בגודל התבנית)
חלב לטבילה

לקרם הבסיס:
750 מ”ל שמנת מתוקה להקצפה
80 גרם אינסטנט פודינג וניל
3 כפות אבקת סוכר

לקרם חמאת הבוטנים:
2 כפות חמאת בוטנים (רק לחצי מהקרם)

לקרם שוקולד חלב:
100 גרם שוקולד חלב
60 גרם שמנת מתוקה (להמסה עם השוקולד)

לקרמל בוטנים:
200 גרם סוכר
125 מ”ל שמנת מתוקה (חמה)
50 גרם חמאה
קורט מלח גס (לא חובה)
100 גרם בוטנים גרוסים","הכנת הקרם הבסיסי:
מקציפים את השמנת המתוקה.
לאחר כשתי דקות מוסיפים את אינסטנט הפודינג ואבקת הסוכר.
ממשיכים להקציף עד שמתקבלת קצפת יציבה.
מחלקים את הקרם לשתי קערות שוות.

קרם חמאת בוטנים:
מוסיפים לקערה הראשונה 2 כפות חמאת בוטנים.
מערבבים עד שהתערובת אחידה.

קרם שוקולד חלב:
ממיסים את השוקולד החלב עם 60 גרם שמנת מתוקה במיקרוגל עד שהתערובת חלקה.
מצננים מעט.
מוסיפים לקערה השנייה של הקרם ומערבבים היטב.
שימו לב לא לערבב את הגנאש עם הקרם כשהגנאש עדיין חם – חשוב שהגנאש יתקרר לגמרי לפני השילוב.

הרכבת העוגה:
טובלים את הביסקוויטים בחלב ומסדרים שכבה בתבנית.
מורחים מעל את קרם חמאת הבוטנים.
מוסיפים שכבת ביסקוויטים נוספת.
מורחים מעל את קרם השוקולד חלב.
מכניסים את העוגה להתייצבות במקרר למשך שעה לפחות.

הכנת הקרמל:
ממיסים את הסוכר במחבת על אש בינונית, ללא ערבוב, עד שהוא נמס והופך לקרמל זהוב.
מוסיפים בזהירות את השמנת החמה תוך ערבוב מתמיד.
מוסיפים את החמאה ומערבבים עד שהיא נמסה לגמרי.
מוסיפים קורט מלח והבוטנים הגרוסים.
מערבבים היטב עד שהתערובת אחידה.

ציפוי העוגה:
כשהקרמל מתקרר לגמרי והעוגה קרה ומיוצבת, שופכים בעדינות את הקרמל מעליה ומיישרים.
מחזירים את העוגה למקרר עד להגשה.
העוגה צריכה להתייצב לפחות לילה במקרר 

 בתאבון 🩷🩷",YES
172,25/07/2025,בורקס אסאדו,"בורקס אסאדו מושלם לערב שבת! 
עם טחינה ירוקה מעל זה בכלל יוצא מושלם… 

מצרכים:
700 גרם אסאדו גוש או קוביות
שלוש כפות סילאן
כפית חרדל
כף סויה
מלח ופלפל
כפית פפריקה
חמש שיני שום
חמש עלי תימין
בצק עלים
ביצה טרופה
שומשום

אופן הכנה

תיבול הבשר:
שמים את האסאדו בתבנית
שופכים מעל סילאן, חרדל, סויה, מלח, פלפל ופפריקה
מערבבים ישירות בתבנית כדי שהרוטב יעטוף את כל הבשר
מניחים מעל את שיני השום ועלי התימין
עוטפים היטב את התבנית בנייר אפייה ואז בנייר כסף
מכניסים לתנור שחומם ל-170 מעלות טורבו למשך ארבע שעות
מוציאים ומפרקים את האסאדו לשערות דקות בעזרת הידיים

הרכבת הבורקס:
פותחים את בצק העלים למלבן
מניחים במרכז שכבה נדיבה של אסאדו מפורק
סוגרים את הבצק משני הצדדים ומהדקים
מברישים בביצה ומפזרים שומשום

אפייה:
מכניסים לתנור שחומם ל-180 מעלות לחצי שעה עד שהבורקס זהוב ותפוח
(הזמן והחום עשויים להשתנות בהתאם לתנור)

רוטב טחינה ביתי

מצרכים:
טחינה גולמית
שני שיני שום
קצת מיץ לימון טרי
מלח
פטרוזיליה טרייה
מים קרים

הכנה
שמים את כל המרכיבים במעבד מזון ומעבדים עד לקבלת רוטב חלק וקרמי
מוסיפים מים לפי הצורך עד שמגיעים לסמיכות הרצויה

בתאבון מחכה לשמוע איך יצא 🩷🩷",https://www.instagram.com/reel/DMhT5oVolnJ/,FOOD,בורקס אסאדו מושלם לערב שבת,SAVORY,בורקס,"מצרכים:
700 גרם אסאדו גוש או קוביות
שלוש כפות סילאן
כפית חרדל
כף סויה
מלח ופלפל
כפית פפריקה
חמש שיני שום
חמש עלי תימין
בצק עלים
ביצה טרופה
שומשום","אופן הכנה

תיבול הבשר:
שמים את האסאדו בתבנית
שופכים מעל סילאן, חרדל, סויה, מלח, פלפל ופפריקה
מערבבים ישירות בתבנית כדי שהרוטב יעטוף את כל הבשר
מניחים מעל את שיני השום ועלי התימין
עוטפים היטב את התבנית בנייר אפייה ואז בנייר כסף
מכניסים לתנור שחומם ל-170 מעלות טורבו למשך ארבע שעות
מוציאים ומפרקים את האסאדו לשערות דקות בעזרת הידיים

הרכבת הבורקס:
פותחים את בצק העלים למלבן
מניחים במרכז שכבה נדיבה של אסאדו מפורק
סוגרים את הבצק משני הצדדים ומהדקים
מברישים בביצה ומפזרים שומשום

אפייה:
מכניסים לתנור שחומם ל-180 מעלות לחצי שעה עד שהבורקס זהוב ותפוח
(הזמן והחום עשויים להשתנות בהתאם לתנור)

רוטב טחינה ביתי

מצרכים:
טחינה גולמית
שני שיני שום
קצת מיץ לימון טרי
מלח
פטרוזיליה טרייה
מים קרים

הכנה
שמים את כל המרכיבים במעבד מזון ומעבדים עד לקבלת רוטב חלק וקרמי
מוסיפים מים לפי הצורך עד שמגיעים לסמיכות הרצויה

בתאבון מחכה לשמוע איך יצא 🩷🩷",YES
173,08/08/2025,עוגת קרמבו שוקולד לבן על בסיס ביסקוויטים,"עוגת קרמבו שוקולד לבן על בסיס ביסקוויטים

העוגה הכי טעימה שיש – עם שילוב מושלם של מרקמים וטעמים! 😍

מצרכים לתחתית

250 גרם ביסקוויטים (שרוול) 
150 גרם שוקולד לבן
150 מ”ל חלב
50 גרם חמאה

לקרם:
2 שמנת מתוקה להקצפה 38% +מה שנשאר מהשמנת של הגנאש (כ-100 מ”ל)
200 גרם מסקרפונה (קופסא)
5 כפות סוכר
3 כפות אינסטנט פודינג וניל

לגנאש:
240 גרם שוקולד לבן
100 מ”ל שמנת מתוקה

אופן ההכנה
1.	מכינים את התחתית
מרסקים את הביסקוויטים לחתיכות יחסית גדולות, כדי שיישארו צ’אנקים טעימים בביס.
במקביל, ממיסים את השוקולד הלבן, החמאה והחלב בקלחת או במיקרו, עד שהתערובת חלקה לגמרי.
שופכים את התערובת על הביסקוויטים, מערבבים היטב ומעבירים לתבנית בקוטר 22.
מהדקים ומיישרים את התערובת לתחתית, ומעבירים למקרר בינתיים.
2.	מכינים את הקרם
את השמנת המתוקה עם הסוכר במשך 2 דקות.
מוסיפים את גבינת המסקרפונה ואת האינסטנט פודינג, וממשיכים להקציף עד לקבלת קרם יציב.
מורחים את הקרם על תחתית הביסקוויטים שבתבנית.
3.	מכינים את הגנאש
ממיסים במיקרו את השוקולד הלבן יחד עם השמנת המתוקה.
כשהגנאש מתקרר מעט, שופכים אותו על העוגה ומיישרים בעדינות.
4.	הקירור (שלב חשוב!)
נותנים לעוגה להתייצב לילה שלם במקרר – ועדיף אפילו 24 שעות.
המרקם והטעם משתדרגים ככל שהיא נחה.

בתאבון מחכה לשמוע איך יצא 🩷🩷",https://www.instagram.com/reel/DNFUYldoSju/,FOOD,עוגת קרמבו שוקולד לבן על בסיס ביסקוויטים,SWEET,עוגה,"מצרכים לתחתית

250 גרם ביסקוויטים (שרוול) 
150 גרם שוקולד לבן
150 מ”ל חלב
50 גרם חמאה

לקרם:
2 שמנת מתוקה להקצפה 38% +מה שנשאר מהשמנת של הגנאש (כ-100 מ”ל)
200 גרם מסקרפונה (קופסא)
5 כפות סוכר
3 כפות אינסטנט פודינג וניל

לגנאש:
240 גרם שוקולד לבן
100 מ”ל שמנת מתוקה","אופן ההכנה
1.	מכינים את התחתית
מרסקים את הביסקוויטים לחתיכות יחסית גדולות, כדי שיישארו צ’אנקים טעימים בביס.
במקביל, ממיסים את השוקולד הלבן, החמאה והחלב בקלחת או במיקרו, עד שהתערובת חלקה לגמרי.
שופכים את התערובת על הביסקוויטים, מערבבים היטב ומעבירים לתבנית בקוטר 22.
מהדקים ומיישרים את התערובת לתחתית, ומעבירים למקרר בינתיים.
2.	מכינים את הקרם
את השמנת המתוקה עם הסוכר במשך 2 דקות.
מוסיפים את גבינת המסקרפונה ואת האינסטנט פודינג, וממשיכים להקציף עד לקבלת קרם יציב.
מורחים את הקרם על תחתית הביסקוויטים שבתבנית.
3.	מכינים את הגנאש
ממיסים במיקרו את השוקולד הלבן יחד עם השמנת המתוקה.
כשהגנאש מתקרר מעט, שופכים אותו על העוגה ומיישרים בעדינות.
4.	הקירור (שלב חשוב!)
נותנים לעוגה להתייצב לילה שלם במקרר – ועדיף אפילו 24 שעות.
המרקם והטעם משתדרגים ככל שהיא נחה.

בתאבון מחכה לשמוע איך יצא 🩷🩷",YES
174,10/11/2025,עוגת שמרים דאבל שוקולד פרווה,"עוגת שמרים דאבל שוקולד פרווה 😍
שכבת ממרח קקאו & שכבת נוטלה plant-based

מצרכים:
לבצק:
500 גרם קמח
10 גרם שמרים יבשים
100 גרם סוכר
2 ביצים
180 מ”ל מים
100 גרם נטורינה (חתוכה לקוביות)
½ כפית מלח

למילוי:
200 גרם שוקולד מריר
100 גרם נטורינה
180 גרם סוכר
80 גרם קקאו מנופה

צנצנת נוטלה plant-based

מי סוכר:
40 גרם סוכר
40 גרם מים רותחים

אופן הכנת הבצק:
בקערת מיקסר עם וו לישה שמים קמח, שמרים וסוכר ומערבבים דקה (אפשר גם בכף)
מוסיפים את הביצים והמים ולשים עד שהבצק מתחיל להתאחד
לאחר מכן מוסיפים את הנטורינה בהדרגה – קובייה אחר קובייה עד שהיא נטמעת לגמרי
אחרי שכל הנטורינה נטמעה לשים עוד 5 דקות ואז מוסיפים את המלח ולשים עוד כמה דקות עד שמתיימרת לנו רשת גלוטן

מעבירים לקערה משומנת, מכסים ומניחים להתפחה כשעה־שעה וחצי, עד שהבצק מכפיל את עצמו.

אופן הכנת המילוי:

ממיסים במיקרו את השוקולד המריר והנטורינה בפולסים קצרים עד שהתערובת חלקה.
מוסיפים את הסוכר ומנפים פנימה את הקקאו, מערבבים היטב עד למשחה אחידה.
מומלץ לחמם קצת את צנצנת הנוטלה במיקרו או בקערה עם מים חמים כדי שתהיה רכה ונוחה למריחה.

הרכבה:
לאחר שהבצק תפח, מחלקים אותו לשני חלקים שווים.
מרדדים את החלק הראשון למלבן.
על חצי מהמלבן מורחים שכבת מילוי שוקולד, סוגרים את הבצק, ומרדדים שוב דק דק.
מורחים שכבת נוטלה דקה, מגלגלים לרולדה וחותכים לאורכה ליצירת צורת בורג.
מעצבים ומניחים בתבנית מרופדת בנייר אפייה.
מתפיחים שוב כחצי שעה.

אופים בתנור שחומם ל־170 מעלות למשך 35–45 דקות עד שהעוגה זהובה ומפיצה ריח מטריף.

מי סוכר:
שופכים מים רותחים על הסוכר ומערבבים עד שהסוכר נמס לגמרי
כשהעוגה יוצאת מהתנור, מיד מורחים אותה במי סוכר בעדינות (מומלץ למזוג מי סוכר קרים על עוגה חמה)
לא חותכים את העוגה כשהיא חמה – נותנים לה להתקרר לפחות חצי שעה כדי שתתייצב ותישאר רכה ולחה מבפנים.

וזהו בתאבון תספרו לי איך יצא ❤️❤️ 

בשיתוף ממומן נוטלה @nutella.israel",https://www.instagram.com/reel/DQ4Vn0hiDE2/,FOOD,עוגת שמרים דאבל שוקולד פרווה,SWEET,עוגת שמרים,"מצרכים:
לבצק:
500 גרם קמח
10 גרם שמרים יבשים
100 גרם סוכר
2 ביצים
180 מ”ל מים
100 גרם נטורינה (חתוכה לקוביות)
½ כפית מלח

למילוי:
200 גרם שוקולד מריר
100 גרם נטורינה
180 גרם סוכר
80 גרם קקאו מנופה

צנצנת נוטלה plant-based

מי סוכר:
40 גרם סוכר
40 גרם מים רותחים","אופן הכנת הבצק:
בקערת מיקסר עם וו לישה שמים קמח, שמרים וסוכר ומערבבים דקה (אפשר גם בכף)
מוסיפים את הביצים והמים ולשים עד שהבצק מתחיל להתאחד
לאחר מכן מוסיפים את הנטורינה בהדרגה – קובייה אחר קובייה עד שהיא נטמעת לגמרי
אחרי שכל הנטורינה נטמעה לשים עוד 5 דקות ואז מוסיפים את המלח ולשים עוד כמה דקות עד שמתיימרת לנו רשת גלוטן

מעבירים לקערה משומנת, מכסים ומניחים להתפחה כשעה־שעה וחצי, עד שהבצק מכפיל את עצמו.

אופן הכנת המילוי:

ממיסים במיקרו את השוקולד המריר והנטורינה בפולסים קצרים עד שהתערובת חלקה.
מוסיפים את הסוכר ומנפים פנימה את הקקאו, מערבבים היטב עד למשחה אחידה.
מומלץ לחמם קצת את צנצנת הנוטלה במיקרו או בקערה עם מים חמים כדי שתהיה רכה ונוחה למריחה.

הרכבה:
לאחר שהבצק תפח, מחלקים אותו לשני חלקים שווים.
מרדדים את החלק הראשון למלבן.
על חצי מהמלבן מורחים שכבת מילוי שוקולד, סוגרים את הבצק, ומרדדים שוב דק דק.
מורחים שכבת נוטלה דקה, מגלגלים לרולדה וחותכים לאורכה ליצירת צורת בורג.
מעצבים ומניחים בתבנית מרופדת בנייר אפייה.
מתפיחים שוב כחצי שעה.

אופים בתנור שחומם ל־170 מעלות למשך 35–45 דקות עד שהעוגה זהובה ומפיצה ריח מטריף.

מי סוכר:
שופכים מים רותחים על הסוכר ומערבבים עד שהסוכר נמס לגמרי
כשהעוגה יוצאת מהתנור, מיד מורחים אותה במי סוכר בעדינות (מומלץ למזוג מי סוכר קרים על עוגה חמה)
לא חותכים את העוגה כשהיא חמה – נותנים לה להתקרר לפחות חצי שעה כדי שתתייצב ותישאר רכה ולחה מבפנים.

וזהו בתאבון תספרו לי איך יצא ❤️❤️ 

בשיתוף ממומן נוטלה @nutella.israel",YES
175,28/11/2025,קבלו את סדרת הדייטים החדשה שלנו- עושים את כל הדייטים לפי הא״ב,"קבלו את סדרת הדייטים החדשה שלנו- עושים את כל הדייטים לפי הא״ב 👩‍❤️‍👨
והפעם האות א׳ אוכל איטלקי 🍕🍷
תייגו מישהו שחייב לקחת אותכם לדייט כזה 👇🏻😍",https://www.instagram.com/reel/DRmDs-viLUZ/,DATE,,,,,,
176,02/12/2025,עוגיית שוקולד צ'יפס ענקית,"מתלבטת עוד איך לקרוא למתכון הזה 🤔
עוגיית שוקולד צ׳יפס ענקית? פאי שוקולד צ׳יפס? עוגת שוקולד צ׳יפס?
תרשמו לי איך הייתם קוראים למתכון הזה 👇🏻

בכל מקרה עד שאחליט איך לקרוא לזה הנה המתכון לדבר המושלם הזה😍
מצרכים:
200 גרם חמאה רכה
150 גרם סוכר לבן
100 גרם סוכר חום כהה
1 ביצה L
2 כפיות תמצית וניל
300 גרם קמח (2 כוסות + כף מלאה)
½ כפית סודה לשתייה
½ כפית אבקת אפייה
קורט מלח
150 גרם שוקולד צ’יפס 

מילוי:
250–300 גרם נוטלה (קפואה כדיסק שטוח בקוטר 16–18 ס”מ)

אופן ההכנה:
	1.	מכינים את הדיסק נוטלה- מורחים נוטלה לצורת עיגול לקוטר 18 ומקפיאים
	2. מערבבים את החמאה הסוכר החום והלבן לקרם בהיר ואז מוסיפים ביצה ותמצית וניל
	3.	מנפים קמח, סודה, אבקת אפייה ומלח מערבבים עד בצק רך אך יציב
	4.	מוסיפים את השוקולד צ׳יפס 
	5.	משטחים בתבנית בקוטר 24 ס”מ חצי מכמות הבצק, מניחים את דיסק הנוטלה, מכסים בשאר הבצק ומהדקים
	6.	אופים בתנור שחומם מראש על מצב בטורבו 180° ל־25–28 דקות – עד שהשוליים זהובים
 7.אחרי שמוציאים את העוגייה מהתנור ניתן לה להתייצב בחוץ",https://www.instagram.com/reel/DRxD7mhiMIb/,FOOD,מתלבטת עוד איך לקרוא למתכון הזה,SWEET,עוגה,"מצרכים:
200 גרם חמאה רכה
150 גרם סוכר לבן
100 גרם סוכר חום כהה
1 ביצה L
2 כפיות תמצית וניל
300 גרם קמח (2 כוסות + כף מלאה)
½ כפית סודה לשתייה
½ כפית אבקת אפייה
קורט מלח
150 גרם שוקולד צ’יפס 

מילוי:
250–300 גרם נוטלה (קפואה כדיסק שטוח בקוטר 16–18 ס”מ)","אופן ההכנה:
	1.	מכינים את הדיסק נוטלה- מורחים נוטלה לצורת עיגול לקוטר 18 ומקפיאים
	2. מערבבים את החמאה הסוכר החום והלבן לקרם בהיר ואז מוסיפים ביצה ותמצית וניל
	3.	מנפים קמח, סודה, אבקת אפייה ומלח מערבבים עד בצק רך אך יציב
	4.	מוסיפים את השוקולד צ׳יפס 
	5.	משטחים בתבנית בקוטר 24 ס”מ חצי מכמות הבצק, מניחים את דיסק הנוטלה, מכסים בשאר הבצק ומהדקים
	6.	אופים בתנור שחומם מראש על מצב בטורבו 180° ל־25–28 דקות – עד שהשוליים זהובים
 7.אחרי שמוציאים את העוגייה מהתנור ניתן לה להתייצב בחוץ",YES
177,08/12/2025,דייט האות ב׳ - בירה פונג,"בואו איתנו לעשות את כל הדייטים לפי הא״ב והפעם האות ב׳ - בירה פונג 🏓🍻 

איך הדייט עובד?
מארגנים נשנושים שאוהבים 🍿
מסדרים כוסות 🍺
מוזגים בירה 🍻
מכינים שאלות ❓
ומתחילים לשחק ✌🏻 

תייגו מישהו שאתם חייבים להתחרות נגדו בבירה פונג 👇🏻 

#זוגיות #דייטים #משחקים",https://www.instagram.com/reel/DSAYG6ciEEF/,DATE,,,,,,
178,12/12/2025,עוגת תפוזים,"עוגת תפוזים מושלמת לחורף🍊☃️

מצרכים:
6 ביצים
120 גרם שמן
280 גרם קמח
240 גרם סוכר
240 גרם מיץ תפוזים (עדיף מתפוז טרי סחוט)
שקית אבקת אפייה
גרידת תפוז מתפוז שלם

אופן ההכנה
	1.	נפריד את החלמונים מהחלבונים
	2.	נניח את החלבונים בקערת המיקסר ונקציף על המהירות הכי גבוהה
	3.	כשהקצף מתחיל לגדול נוסיף בהדרגה את הסוכר ונמשיך להקציף למרקם יציב
	4.	נוסיף את החלמונים השמן והתפוזים ונאחד בעזרת תנועות קיפול
	5.	נוסיף את יתר המצרכים ונמשיך לאחד בעדינות בתנועות קיפול
	6.	נמזוג את הבלילה לתבנית גבוהה ולא משומנת
	7.	נכניס לתנור שחומם מראש ל־160 מעלות למשך 45–60 דקות
(בתנור שלי כ־50 דקות)

כשהעוגה יוצאת מהתנור הופכים את התבנית ומניחים לה להתקרר הפוכה כשעתיים 
לפני ההגשה ניתן לפזר אבקת סוכר",https://www.instagram.com/reel/DSKQ3G5iM-7/,FOOD,עוגת תפוזים מושלמת לחורף,SWEET,עוגה,"מצרכים:
6 ביצים
120 גרם שמן
280 גרם קמח
240 גרם סוכר
240 גרם מיץ תפוזים (עדיף מתפוז טרי סחוט)
שקית אבקת אפייה
גרידת תפוז מתפוז שלם","אופן ההכנה
	1.	נפריד את החלמונים מהחלבונים
	2.	נניח את החלבונים בקערת המיקסר ונקציף על המהירות הכי גבוהה
	3.	כשהקצף מתחיל לגדול נוסיף בהדרגה את הסוכר ונמשיך להקציף למרקם יציב
	4.	נוסיף את החלמונים השמן והתפוזים ונאחד בעזרת תנועות קיפול
	5.	נוסיף את יתר המצרכים ונמשיך לאחד בעדינות בתנועות קיפול
	6.	נמזוג את הבלילה לתבנית גבוהה ולא משומנת
	7.	נכניס לתנור שחומם מראש ל־160 מעלות למשך 45–60 דקות
(בתנור שלי כ־50 דקות)

כשהעוגה יוצאת מהתנור הופכים את התבנית ומניחים לה להתקרר הפוכה כשעתיים 
לפני ההגשה ניתן לפזר אבקת סוכר",YES
179,17/12/2025,טבלת עוגת ביסקוויטים,"שילבתי את שני הדברים שאני הכי אוהבת בעולם 
עוגת ביסקוויטים ושוקולד 
ויצא לי טבלת שוקולד עוגת ביסקוויטים מטורפת!! 😍

מצרכים:
200 גרם שוקולד לבן
150 מ״ל שמנת מתוקה להקצפה
כף סוכר
כף אינסטנט פודינג וניל
ביסקוויטים
חלב
מעט קפה (לערבוב עם החלב)

אופן ההכנה
	1.	ממיסים את השוקולד הלבן במיקרוגל או על בן־מארי עד שהוא נמס לגמרי
	2.	יוצקים שני שליש מכמות השוקולד לתבנית ומשטחים לשכבה אחידה. מכניסים למקפיא לכ־20 דקות, עד שהשוקולד מתקשה
	3.	מקציפים את השמנת המתוקה עם הסוכר וכף אינסטנט פודינג עד לקבלת קצפת יציבה
	4.	מורחים שכבה אחידה של הקצפת מעל שכבת השוקולד
	5.	טובלים את הביסקוויטים בחלב שמעורבב עם מעט קפה, ומסדרים אותם מעל שכבת הקצפת
	6.	יוצקים מעל הביסקוויטים שכבה נוספת של שוקולד לבן מומס
	7.	מכניסים למקפיא עד להתייצבות מלאה

בתאבון 😍❤️❤️❤️",https://www.instagram.com/reel/DSXpZrKiPj_/,FOOD,שילבתי את שני הדברים שאני הכי אוהבת בעולם,SWEET,עוגת ביסקוויטים,"מצרכים:
200 גרם שוקולד לבן
150 מ״ל שמנת מתוקה להקצפה
כף סוכר
כף אינסטנט פודינג וניל
ביסקוויטים
חלב
מעט קפה (לערבוב עם החלב)","אופן ההכנה
	1.	ממיסים את השוקולד הלבן במיקרוגל או על בן־מארי עד שהוא נמס לגמרי
	2.	יוצקים שני שליש מכמות השוקולד לתבנית ומשטחים לשכבה אחידה. מכניסים למקפיא לכ־20 דקות, עד שהשוקולד מתקשה
	3.	מקציפים את השמנת המתוקה עם הסוכר וכף אינסטנט פודינג עד לקבלת קצפת יציבה
	4.	מורחים שכבה אחידה של הקצפת מעל שכבת השוקולד
	5.	טובלים את הביסקוויטים בחלב שמעורבב עם מעט קפה, ומסדרים אותם מעל שכבת הקצפת
	6.	יוצקים מעל הביסקוויטים שכבה נוספת של שוקולד לבן מומס
	7.	מכניסים למקפיא עד להתייצבות מלאה

בתאבון 😍❤️❤️❤️",YES
180,19/12/2025,דייט לוחות חזון לכבוד 2026,"דייט לוחות חזון לכבוד 2026 🍾✨ 
תייגו מישהו שחייב לעשות איתכם דייט כזה 🥰👇🏻",https://www.instagram.com/reel/DScc__5CIIp/,DATE,,,,,,
181,22/12/2025,בורקס גבינה ענקי,"בורקס גבינה ענקי 
למה להכין מלא בורקסים קטנים כשאפשר להכין אחד ענקי? 😍 
מצרכים:
1/3 חבילת בצק עלים 
חצי גביע קוטג 
80 גרם בולגרית 
80 גרם מוצרלה 
ביצה למלית 
ביצה לציפוי 

אופן הכנה: 
נערבב את כל חומרי המלית 
נפתח את בצק העלים 
נמרח את המלית כמו בסרטון ונסגור 
נמרח ביצה ומפזר שומשום ונאפה בתנור שחומם מראש על 180 מעלות טורבו ל20-25 דקות 
בתאבון 🥰",https://www.instagram.com/reel/DSklcOgCHXu/,FOOD,בורקס גבינה ענקי,SAVORY,בורקס,"מצרכים:
1/3 חבילת בצק עלים 
חצי גביע קוטג 
80 גרם בולגרית 
80 גרם מוצרלה 
ביצה למלית 
ביצה לציפוי","אופן הכנה: 
נערבב את כל חומרי המלית 
נפתח את בצק העלים 
נמרח את המלית כמו בסרטון ונסגור 
נמרח ביצה ומפזר שומשום ונאפה בתנור שחומם מראש על 180 מעלות טורבו ל20-25 דקות 
בתאבון 🥰",YES
182,28/12/2025, דייט האות ג' דייט גבינות ,"ממשיכים עם סדרת הדייטים לפי הא״ב שלנו 🤍
והפעם האות ג’-דייט גבינות 🧀
רעיון קליל לדייט זוגי 🥰
החלק השני (ומה שעשינו עם הגבינות) יחכה בסרטון הבא",https://www.instagram.com/reel/DSz-McCCPTE/,DATE,,,,,,
183,06/01/2026,פסטה בטטטה,"אין יותר מושלם ומנחם מאשר לסיים את היום עם קערת פסטה מפנקתתת 
אז הכנתי לכם כאן מתכון לפסטה בטטה נדירה 🍠
מצרכים:
250 גרם פסטה (חצי חבילה)
1 בטטה קלופה וחתוכה לקוביות
1 בצל קצוץ
1 שמנת לבישול 9%
25 גרם חמאה
2–3 שיני שום כתוש
כפית מלח
¼ כפית אגוז מוסקט
3 כפות פרמזן מגורד
פרמזן נוסף להגשה מעל

אופן ההכנה:
מבשלים את הפסטה במים רותחים ומומלחים לפי הוראות היצרן, מסננים ושומרים בצד.

במחבת רחבה ממיסים את החמאה על אש בינונית.
מוסיפים את הבצל ומטגנים עד שהוא רך וזהוב.
מוסיפים את קוביות הבטטה ומטגנים יחד עם הבצל עד שהבטטה מתרככת ומשחימה מעט.
מוסיפים את השום הכתוש ומערבבים כחצי דקה, עד שעולה ריח טוב.

יוצקים את השמנת, מוסיפים מלח ואגוז מוסקט ומבשלים 2–3 דקות עד שנוצר רוטב אחיד.
מוסיפים פרמזן מגורד ומערבבים עד שהוא נמס.
מוסיפים את הפסטה המבושלת, מערבבים היטב ומבשלים עוד דקה לאיחוד טעמים.

מגישים חם עם פרמזן מגורד מעל
ובתאבון 🩷🩷",https://www.instagram.com/reel/DTLLYa_CGIK/,FOOD,אין יותר מושלם ומנחם מאשר לסיים את היום עם קערת פסטה מפנקתתת,SAVORY,פסטה,"מצרכים:
250 גרם פסטה (חצי חבילה)
1 בטטה קלופה וחתוכה לקוביות
1 בצל קצוץ
1 שמנת לבישול 9%
25 גרם חמאה
2–3 שיני שום כתוש
כפית מלח
¼ כפית אגוז מוסקט
3 כפות פרמזן מגורד
פרמזן נוסף להגשה מעל","אופן ההכנה:
מבשלים את הפסטה במים רותחים ומומלחים לפי הוראות היצרן, מסננים ושומרים בצד.

במחבת רחבה ממיסים את החמאה על אש בינונית.
מוסיפים את הבצל ומטגנים עד שהוא רך וזהוב.
מוסיפים את קוביות הבטטה ומטגנים יחד עם הבצל עד שהבטטה מתרככת ומשחימה מעט.
מוסיפים את השום הכתוש ומערבבים כחצי דקה, עד שעולה ריח טוב.

יוצקים את השמנת, מוסיפים מלח ואגוז מוסקט ומבשלים 2–3 דקות עד שנוצר רוטב אחיד.
מוסיפים פרמזן מגורד ומערבבים עד שהוא נמס.
מוסיפים את הפסטה המבושלת, מערבבים היטב ומבשלים עוד דקה לאיחוד טעמים.

מגישים חם עם פרמזן מגורד מעל
ובתאבון 🩷🩷",YES
184,09/01/2026,ברוכים הבאים לסדרת המתכונים החדשה שלי- איך לשדרג עוגת ביסקוויטים,"ברוכים הבאים לסדרת המתכונים החדשה שלי- איך לשדרג עוגת ביסקוויטים ✨
ולכבוד חלק 1 הכנתי עוגת ביסקוויטים פיסטוק💚

מצרכים:
17 ביסקוויטים הכמות עשויה להשתנות מעט בהתאם לגודל התבנית
3 שמנת מתוקה להקצפה 38% 
80 גרם אינסטנט פודינג (חבילה)
4 כפות סוכר
חצי כוס חלב
2 כפות גדושות מחית פיסטוק אפשר להתאים לפי הטעם

•קערה עם חלב לטבילת הביסקוויטים 

לגנאש שוקולד לבן ופיסטוק:
200 גרם שוקולד לבן
100 גרם שמנת מתוקה
כף מחית פיסטוק

לקישוט- פיסטוק גרוס 

אופן הכנה:
נטבול את הביסקוויטים בחלב למספר שניות ונסדר שכבה ראשונה בתבנית

הכנת הקרם:
נקציף את השמנת עם הסוכר במשך שתי דקות
לאחר מכן נוסיף את החלב את האינסטנט פודינג ואת מחית הפיסטוק
נמשיך להקציף עד לקבלת קצפת יציבה ואחידה

נמרח מעל שכבת הביסקוויטים שכבה של קרם
נסדר שכבת ביסקוויטים נוספת ומעליה שכבה נוספת של קרם

בסך הכול שתי שכבות ביסקוויטים ושתי שכבות קרם

נכניס את העוגה למקרר בזמן שמכינים את הגנאש

הכנת הגנאש:
נמיס את השוקולד הלבן והשמנת במיקרוגל בפולסים של חצי דקה
נערבב היטב עד לקבלת מרקם חלק
נוסיף את מחית הפיסטוק ונערבב לאיחוד

נוציא את העוגה מהמקרר ונצפה אותה בגנאש בצורה אחידה

•ליצירת ציורים של לבבות נשמור קצת מהגנאש לפני הוספת המחית פיסטוק ונצייר כמו בסרטון 

נחזיר למקרר ללילה שלם להתייצבות
זה מאתגר לחכות אבל לגמרי שווה את זה 🫣

למחרת חותכים מגישים ובתאבון ❤️❤️❤",https://www.instagram.com/reel/DTSHHILiKlP/,FOOD,עוגת ביסקוויטים פיסטוק,SWEET,עוגת ביסקוויטים,"מצרכים:
17 ביסקוויטים הכמות עשויה להשתנות מעט בהתאם לגודל התבנית
3 שמנת מתוקה להקצפה 38% 
80 גרם אינסטנט פודינג (חבילה)
4 כפות סוכר
חצי כוס חלב
2 כפות גדושות מחית פיסטוק אפשר להתאים לפי הטעם

•קערה עם חלב לטבילת הביסקוויטים 

לגנאש שוקולד לבן ופיסטוק:
200 גרם שוקולד לבן
100 גרם שמנת מתוקה
כף מחית פיסטוק

לקישוט- פיסטוק גרוס","אופן הכנה:
נטבול את הביסקוויטים בחלב למספר שניות ונסדר שכבה ראשונה בתבנית

הכנת הקרם:
נקציף את השמנת עם הסוכר במשך שתי דקות
לאחר מכן נוסיף את החלב את האינסטנט פודינג ואת מחית הפיסטוק
נמשיך להקציף עד לקבלת קצפת יציבה ואחידה

נמרח מעל שכבת הביסקוויטים שכבה של קרם
נסדר שכבת ביסקוויטים נוספת ומעליה שכבה נוספת של קרם

בסך הכול שתי שכבות ביסקוויטים ושתי שכבות קרם

נכניס את העוגה למקרר בזמן שמכינים את הגנאש

הכנת הגנאש:
נמיס את השוקולד הלבן והשמנת במיקרוגל בפולסים של חצי דקה
נערבב היטב עד לקבלת מרקם חלק
נוסיף את מחית הפיסטוק ונערבב לאיחוד

נוציא את העוגה מהמקרר ונצפה אותה בגנאש בצורה אחידה

•ליצירת ציורים של לבבות נשמור קצת מהגנאש לפני הוספת המחית פיסטוק ונצייר כמו בסרטון 

נחזיר למקרר ללילה שלם להתייצבות
זה מאתגר לחכות אבל לגמרי שווה את זה 🫣

למחרת חותכים מגישים ובתאבון ❤️❤️❤",YES
185,12/01/2026,ללא ספק זה הפיקניק הכי מושקע שעשינו עד היום,"ללא ספק זה הפיקניק הכי מושקע שעשינו עד היום 
ממשיכים בסדרת הדייטים שלנו לפי הא״ב והפעם החלק השני לדייט גבינות שלנו 🧀❤️ 

מסקרן מי יצליח לגלות מה נעשה לדייט באות ד 🫣",https://www.instagram.com/reel/DTakHHtCDbV/,DATE,,,,,,
186,14/01/2026,ברצינות מישהו אי פעם סירב לכם כשהצעתם לו חתיכת בראוניז,"ברצינות מישהו אי פעם סירב לכם כשהצעתם לו חתיכת בראוניז??? 
לא שמעתי על דבר כזה…. 
אז בכל מקרה קבלו מתכון לבראוניז אמסטרדם שהוא נדיר!!!

מצרכים: 
120 גרם חמאה
100 גרם שוקולד מריר
100 גרם סוכר חום
2 ביצים
60 גרם קמח
50 גרם שוקולד חלב קצוץ
2 טבלאות שוקולד לבן

⸻

אופן ההכנה
	1.	מחממים תנור ל־170 מעלות טורבו.
	2.	בקערה גדולה מקציפים את הביצים עם הסוכר החום עד לקבלת תערובת בהירה ואוורירית.
	3.	בקערה נפרדת ממיסים את החמאה והשוקולד המריר יחד ומערבבים עד לקבלת תערובת חלקה.
	4.	מוסיפים את הקמח ותערובת השוקולד והחמאה לתערובת הביצים והסוכר ומערבבים לאיחוד .
5.	מוסיפים את השוקולד החלב הקצוץ ומערבבים בעדינות.
	6.	יוצקים חצי מהתערובת לתבנית מרופדת בנייר אפייה, מניחים מעל את טבלאות השוקולד הלבן ומכסים בחצי השני של התערובת.
	7.	אופים במשך כ־20 דקות, עד שהשוליים יציבים והמרכז מעט רך",https://www.instagram.com/reel/DTfpa0OiANO/,FOOD,ברצינות מישהו אי פעם סירב לכם כשהצעתם לו חתיכת בראוניז,SWEET,בראוניז,"מצרכים: 
120 גרם חמאה
100 גרם שוקולד מריר
100 גרם סוכר חום
2 ביצים
60 גרם קמח
50 גרם שוקולד חלב קצוץ
2 טבלאות שוקולד לבן

⸻","אופן ההכנה
	1.	מחממים תנור ל־170 מעלות טורבו.
	2.	בקערה גדולה מקציפים את הביצים עם הסוכר החום עד לקבלת תערובת בהירה ואוורירית.
	3.	בקערה נפרדת ממיסים את החמאה והשוקולד המריר יחד ומערבבים עד לקבלת תערובת חלקה.
	4.	מוסיפים את הקמח ותערובת השוקולד והחמאה לתערובת הביצים והסוכר ומערבבים לאיחוד .
5.	מוסיפים את השוקולד החלב הקצוץ ומערבבים בעדינות.
	6.	יוצקים חצי מהתערובת לתבנית מרופדת בנייר אפייה, מניחים מעל את טבלאות השוקולד הלבן ומכסים בחצי השני של התערובת.
	7.	אופים במשך כ־20 דקות, עד שהשוליים יציבים והמרכז מעט רך",YES
187,16/01/2026,ברוכים הבאים לפרק השני בסדרה שלי,"ברוכים הבאים לפרק השני בסדרה שלי 
איך לשדרג עוגת ביסקוויטים ✨ 
והפעם- עוגת ביסקוויטים קרמבו

אוי איזה רעיון גאוני זה היה לשלב קרמבו בעוגת ביסקוויטים
השילוב של המרנג של הקרמבו יחד עם הקרם הוא פשוט נדיר ברמות

מצרכים:
בערך 9 ביסקוויטים רגילים

לקרם:
2 שמנת מתוקה 38%
3 כפות סוכר גדושות
3 כפות אינסטנט פודינג וניל
9 יחידות קרמבו

לגנאש:
100 גרם שוקולד מריר
75 גרם שוקולד חלב
180 גרם שמנת מתוקה

אופן הכנה
מקציפים את השמנת המתוקה עם הסוכר במשך כ־2 דקות
לאחר 2 דקות מוסיפים את האינסטנט פודינג וממשיכים להקציף עד לקבלת קצפת יציבה

טובלים את הביסקוויטים בחלב ומסדרים שכבה בתבנית

מפרידים את המרנג של הקרמבו מהביסקוויטים
מסדרים את המרנגים מעל שכבת הביסקוויטים שבתבנית
את ביסקוויטי הקרמבו חותכים לחתיכות קטנות ושומרים בצד

מעבירים את הקרם לשקית זילוף ומזלפים את הקרם בין הקרמבואים
מכניסים את התבנית למקרר בזמן שמכינים את הגנאש

להכנת הגנאש
ממיסים את השוקולד המריר, שוקולד החלב והשמנת המתוקה במיקרוגל בפולסים של חצי דקה תוך ערבוב בין חימום לחימום עד לקבלת מרקם חלק ואחיד
יוצקים את הגנאש מעל העוגה
מפזרים מעל את חתיכות ביסקוויטי הקרמבו ששמרנו בצד

מכניסים את העוגה למקרר להתייצבות מלאה למשך לילה
ובתאבון ❤️✨",https://www.instagram.com/reel/DTkEeLliJY4/,FOOD,עוגת ביסקוויטים קרמבו,SWEET,עוגת ביסקוויטים,"מצרכים:
בערך 9 ביסקוויטים רגילים

לקרם:
2 שמנת מתוקה 38%
3 כפות סוכר גדושות
3 כפות אינסטנט פודינג וניל
9 יחידות קרמבו

לגנאש:
100 גרם שוקולד מריר
75 גרם שוקולד חלב
180 גרם שמנת מתוקה","אופן הכנה
מקציפים את השמנת המתוקה עם הסוכר במשך כ־2 דקות
לאחר 2 דקות מוסיפים את האינסטנט פודינג וממשיכים להקציף עד לקבלת קצפת יציבה

טובלים את הביסקוויטים בחלב ומסדרים שכבה בתבנית

מפרידים את המרנג של הקרמבו מהביסקוויטים
מסדרים את המרנגים מעל שכבת הביסקוויטים שבתבנית
את ביסקוויטי הקרמבו חותכים לחתיכות קטנות ושומרים בצד

מעבירים את הקרם לשקית זילוף ומזלפים את הקרם בין הקרמבואים
מכניסים את התבנית למקרר בזמן שמכינים את הגנאש

להכנת הגנאש
ממיסים את השוקולד המריר, שוקולד החלב והשמנת המתוקה במיקרוגל בפולסים של חצי דקה תוך ערבוב בין חימום לחימום עד לקבלת מרקם חלק ואחיד
יוצקים את הגנאש מעל העוגה
מפזרים מעל את חתיכות ביסקוויטי הקרמבו ששמרנו בצד

מכניסים את העוגה למקרר להתייצבות מלאה למשך לילה
ובתאבון ❤️✨",YES
188,21/01/2026,מתכון למגולגלות נוטלה וקורנפלקס,"מתכון למגולגלות נוטלה וקורנפלקס
הקורנפלקס מביא קראנציות לעוגייה וזה יוצא וואווו

מצרכים לבצק:
140 גרם קמח
20 גרם קקאו
80 גרם חמאה קרה חתוכה לקוביות
50 גרם אבקת סוכר
חלמון אחד
1 עד 2 כפות חלב
קורט מלח

מצרכים למילוי:
200 גרם נוטלה
70 גרם קורנפלקס

אופן הכנה:
שמים את היבשים והחמאה במיקסר עם וו גיטרה ומערבבים עד שמתקבל מרקם חולי
מוסיפים את החלמון ואת החלב שימו לב להוסיף כף חלב אחת ורק אם צריך להוסיף עוד
לשים רק עד שנוצר בצק אחיד

מסיימים את הבצק בין שני ניירות אפייה וסוגרים את הניירות כמו בסרטון
מרדדים למלבן

למילוי: מחממים טיפה את הנוטלה במיקרו בערך 30 שניות מוסיפים את הקורנפלקס הגרוס ומערבבים
מורחים שכבה אחידה על הבצק
מגלגלים לרולדה ומכניסים למקפיא ל40 דקות עד שהרולדה קפואה

מהמקפיא מוציאים ישר לתנור על 170 מעלות טורבו ל20 עד 22 דקות תלוי בתנור
מוציאים מהתנור ונותנים לעוגיות להתייצב שעתיים בחוץ בלי לגעת עד שהן מתקררות 
לאחר מכן חותכים לפרוסות מפזרים אבקת סוכר ומגישים ❤️",https://www.instagram.com/reel/DTx0sZCCEEn/,FOOD,מתכון למגולגלות נוטלה וקורנפלקס,SWEET,עוגיות,"מצרכים לבצק:
140 גרם קמח
20 גרם קקאו
80 גרם חמאה קרה חתוכה לקוביות
50 גרם אבקת סוכר
חלמון אחד
1 עד 2 כפות חלב
קורט מלח

מצרכים למילוי:
200 גרם נוטלה
70 גרם קורנפלקס","אופן הכנה:
שמים את היבשים והחמאה במיקסר עם וו גיטרה ומערבבים עד שמתקבל מרקם חולי
מוסיפים את החלמון ואת החלב שימו לב להוסיף כף חלב אחת ורק אם צריך להוסיף עוד
לשים רק עד שנוצר בצק אחיד

מסיימים את הבצק בין שני ניירות אפייה וסוגרים את הניירות כמו בסרטון
מרדדים למלבן

למילוי: מחממים טיפה את הנוטלה במיקרו בערך 30 שניות מוסיפים את הקורנפלקס הגרוס ומערבבים
מורחים שכבה אחידה על הבצק
מגלגלים לרולדה ומכניסים למקפיא ל40 דקות עד שהרולדה קפואה

מהמקפיא מוציאים ישר לתנור על 170 מעלות טורבו ל20 עד 22 דקות תלוי בתנור
מוציאים מהתנור ונותנים לעוגיות להתייצב שעתיים בחוץ בלי לגעת עד שהן מתקררות 
לאחר מכן חותכים לפרוסות מפזרים אבקת סוכר ומגישים ❤️",YES
189,23/01/2026,ברוכים הבאים לפרק השלישי בסדרה שלי ״איך לשדרג עוגת ביסקוויטים״ והפעם עוגת ביסקוויטים מוקה,"⁨	ברוכים הבאים לפרק השלישי בסדרה שלי ״איך לשדרג עוגת ביסקוויטים״ והפעם עוגת ביסקוויטים מוקה 

מצרכים:
ביסקוויטים
מעט חלב מעורבב עם קפה נמס, לטבילת הביסקוויטים

לקרם:
3 מיכלים שמנת מתוקה 38%
4 כפות סוכר גדושות
4 כפות אינסטנט פודינג וניל
2 כפיות קפה נמס (אני השתמשתי ב-טסטר צויס) מעורבבות עם 2 כפיות מים

לגנאש:
150 גרם שוקולד לבן
60 גרם שמנת מתוקה
כפית קפה נמס

אופן הכנה:

מכינים ״מיני קפה״: מערבבים 2 כפיות קפה נמס עם המים
מקציפים את השמנת המתוקה עם הסוכר במשך כ־2 דקות
לאחר מכן מוסיפים את האינסטנט פודינג ואת הקפה שהכנו, וממשיכים להקציף עד לקבלת קצפת יציבה

טובלים את הביסקוויטים בחלב ומסדרים שכבה בתבנית
מורחים חצי מכמות הקרם
מסדרים שכבה נוספת של ביסקוויטים ומעליה מורחים את יתרת הקרם
מכניסים את העוגה למקרר

להכנת הגנאש:
מחממים את השמנת המתוקה במיקרוגל יחד עם הקפה
מערבבים עד שכל גרגירי הקפה נמסים
מוסיפים את השוקולד הלבן וממיסים הכול יחד במיקרוגל בפולסים של חצי דקה
מוזגים את הגנאש מעל העוגה

מכניסים את העוגה למקרר להתייצבות מלאה למשך לילה
ובתאבון 🤍⁩",https://www.instagram.com/reel/DT2HFK7iDoC/,FOOD,עוגת ביסקוויטים מוקה,SWEET,עוגת ביסקוויטים,"מצרכים:
ביסקוויטים
מעט חלב מעורבב עם קפה נמס, לטבילת הביסקוויטים

לקרם:
3 מיכלים שמנת מתוקה 38%
4 כפות סוכר גדושות
4 כפות אינסטנט פודינג וניל
2 כפיות קפה נמס (אני השתמשתי ב-טסטר צויס) מעורבבות עם 2 כפיות מים

לגנאש:
150 גרם שוקולד לבן
60 גרם שמנת מתוקה
כפית קפה נמס","אופן הכנה:

מכינים ״מיני קפה״: מערבבים 2 כפיות קפה נמס עם המים
מקציפים את השמנת המתוקה עם הסוכר במשך כ־2 דקות
לאחר מכן מוסיפים את האינסטנט פודינג ואת הקפה שהכנו, וממשיכים להקציף עד לקבלת קצפת יציבה

טובלים את הביסקוויטים בחלב ומסדרים שכבה בתבנית
מורחים חצי מכמות הקרם
מסדרים שכבה נוספת של ביסקוויטים ומעליה מורחים את יתרת הקרם
מכניסים את העוגה למקרר

להכנת הגנאש:
מחממים את השמנת המתוקה במיקרוגל יחד עם הקפה
מערבבים עד שכל גרגירי הקפה נמסים
מוסיפים את השוקולד הלבן וממיסים הכול יחד במיקרוגל בפולסים של חצי דקה
מוזגים את הגנאש מעל העוגה

מכניסים את העוגה למקרר להתייצבות מלאה למשך לילה
ובתאבון 🤍⁩",YES
190,27/01/2026,ממשיכים בסדרת הדייטים שלנו לפי הא״ב,"ממשיכים בסדרת הדייטים שלנו לפי הא״ב 
והפעם האות ד׳- דייט דגים 🐠 
תרשמו לי אם אהבתם ואם יש לכם רעיון מה אנחנו מכינים לכם לאות ה 🥰👇🏻❤️

#דייט #זוגיות",https://www.instagram.com/reel/DUBNvgoCK-A/,DATE,,,,,,
191,02/02/2026,האני באטר טוסט,"האני באטר טוסט 🍯
לא להאמין איך קינוח בלי שוקולד יכול להיות כל כך טעים ומיוחד! 

רוצים את המתכון? ❤️ 
תרשמו לי ואשלח לכם 😍",https://www.instagram.com/reel/DUQoaesiFaL/,FOOD,האני באטר טוסט,SWEET,קינוח,,,NO
192,17/02/2026,תמונת מסך חדשה,תמונת מסך חדשה ⛷️💘,https://www.instagram.com/reel/DU3boeaCJ1N/,OTHER,,,,,,
193,23/02/2026,חוויה מושלמת,חוויה מושלמת 🥹⛷️,https://www.instagram.com/p/DVGY2jNiPNf/,OTHER,,,,,,
194,27/02/2026,קבלו את הפרק הרביעי בסדרה שלי ״איך לשדרג עוגת ביסקוויטים״ והפעם- עוגת קראנץ׳ נוטלה,"⁨	קבלו את הפרק הרביעי בסדרה שלי ״איך לשדרג עוגת ביסקוויטים״ והפעם- עוגת קראנץ׳ נוטלה ✨

מצרכים:

ביסקוויטים
נוטלה
קערה עם חלב לטבילת הביסקוויטים

לקרם:
500 מ״ל שמנת מתוקה להקצפה 38%
1 שמנת חמוצה 27%
3 כפות גדושות אינסטנט פודינג
3 כפות גדושות סוכר

לציפוי קראנץ׳:
200 גרם פייטה קונים בחנויות אפייה
250 גרם נוטלה

אופן הכנה:
לתחתית מכינים סנדוויצ׳ים מפתי בר עם שכבה יפה של נוטלה באמצע
טובלים כל סנדוויץ׳ בחלב ומסדרים בתבנית חשוב לטבול מספיק זמן כדי שהביסקוויטים יתרככו היטב

לקרם מקציפים את השמנת המתוקה עם הסוכר כ 2 דקות
מוסיפים את האינסטנט פודינג ואת השמנת החמוצה וממשיכים להקציף עד שמתקבל קרם יציב ואוורירי

מורחים מחצית מהקרם על שכבת הסנדוויצ׳ים

לשכבה השנייה אפשר להניח שוב סנדוויצ׳ים או רק ביסקוויטים אני בחרתי לשים רק ביסקוויטים

מורחים את שאר הקרם בצורה אחידה ומכניסים למקרר להתייצבות

מערבבים בקערה את הפייטה עם הנוטלה עד לקבלת תערובת אחידה
מורחים מעל שכבת הקרם ומכניסים למקרר ללילה

מגישים למחרת ובתאבון 🩷",https://www.instagram.com/reel/DVQPqNZCIIe/,FOOD,עוגת קראנץ׳ נוטלה,SWEET,עוגת ביסקוויטים,"מצרכים:

ביסקוויטים
נוטלה
קערה עם חלב לטבילת הביסקוויטים

לקרם:
500 מ״ל שמנת מתוקה להקצפה 38%
1 שמנת חמוצה 27%
3 כפות גדושות אינסטנט פודינג
3 כפות גדושות סוכר

לציפוי קראנץ׳:
200 גרם פייטה קונים בחנויות אפייה
250 גרם נוטלה","אופן הכנה:
לתחתית מכינים סנדוויצ׳ים מפתי בר עם שכבה יפה של נוטלה באמצע
טובלים כל סנדוויץ׳ בחלב ומסדרים בתבנית חשוב לטבול מספיק זמן כדי שהביסקוויטים יתרככו היטב

לקרם מקציפים את השמנת המתוקה עם הסוכר כ 2 דקות
מוסיפים את האינסטנט פודינג ואת השמנת החמוצה וממשיכים להקציף עד שמתקבל קרם יציב ואוורירי

מורחים מחצית מהקרם על שכבת הסנדוויצ׳ים

לשכבה השנייה אפשר להניח שוב סנדוויצ׳ים או רק ביסקוויטים אני בחרתי לשים רק ביסקוויטים

מורחים את שאר הקרם בצורה אחידה ומכניסים למקרר להתייצבות

מערבבים בקערה את הפייטה עם הנוטלה עד לקבלת תערובת אחידה
מורחים מעל שכבת הקרם ומכניסים למקרר ללילה

מגישים למחרת ובתאבון 🩷",YES
195,02/03/2026,מתכון מושלם לערימת פנקייקים,"מתכון מושלם לערימת פנקייקים 🥞

מצרכים:
100 גרם קמח לבן
5 גרם אבקת אפייה (חצי שקית)
20 גרם סוכר
קורט מלח
ביצה אחת לארג׳
80 גרם יוגורט יווני
40 גרם חלב
15 גרם שמן
תמצית וניל או גרידת לימון או תפוז
25 גרם שוקולד לבן קצוץ
25 גרם שוקולד חלב קצוץ

אופן הכנה
מערבבים בקערה את כל החומרים היבשים קמח אבקת אפייה סוכר ומלח
מוסיפים את הביצה היוגורט החלב השמן ותמצית הווניל ומערבבים לבלילה אחידה
ממתינים כעשר דקות עד שהבלילה מסמיכה מעט
מוסיפים את השוקולד הלבן והשוקולד החלב ומערבבים בעדינות
מעבירים לשקית זילוף (לא חובה נטו לנוחות)
מזלפים או יוצקים עיגולים מהבלילה למחבת חמה ומשומנת קלות
מטגנים על אש נמוכה עד שמזהיב מכל צד והופכים בזהירות

מומלץ להגיש עם גלידה ולבזוק מעל אבקת סוכר
בתאבוןןן 🥰",https://www.instagram.com/reel/DVY6pDrCBog/,FOOD,מתכון מושלם לערימת פנקייקים,SWEET,פנקייק/קרפ,"מצרכים:
100 גרם קמח לבן
5 גרם אבקת אפייה (חצי שקית)
20 גרם סוכר
קורט מלח
ביצה אחת לארג׳
80 גרם יוגורט יווני
40 גרם חלב
15 גרם שמן
תמצית וניל או גרידת לימון או תפוז
25 גרם שוקולד לבן קצוץ
25 גרם שוקולד חלב קצוץ","אופן הכנה
מערבבים בקערה את כל החומרים היבשים קמח אבקת אפייה סוכר ומלח
מוסיפים את הביצה היוגורט החלב השמן ותמצית הווניל ומערבבים לבלילה אחידה
ממתינים כעשר דקות עד שהבלילה מסמיכה מעט
מוסיפים את השוקולד הלבן והשוקולד החלב ומערבבים בעדינות
מעבירים לשקית זילוף (לא חובה נטו לנוחות)
מזלפים או יוצקים עיגולים מהבלילה למחבת חמה ומשומנת קלות
מטגנים על אש נמוכה עד שמזהיב מכל צד והופכים בזהירות

מומלץ להגיש עם גלידה ולבזוק מעל אבקת סוכר
בתאבוןןן 🥰",YES
196,05/03/2026,טבלת שוקולד קרמל ובייגלה שיוצאת היסטרית,"טבלת שוקולד קרמל ובייגלה שיוצאת היסטרית!!! 
אהבתם? 😍 
הגיבו ״מתכון״ והוא ישר יישלח אליכם ✨",https://www.instagram.com/reel/DVgMhwciCwr/,FOOD,טבלת שוקולד קרמל ובייגלה שיוצאת היסטרית,SWEET,טבלת שוקולד,,,NO
197,10/03/2026,הדייט שלנו לכבוד האות ה,"הדייט שלנו לכבוד האות ה
דייט המבורגרים 🍔 
דייט ביתי מושלם שאפשר לעשות עכשיו בתקופת מלחמה 🫡 
תשלחו לפרטנר שצריך לעשות איתכם דייט כזה 😍",https://www.instagram.com/reel/DVtVucACPZf/,DATE,,,,,,
198,13/03/2026,הפרק החמישי בסדרה שלי ״איך לשדרג עוגת ביסקוויטים ״ - עוגת ביסקוויטים לימונענע,"הפרק החמישי בסדרה שלי ״איך לשדרג עוגת ביסקוויטים ✨״ - עוגת ביסקוויטים לימונענע ✊🏻

לימון בקינוחים מביא פרשיות מיוחדת וזה בין האהובים עליי 
אהבתם? תגיבו ״מתכון״ וישר אשלח לכם את המתכון 😍

אוהבים לימון בקינוחים? 🍋",https://www.instagram.com/reel/DV0RzSKCEw6/,FOOD,עוגת ביסקוויטים לימונענע,SWEET,עוגת ביסקוויטים,,,NO
199,20/03/2026,הפרק השישי בסדרה שלנו ״איך לשדרג עוגת ביסקווטים״,"הפרק השישי בסדרה שלנו ״איך לשדרג עוגת ביסקווטים״ 
והפעם- עוגת ביסקוויטים בתוך עוגת קרפים! 😍
אהבתם? תגיבו ״מתכון״ וישר אשלח אליכם ✌🏻",https://www.instagram.com/reel/DWGVi7kCOtU/,FOOD,עוגת ביסקוויטים בתוך עוגת קרפים,SWEET,עוגת ביסקוויטים,,,NO
200,21/03/2026,תייגו את הפרטנר שצריך לעשות איתכם דייט פצצות שוקו,"תייגו את הפרטנר שצריך לעשות איתכם דייט פצצות שוקו 🍫💣
#זוגיות #דייטים #רעיונותלזוגות",https://www.instagram.com/reel/DWJzStViPL7/,DATE,,,,,,
201,25/03/2026,עוגיות בראוניז במילוי שוקולד לבן נדירות לפסח,"עוגיות בראוניז במילוי שוקולד לבן נדירות לפסח 😍 
קראנצ׳יות מבחוץ ורכות מבפנים ✨
אהבתם? הגיבו ״מתכון״ וישר אשלח לכם אותו 💘",https://www.instagram.com/reel/DWTyHsjiDvf/,FOOD,עוגיות בראוניז במילוי שוקולד לבן נדירות לפסח,SWEET,עוגיות,,,NO
202,26/03/2026,קרפ בולללל כמו של הקניון רק ב75 קלוריות ליחידה,"⁨	קרפ בולללל כמו של הקניון רק ב75 קלוריות ליחידה 😍 
מה נצטרך?
2 ביצים 
כוס חד פעמית חלב (240 מל) 
60 גרם קמח 
10 גרם חמאה מומסת
תמצית וניל
2 כפות תחליף סוכר 

אופן הכנה: 
נערבב את כל המצרכים בקערה אחת 
ממליצה אחרי שמסיימים לערבב להעביר את הבלילה דרך מסננת למקרה שיש גושים 
מחממים מחבת לחום בינוני (במידה ואתם משתמשים במחבת שהיא לא נון סטיק תשמנו ממש מעט את המחבת לפני הקרפ הראשון) 
מוזגים מעט מהבלילה אל המחבת ומטים את המחבת כך שהבלילה תגיע לכל המחבת. 
אחרי 2-3 דקות הופכים את הקרפ לעוד דקה/ שתיים 
חוזרים על הפעולה עוד 7 פעמים ומוכן!!! 
אפשר לשים איזה מילוי שתבחרו אני מרחתי נוטלה ופיזרתי קצת אוראו לקראנציות 

כל הבלילה יצא לי 
600 קלוריות 
29 חלבון 
57.8 פחמימה
27.1 שומן 

לי יצאו 8 קרפים כך שכל קרפ 75 קלוריות אבל כמות הקרפים תשתנה בהתאם לגודל המחבת שתשתמשו בה 🫶🏼 

#דלקלוריות⁩",https://www.instagram.com/reel/DRZzKvNCDf7/,FOOD,קרפ בולללל כמו של הקניון רק ב75 קלוריות ליחידה,SWEET,פנקייק/קרפ,"מה נצטרך?
2 ביצים 
כוס חד פעמית חלב (240 מל) 
60 גרם קמח 
10 גרם חמאה מומסת
תמצית וניל
2 כפות תחליף סוכר","אופן הכנה: 
נערבב את כל המצרכים בקערה אחת 
ממליצה אחרי שמסיימים לערבב להעביר את הבלילה דרך מסננת למקרה שיש גושים 
מחממים מחבת לחום בינוני (במידה ואתם משתמשים במחבת שהיא לא נון סטיק תשמנו ממש מעט את המחבת לפני הקרפ הראשון) 
מוזגים מעט מהבלילה אל המחבת ומטים את המחבת כך שהבלילה תגיע לכל המחבת. 
אחרי 2-3 דקות הופכים את הקרפ לעוד דקה/ שתיים 
חוזרים על הפעולה עוד 7 פעמים ומוכן!!! 
אפשר לשים איזה מילוי שתבחרו אני מרחתי נוטלה ופיזרתי קצת אוראו לקראנציות 

כל הבלילה יצא לי 
600 קלוריות 
29 חלבון 
57.8 פחמימה
27.1 שומן 

לי יצאו 8 קרפים כך שכל קרפ 75 קלוריות אבל כמות הקרפים תשתנה בהתאם לגודל המחבת שתשתמשו בה 🫶🏼 

#דלקלוריות⁩",YES
203,27/03/2026,עוגת פירמידה לפסח,"עוגת פירמידה לפסח
ברוכים הבאים לפרק השביעי בסדרה שלנו ״איך לשדרג עוגת ביסקוויטים״ והפעם עוגת ביסקוויטים בצורת פירמידה מושלמת לפסח

מצרכים:
עוגיות יין
חלב לטבילת העוגיות

לקרם:
500 מ״ל שמנת מתוקה 38%
3 כפות אינסטנט פודינג
3 כפות סוכר
כף גדושה של חמאת בוטנים אפשר לוותר

אופן הכנה:
הכנת הקרם:
מקציפים במשך 2 דקות את השמנת עם הסוכר ואז מוסיפים את האינסטנט פודינג וחמאת הבוטנים ומקציפים עד לקבלת תערובת יציבה

בניית הפירמידה:
בכל פעם מכניסים עוד קצת עם עוגיות היין פנימה על מנת לקבל את מראה הפירמידה
טובלים את עוגיות היין בחלב מסדרים בתבנית ומורחים מעל קרם ממשיכים כך עד שנוצר מראה של פירמידה

טוחנים 3 עד 4 עוגיות יין למרקם חולי ומדביקים כמו בסרטון על העוגה
מכניסים למקרר להתייצבות למשך לילה ובתאבון ❤️",https://www.instagram.com/reel/DWYQmhiCFLu/,FOOD,עוגת פירמידה לפסח,SWEET,עוגת ביסקוויטים,"מצרכים:
עוגיות יין
חלב לטבילת העוגיות

לקרם:
500 מ״ל שמנת מתוקה 38%
3 כפות אינסטנט פודינג
3 כפות סוכר
כף גדושה של חמאת בוטנים אפשר לוותר","אופן הכנה:
הכנת הקרם:
מקציפים במשך 2 דקות את השמנת עם הסוכר ואז מוסיפים את האינסטנט פודינג וחמאת הבוטנים ומקציפים עד לקבלת תערובת יציבה

בניית הפירמידה:
בכל פעם מכניסים עוד קצת עם עוגיות היין פנימה על מנת לקבל את מראה הפירמידה
טובלים את עוגיות היין בחלב מסדרים בתבנית ומורחים מעל קרם ממשיכים כך עד שנוצר מראה של פירמידה

טוחנים 3 עד 4 עוגיות יין למרקם חולי ומדביקים כמו בסרטון על העוגה
מכניסים למקרר להתייצבות למשך לילה ובתאבון ❤️",YES
204,03/04/2026,מצה בריי מושחתת עם גבינות,"מצה בריי מושחתת עם גבינות 💘

מצרכים:
2 מצות שבורות
80 גרם מוצרלה מגורדת
100 גרם גבינה בולגרית מגורדת
2 ביצים
חצי כוס חלב

אופן הכנה
מערבבים את כל המצרכים בקערה אחת ונותנים לבלילה לנוח בערך רבע שעה 
יוצרים מהתערובת כדורים בגודל הרצוי
מטגנים במחבת עם מעט שמן עד להזהבה מכל הצדדים ומגישים חם ליד מטבל שאוהבים ✨",https://www.instagram.com/reel/DWqM_oqiJXi/,FOOD,מצה בריי מושחתת עם גבינות,SAVORY,חביתה/מצה בריי,"מצרכים:
2 מצות שבורות
80 גרם מוצרלה מגורדת
100 גרם גבינה בולגרית מגורדת
2 ביצים
חצי כוס חלב","אופן הכנה
מערבבים את כל המצרכים בקערה אחת ונותנים לבלילה לנוח בערך רבע שעה 
יוצרים מהתערובת כדורים בגודל הרצוי
מטגנים במחבת עם מעט שמן עד להזהבה מכל הצדדים ומגישים חם ליד מטבל שאוהבים ✨",YES
205,05/04/2026,שוקו פאי מצה,"שוקו פאי מצה 😍
הקינוח הכי מושלם שאפשר להכין ממצה

מרטיבים את המצות ומכסים במגבת עד שהן מתרככות
חותכים לחצי
מורחים בקצה נוטלה מוסיפים מטבעות שוקולד לבן ומגלגלים לרול מושלם

מערבבים ביצה עם שלוק חלב וטובלים את המצה בבלילה
מטגנים במחבת עם חמאה מכל צד עד הזהבה

ובתאבון 🩷",https://www.instagram.com/reel/DWvhPCViCPa/,FOOD,שוקו פאי מצה,SWEET,קינוח,,"מרטיבים את המצות ומכסים במגבת עד שהן מתרככות
חותכים לחצי
מורחים בקצה נוטלה מוסיפים מטבעות שוקולד לבן ומגלגלים לרול מושלם

מערבבים ביצה עם שלוק חלב וטובלים את המצה בבלילה
מטגנים במחבת עם חמאה מכל צד עד הזהבה",YES
206,07/04/2026,בואו איתנו לטיול זוגי במדבר,בואו איתנו לטיול זוגי במדבר 🐫🏜️,https://www.instagram.com/reel/DW0xhW7CGGy/,OTHER,,,,,,
207,10/04/2026,הגענו כבר לפרק השמיני בסדרה שלנו ״איך לשדרג עוגת ביסקוויטים״ והפעם עוגת ביסקוויטים אלפחורס,"הגענו כבר לפרק השמיני בסדרה שלנו ״איך לשדרג עוגת ביסקוויטים״ והפעם עוגת ביסקוויטים אלפחורס ✨

מצרכים:
לבסיס:
ביסקוויטים 
חלב לטבילת הביסקוויטים

לקרם:
שלוש שמנות מתוקות סך הכל 750 מ״ל
ארבע כפות סוכר
חבילה אינסטנט פודינג וניל 80 גרם
שתי כפות גדושות ריבת חלב
שלוש כפות קוקוס טחון

לשכבת ביניים:
ביסקוויטים
ריבת חלב
חלב לטבילה

לגנאש:
150 גרם שוקולד לבן
60 גרם שמנת מתוקה

אופן ההכנה:

טובלים ביסקוויטים בחלב ומסדרים שכבה אחידה בתבנית

מקציפים שמנת מתוקה עם הסוכר כשתי דקות מוסיפים את האינסטנט פודינג וממשיכים להקציף עד שמתקבל קרם יציב

מחלקים את הקרם לשתי קערות לחלק אחד מוסיפים ריבת חלב ומערבבים ולחלק השני מוסיפים קוקוס ומערבבים

מורחים מעל שכבת הביסקוויטים את קרם הקוקוס

מכינים סנדוויצים של ביסקוויט עם ריבת חלב באמצע טובלים בחלב ומסדרים מעל הקרם

מורחים מעל את קרם ריבת החלב

ממיסים שוקולד לבן עם שמנת מתוקה בפולסים במיקרוגל עד שמתקבל גנאש חלק ושופכים מעל העוגה

אפשר לקשט בריבת חלב מעל כמו בסרטון 

מכניסים למקרר לילה להתייצבות ובתאבון 😍",https://www.instagram.com/reel/DW8LWEPo2F8/,FOOD,עוגת ביסקוויטים אלפחורס,SWEET,עוגת ביסקוויטים,"מצרכים:
לבסיס:
ביסקוויטים 
חלב לטבילת הביסקוויטים

לקרם:
שלוש שמנות מתוקות סך הכל 750 מ״ל
ארבע כפות סוכר
חבילה אינסטנט פודינג וניל 80 גרם
שתי כפות גדושות ריבת חלב
שלוש כפות קוקוס טחון

לשכבת ביניים:
ביסקוויטים
ריבת חלב
חלב לטבילה

לגנאש:
150 גרם שוקולד לבן
60 גרם שמנת מתוקה","אופן ההכנה:

טובלים ביסקוויטים בחלב ומסדרים שכבה אחידה בתבנית

מקציפים שמנת מתוקה עם הסוכר כשתי דקות מוסיפים את האינסטנט פודינג וממשיכים להקציף עד שמתקבל קרם יציב

מחלקים את הקרם לשתי קערות לחלק אחד מוסיפים ריבת חלב ומערבבים ולחלק השני מוסיפים קוקוס ומערבבים

מורחים מעל שכבת הביסקוויטים את קרם הקוקוס

מכינים סנדוויצים של ביסקוויט עם ריבת חלב באמצע טובלים בחלב ומסדרים מעל הקרם

מורחים מעל את קרם ריבת החלב

ממיסים שוקולד לבן עם שמנת מתוקה בפולסים במיקרוגל עד שמתקבל גנאש חלק ושופכים מעל העוגה

אפשר לקשט בריבת חלב מעל כמו בסרטון 

מכניסים למקרר לילה להתייצבות ובתאבון 😍",YES
208,13/04/2026,גדלתי בשנה,גדלתי בשנה 🥳🍾🎉,https://www.instagram.com/reel/DXEmU6ioT1W/,OTHER,,,,,,
209,17/04/2026,עוגת מוס שוקולד על בסיס ביסקוויטים,"עוגת מוס שוקולד על בסיס ביסקוויטים ✨

מצרכים לתחתית
180 גרם פתי בר
90 גרם חמאה

מצרכים למוס
140 גרם שוקולד מריר
140 מ״ל שמנת מתוקה לגנאש
280 מ״ל שמנת מתוקה להקצפה
כף אבקת סוכר

•תבנית טארט קוטר 22 ס״מ
אופן הכנה
טוחנים את הפתי בר עד פירורים דקים, ממיסים את החמאה ומערבבים יחד עד לקבלת תערובת אחידה. מהדקים את התערובת לתחתית התבנית ומכניסים למקפיא להתייצבות.

ממיסים במיקרוגל את השוקולד המריר יחד עם 140 מ״ל שמנת מתוקה, מערבבים עד שמתקבל גנאש חלק ואחיד ומכניסים למקרר לצינון קל.

מקציפים את 280 מ״ל השמנת המתוקה יחד עם אבקת הסוכר עד שמתקבל מרקם יציב אך רך, דומה ליוגורט.

מאחדים את הגנאש עם הקצפת בהדרגה בשלוש פעימות תוך קיפול עדין לקבלת מוס חלק ואוורירי.

יוצקים את המוס מעל בסיס הביסקוויטים ומיישרים. מכניסים למקרר ללילה שלם להתייצבות.

לציפוי אפשר להקציף חצי מיכל שמנת מתוקה עם כף אבקת סוכר וכף אינסטנט פודינג וניל ולמרוח מעל העוגה לאחר שהתייצבה.

בתיאבון",https://www.instagram.com/reel/DXOOpl-odb5/,FOOD,עוגת מוס שוקולד על בסיס ביסקוויטים,SWEET,עוגה,"מצרכים לתחתית
180 גרם פתי בר
90 גרם חמאה

מצרכים למוס
140 גרם שוקולד מריר
140 מ״ל שמנת מתוקה לגנאש
280 מ״ל שמנת מתוקה להקצפה
כף אבקת סוכר

•תבנית טארט קוטר 22 ס״מ","אופן הכנה
טוחנים את הפתי בר עד פירורים דקים, ממיסים את החמאה ומערבבים יחד עד לקבלת תערובת אחידה. מהדקים את התערובת לתחתית התבנית ומכניסים למקפיא להתייצבות.

ממיסים במיקרוגל את השוקולד המריר יחד עם 140 מ״ל שמנת מתוקה, מערבבים עד שמתקבל גנאש חלק ואחיד ומכניסים למקרר לצינון קל.

מקציפים את 280 מ״ל השמנת המתוקה יחד עם אבקת הסוכר עד שמתקבל מרקם יציב אך רך, דומה ליוגורט.

מאחדים את הגנאש עם הקצפת בהדרגה בשלוש פעימות תוך קיפול עדין לקבלת מוס חלק ואוורירי.

יוצקים את המוס מעל בסיס הביסקוויטים ומיישרים. מכניסים למקרר ללילה שלם להתייצבות.

לציפוי אפשר להקציף חצי מיכל שמנת מתוקה עם כף אבקת סוכר וכף אינסטנט פודינג וניל ולמרוח מעל העוגה לאחר שהתייצבה.

בתיאבון",YES
210,19/04/2026,אנחנו ממשיכים בסדרת הדייטים שלנו והפעם האות ו׳ דייט משחקי וידאו,"אנחנו ממשיכים בסדרת הדייטים שלנו והפעם האות ו׳ דייט משחקי וידאו 🎮 👾
תתייגו את הפרטנר שלכם לערב כזה 👇🏻💘",https://www.instagram.com/reel/DXUO5ikIc9J/,DATE,,,,,,
211,24/04/2026,הפרק התשיעי בסדרה שלנו,"הפרק התשיעי בסדרה שלנו 
״איך לשדרג עוגת ביסקוויטים״ והפעם- כדורי עוגת ביסקוויטים 😍 
זה ממכר זה טעים וזה פשוט כמו גרעינים 
אהבתם? תגיבו ״מתכון״ וישר אשלח לכם אותו 💘",https://www.instagram.com/reel/DXgRw3JoY52/,FOOD,כדורי עוגת ביסקוויטים,SWEET,עוגת ביסקוויטים,,,NO
212,27/04/2026,ברוכים הבאים לסדרה החדשה שלי ״שלוק של קיץ ”,"⁨	ברוכים הבאים לסדרה החדשה שלי ״שלוק של קיץ ☀️”
והפעם – קפה קר קרמל

מצרכים לקרמל:
100 גרם סוכר
50 מ״ל שמנת מתוקה חמה
25 גרם חמאה
קורט מלח (לא חובה)

אופן הכנת הקרמל:
בסיר או מחבת שמים את הסוכר ומחממים על אש בינונית עד שהוא נמס והופך לנוזל בצבע ענברי. אין צורך לערבב עם כף – רק לנענע בעדינות את הכלי.
כשהסוכר נמס לגמרי, מוסיפים בזהירות את השמנת החמה (מחממים כמה שניות במיקרו) ומערבבים היטב.
מוסיפים את החמאה וקורט מלח (לא חובה), ומערבבים עד שמתקבל קרמל חלק.
נותנים לקרמל להתקרר מעט עד שהוא סמיך אך עדיין נוזלי.

מתקבלת כמות גדולה – ניתן לשמור במקרר או במקפיא לשימוש חוזר.

לקצפת:
150 מ״ל שמנת מתוקה
כף אינסטנט פודינג
כף סוכר

מצרכים לקפה:
קרח
חלב
שוט אספרסו
קרמל (מההכנה)

הרכבה:
מקשטים את הכוס בקרמל, מוסיפים קרח, חלב ושוט אספרסו.
מזלפים מעל קצפת, מקשטים בקרמל ונהנים מכל שלוק 🤤🩷⁩",https://www.instagram.com/reel/DXoyXt1ooZe/,FOOD,קפה קר קרמל,SWEET,משקה,"מצרכים לקרמל:
100 גרם סוכר
50 מ״ל שמנת מתוקה חמה
25 גרם חמאה
קורט מלח (לא חובה)","אופן הכנת הקרמל:
בסיר או מחבת שמים את הסוכר ומחממים על אש בינונית עד שהוא נמס והופך לנוזל בצבע ענברי. אין צורך לערבב עם כף – רק לנענע בעדינות את הכלי.
כשהסוכר נמס לגמרי, מוסיפים בזהירות את השמנת החמה (מחממים כמה שניות במיקרו) ומערבבים היטב.
מוסיפים את החמאה וקורט מלח (לא חובה), ומערבבים עד שמתקבל קרמל חלק.
נותנים לקרמל להתקרר מעט עד שהוא סמיך אך עדיין נוזלי.

מתקבלת כמות גדולה – ניתן לשמור במקרר או במקפיא לשימוש חוזר.

לקצפת:
150 מ״ל שמנת מתוקה
כף אינסטנט פודינג
כף סוכר

מצרכים לקפה:
קרח
חלב
שוט אספרסו
קרמל (מההכנה)

הרכבה:
מקשטים את הכוס בקרמל, מוסיפים קרח, חלב ושוט אספרסו.
מזלפים מעל קצפת, מקשטים בקרמל ונהנים מכל שלוק 🤤🩷⁩",YES
213,29/04/2026,ממשיכים בסדרת הדייטים שלנו לפי הא׳-ב׳ והפעם האות ז׳ דייט בזריחה,"ממשיכים בסדרת הדייטים שלנו לפי הא׳-ב׳ והפעם האות ז׳ דייט בזריחה 🌅
תייגו את הפרטנר שיזרום איתכם על דייט מושקע כזה 👇🏻🥰",https://www.instagram.com/reel/DXt-xgniPIs/,DATE,,,,,,
214,12/05/2026,טבלת שוקולד קרם עוגיות,"טבלת שוקולד קרם עוגיות!! 
הקינוח הכי ממכר שתכינו — מבחוץ שכבת שוקולד חלב קראנצ’ית ובפנים קרם אוראו מושלם 😍 
אפשר לשמור גם במקרר וגם במקפיא 
אם אהבתם תגיבו ״מתכון״ ואשלח לכם 🩷",https://www.instagram.com/reel/DYPe_G9o1IH/,FOOD,טבלת שוקולד קרם עוגיות,SWEET,טבלת שוקולד,,,NO
215,15/05/2026,רולדת שמרים עוגת גבינה,"רולדת שמרים עוגת גבינה 🤍
מצרכים:
לבצק:
500 גרם קמח לחם
10 גרם שמרים יבשים
100 גרם סוכר
ביצה
100 גרם חמאה קרה חתוכה לקוביות
200 גרם שמנת חמוצה
50 גרם חלב
5 גרם מלח

למילוי:
500 גרם גבינה לבנה (2 קופסאות)
2 חלבוני ביצה
160 גרם אינסטנט פודינג וניל (2 חבילות)
כוס סוכר
כפית מחית וניל

לסירופ סוכר:
40 גרם סוכר
40 גרם מים רותחים

הכנה:
בקערת מיקסר נשים קמח, שמרים וסוכר ונערבב דקה
אפשר גם לערבב עם כף
אחר כך נוסיף את הביצה, השמנת והחלב ונלוש 5 דקות
אחרי שנראה שהבצק מתאחד נוסיף בהדרגה את החמאה
נחתוך את החמאה לקוביות קטנות וכל כמה שניות נוסיף קוביית חמאה
אחרי שכל החמאה נטמעה בבצק נוסיף את המלח ונלוש עוד 3 דקות
זמן הלישה משתנה בין מיקסר למיקסר כי לפעמים יש מיקסרים פחות חזקים
כדי לבדוק אם הבצק סיים את הלישה תבדקו האם יש בבצק רשת גלוטן
אם אתם לא בטוחים עדיף ללוש את הבצק עוד קצת
אחרי שהבצק סיים את הלישה שלו נניח אותו בקערה משומנת
ונשים את הבצק להתפחת לילה במקרר למינימום 8 שעות 
אחרי 8 שעות נוציא את הבצק מהמקרר וישר נתחיל לעבוד איתו 
*מהבצק יוצאות 2 רולדות אז בזמן שאתם עובדים על רולדה אחת את החלק השני של הבצק תשאירו במקרר

להכנת המילוי מערבבים גבינה לבנה, חלבון ביצה, אינסטנט פודינג, סוכר ומחית וניל עד לקבלת קרם חלק

מרדדים את הבצק למלבן וחותכים באמצע 
מורחים את המילוי באופן אחיד ומגלגלים כל חלק לרולדה 
ואז מלפפים את 2 הרולדות

מעבירים לתבנית ומתפיחים עד להכפלת הנפח
מורחים ביצה ואופים בתנור שחומם מראש ל-170 מעלות עד הזהבה 

מערבבים מים רותחים וסוכר עד שהסוכר נמס
מיד כשהרולדה יוצאת מהתנור מברישים בסירופ סוכר 
שימו לב שהסירופ סוכר צריך להיות קר כשמברישים אותו על העוגה 
בתאבון 🤍",https://www.instagram.com/reel/DYWTlGGI3cG/,FOOD,רולדת שמרים עוגת גבינה,SWEET,עוגת גבינה,"מצרכים:
לבצק:
500 גרם קמח לחם
10 גרם שמרים יבשים
100 גרם סוכר
ביצה
100 גרם חמאה קרה חתוכה לקוביות
200 גרם שמנת חמוצה
50 גרם חלב
5 גרם מלח

למילוי:
500 גרם גבינה לבנה (2 קופסאות)
2 חלבוני ביצה
160 גרם אינסטנט פודינג וניל (2 חבילות)
כוס סוכר
כפית מחית וניל

לסירופ סוכר:
40 גרם סוכר
40 גרם מים רותחים","הכנה:
בקערת מיקסר נשים קמח, שמרים וסוכר ונערבב דקה
אפשר גם לערבב עם כף
אחר כך נוסיף את הביצה, השמנת והחלב ונלוש 5 דקות
אחרי שנראה שהבצק מתאחד נוסיף בהדרגה את החמאה
נחתוך את החמאה לקוביות קטנות וכל כמה שניות נוסיף קוביית חמאה
אחרי שכל החמאה נטמעה בבצק נוסיף את המלח ונלוש עוד 3 דקות
זמן הלישה משתנה בין מיקסר למיקסר כי לפעמים יש מיקסרים פחות חזקים
כדי לבדוק אם הבצק סיים את הלישה תבדקו האם יש בבצק רשת גלוטן
אם אתם לא בטוחים עדיף ללוש את הבצק עוד קצת
אחרי שהבצק סיים את הלישה שלו נניח אותו בקערה משומנת
ונשים את הבצק להתפחת לילה במקרר למינימום 8 שעות 
אחרי 8 שעות נוציא את הבצק מהמקרר וישר נתחיל לעבוד איתו 
*מהבצק יוצאות 2 רולדות אז בזמן שאתם עובדים על רולדה אחת את החלק השני של הבצק תשאירו במקרר

להכנת המילוי מערבבים גבינה לבנה, חלבון ביצה, אינסטנט פודינג, סוכר ומחית וניל עד לקבלת קרם חלק

מרדדים את הבצק למלבן וחותכים באמצע 
מורחים את המילוי באופן אחיד ומגלגלים כל חלק לרולדה 
ואז מלפפים את 2 הרולדות

מעבירים לתבנית ומתפיחים עד להכפלת הנפח
מורחים ביצה ואופים בתנור שחומם מראש ל-170 מעלות עד הזהבה 

מערבבים מים רותחים וסוכר עד שהסוכר נמס
מיד כשהרולדה יוצאת מהתנור מברישים בסירופ סוכר 
שימו לב שהסירופ סוכר צריך להיות קר כשמברישים אותו על העוגה 
בתאבון 🤍",YES
216,20/05/2026,ממשיכים בסדרת הדייטים שלנו לפי הא׳-ב׳ והפעם האות ח׳ דייט חימר,"ממשיכים בסדרת הדייטים שלנו לפי הא׳-ב׳ והפעם האות ח׳ דייט חימר ✊🏻
מה אומרים למי יצא יותר יפה? 🤪❤️",https://www.instagram.com/reel/DYkByyoI4Fb/,DATE,,,,,,
217,26/05/2026,ברוכים הבאים לפרק העשירי בסדרה שלי ״איך לשדרג עוגת ביסקוויטים ״,"ברוכים הבאים לפרק העשירי בסדרה שלי ״איך לשדרג עוגת ביסקוויטים ✨״ 
ולכבוד הפרק העשירי הכנתי עוגת ביסקוויטים טריפל שוקולד שיוצאת משוגע!! 
אם אהבתם הגיבו ״מתכון״ ואשלח לכם מתכון 😍",https://www.instagram.com/reel/DYzfLC7ozN0/,FOOD,עוגת ביסקוויטים טריפל שוקולד,SWEET,עוגת ביסקוויטים,,,NO
218,01/06/2026,גלידוניות קורנפלקס מושלמות עכשיו לקיץ,"גלידוניות קורנפלקס מושלמות עכשיו לקיץ!!!

מצרכים:

לתחתית:
100 גרם קורנפלקס טחון
50 גרם חמאה מומסת

למלית:
250 מ״ל שמנת מתוקה
חצי גביע חלב מרוכז
1 כפית מחית וניל

לציפוי:
200 גרם שוקולד לבן
2 כפות שמן
60 גרם קורנפלקס מרוסק

אופן ההכנה:

הכנת התחתית:
מערבבים את הקורנפלקס הטחון עם החמאה המומסת עד לקבלת תערובת אחידה.
מהדקים לתבנית ומכניסים למקפיא בזמן הכנת המלית.

הכנת המלית:
מקציפים את השמנת המתוקה לקצפת יציבה.
מוסיפים את החלב המרוכז ואת מחית הווניל ומקפלים בעדינות עד לקבלת תערובת אחידה.
יוצקים מעל שכבת התחתית ומיישרים.
מכניסים למקפיא ללילה או לפחות ל-8 שעות.

הכנת הציפוי:
ממיסים את השוקולד הלבן עם השמן עד לקבלת תערובת חלקה.
מוסיפים את הקורנפלקס המרוסק ומערבבים היטב.

הרכבה:
מחלצים את הכל מהתבנית וחותכים לקוביות.
טובלים כל גלידונית בציפוי השוקולד הלבן והקורנפלקס.
מחזירים למקפיא לכ-15 דקות עד שהציפוי מתייצב.
שומרים במקפיא עד להגשה.

שימו לב: במיוחד בימים חמים הגלידוניות נמסות מהר, לכן מומלץ לחתוך לקוביות ולהוציא בכל פעם רק כמה קוביות לציפוי, ואת השאר להשאיר במקפיא עד השימוש.",https://www.instagram.com/reel/DZC6ahtIJQE/,FOOD,גלידוניות קורנפלקס מושלמות עכשיו לקיץ,SWEET,גלידה,"מצרכים:

לתחתית:
100 גרם קורנפלקס טחון
50 גרם חמאה מומסת

למלית:
250 מ״ל שמנת מתוקה
חצי גביע חלב מרוכז
1 כפית מחית וניל

לציפוי:
200 גרם שוקולד לבן
2 כפות שמן
60 גרם קורנפלקס מרוסק","אופן ההכנה:

הכנת התחתית:
מערבבים את הקורנפלקס הטחון עם החמאה המומסת עד לקבלת תערובת אחידה.
מהדקים לתבנית ומכניסים למקפיא בזמן הכנת המלית.

הכנת המלית:
מקציפים את השמנת המתוקה לקצפת יציבה.
מוסיפים את החלב המרוכז ואת מחית הווניל ומקפלים בעדינות עד לקבלת תערובת אחידה.
יוצקים מעל שכבת התחתית ומיישרים.
מכניסים למקפיא ללילה או לפחות ל-8 שעות.

הכנת הציפוי:
ממיסים את השוקולד הלבן עם השמן עד לקבלת תערובת חלקה.
מוסיפים את הקורנפלקס המרוסק ומערבבים היטב.

הרכבה:
מחלצים את הכל מהתבנית וחותכים לקוביות.
טובלים כל גלידונית בציפוי השוקולד הלבן והקורנפלקס.
מחזירים למקפיא לכ-15 דקות עד שהציפוי מתייצב.
שומרים במקפיא עד להגשה.

שימו לב: במיוחד בימים חמים הגלידוניות נמסות מהר, לכן מומלץ לחתוך לקוביות ולהוציא בכל פעם רק כמה קוביות לציפוי, ואת השאר להשאיר במקפיא עד השימוש.",YES
219,03/06/2026,ממשיכים בסדרת הדייטים שלנו לפי הא׳-ב׳ והפעם האות ט׳ דייט טניס,"ממשיכים בסדרת הדייטים שלנו לפי הא׳-ב׳ והפעם האות ט׳ דייט טניס 🎾
עפנו על הדייט ברמות וזה אחלה גיוון ❤️
תרשמו לי אם אהבתם את הרעיון 😍✌🏻",https://www.instagram.com/reel/DZIHLuLoyjH/,DATE,,,,,,
220,05/06/2026,ברוכים הבאים לפרק 11 בסדרה שלי,"ברוכים הבאים לפרק 11 בסדרה שלי 
״איך לשדרג עוגת ביסקוויטים ✨״ והפעם- עוגת בומב אוראו מושחתת במיוחד!!!

מצרכים:
לעוגה:
2 מיכלי שמנת מתוקה
60 גרם אינסטנט פודינג וניל
60 גרם סוכר
250 גרם גבינה לבנה 9%
16 עוגיות אוראו שבורות גס
ביסקוויטי קקאו
חלב לטבילת הביסקוויטים

לגנאש:
75 גרם שוקולד מריר
50 גרם שוקולד חלב
90 מ״ל שמנת מתוקה

אופן ההכנה:

הכנת הקרם:
מקציפים את השמנת המתוקה עם הסוכר עד לקבלת קצפת רכה.
מוסיפים את האינסטנט פודינג ואת הגבינה הלבנה וממשיכים להקציף עד לקבלת קרם יציב ואחיד.
מוסיפים את שברי האוראו ומערבבים בעדינות.

הרכבה:
מרפדים קערה בניילון נצמד כך שכל פנים הקערה יהיה מכוסה.
טובלים את הביסקוויטים בחלב ומסדרים שכבה בתחתית הקערה 
מורחים שכבת קרם וממשיכים לסדר שכבות של ביסקוויטים טבולים בחלב וקרם עד שממלאים את הקערה. מסיימים בשכבת ביסקוויטים.

סוגרים עם שולי הניילון הנצמד ומכניסים למקפיא לכמה שעות, עד שהעוגה קפואה לחלוטין.

הכנת הגנאש:
ממיסים את השוקולד המריר, שוקולד החלב והשמנת המתוקה עד לקבלת גנאש חלק ואחיד.
מניחים לגנאש להתקרר מעט כך שיהיה קריר למגע אך עדיין נוזלי.
סיום:
מחלצים את העוגה מהקערה והופכים על רשת.
יוצקים מעל את הגנאש בצורה אחידה.
במידת הצורך ניתן להקפיא לכ-10 דקות ולצפות בשכבת גנאש נוספת לקבלת כיסוי מלא ואחיד.

מעבירים למקרר או למקפיא עד להגשה.

שימו לב: בהתאם לגודל הקערה ולגובה השכבות, ייתכן שיי",https://www.instagram.com/reel/DZMcHxIIxEN/,FOOD,עוגת בומב אוראו,SWEET,עוגת ביסקוויטים,"מצרכים:
לעוגה:
2 מיכלי שמנת מתוקה
60 גרם אינסטנט פודינג וניל
60 גרם סוכר
250 גרם גבינה לבנה 9%
16 עוגיות אוראו שבורות גס
ביסקוויטי קקאו
חלב לטבילת הביסקוויטים

לגנאש:
75 גרם שוקולד מריר
50 גרם שוקולד חלב
90 מ״ל שמנת מתוקה","אופן ההכנה:

הכנת הקרם:
מקציפים את השמנת המתוקה עם הסוכר עד לקבלת קצפת רכה.
מוסיפים את האינסטנט פודינג ואת הגבינה הלבנה וממשיכים להקציף עד לקבלת קרם יציב ואחיד.
מוסיפים את שברי האוראו ומערבבים בעדינות.

הרכבה:
מרפדים קערה בניילון נצמד כך שכל פנים הקערה יהיה מכוסה.
טובלים את הביסקוויטים בחלב ומסדרים שכבה בתחתית הקערה 
מורחים שכבת קרם וממשיכים לסדר שכבות של ביסקוויטים טבולים בחלב וקרם עד שממלאים את הקערה. מסיימים בשכבת ביסקוויטים.

סוגרים עם שולי הניילון הנצמד ומכניסים למקפיא לכמה שעות, עד שהעוגה קפואה לחלוטין.

הכנת הגנאש:
ממיסים את השוקולד המריר, שוקולד החלב והשמנת המתוקה עד לקבלת גנאש חלק ואחיד.
מניחים לגנאש להתקרר מעט כך שיהיה קריר למגע אך עדיין נוזלי.
סיום:
מחלצים את העוגה מהקערה והופכים על רשת.
יוצקים מעל את הגנאש בצורה אחידה.
במידת הצורך ניתן להקפיא לכ-10 דקות ולצפות בשכבת גנאש נוספת לקבלת כיסוי מלא ואחיד.

מעבירים למקרר או למקפיא עד להגשה.

שימו לב: בהתאם לגודל הקערה ולגובה השכבות, ייתכן שיי",YES
221,12/06/2026,עוגיות מיני קקאו ושוקולד לבן מושלמות לקורנפלקס,"עוגיות מיני קקאו ושוקולד לבן מושלמות לקורנפלקס!!!
מה אומרים? להתחיל סדרת קורנפלקס חדשה? 😍👇🏻

מצרכים:
100 גרם חמאה רכה
100 גרם סוכר חום
50 גרם סוכר לבן
1 ביצה
1 כפית תמצית וניל
180 גרם קמח
25 גרם אבקת קקאו איכותית
½ כפית אבקת אפייה
¼ כפית מלח
120 גרם פצפוצי שוקולד לבן

אופן ההכנה:

הכנת הבצק:

מערבבים את החמאה עם הסוכר החום והסוכר הלבן 
מוסיפים את הביצה ותמצית הווניל ומערבבים עד לאיחוד.
מוסיפים את הקמח, הקקאו, אבקת האפייה והמלח ומערבבים עד לקבלת בצק אחיד.
מוסיפים את פצפוצי השוקולד הלבן ומערבבים לפיזור אחיד.

עיצוב ואפייה:
שמים את הבלילה בשקית זילוף ומזלפים כדורים קטנים או יוצרים כדורים קטנטנים עם ידיים (מושלם לפעילות עם הילדים!) ומניחים על תבנית מרופדת בנייר אפייה.

אופים בתנור שחומם מראש ל-170 מעלות במשך 6-7 דקות.(מאוד משתנה בין תנור לתנור)

מצננים לחלוטין עד שהעוגיות הופכות פריכות.
שמים בקערה מוזגים חלב ונהנים מכל ביס של הקורנפלקס המושלם הזה!",https://www.instagram.com/reel/DZeb5pNoXKH/,FOOD,עוגיות מיני קקאו ושוקולד לבן מושלמות לקורנפלקס,SWEET,עוגיות,"מצרכים:
100 גרם חמאה רכה
100 גרם סוכר חום
50 גרם סוכר לבן
1 ביצה
1 כפית תמצית וניל
180 גרם קמח
25 גרם אבקת קקאו איכותית
½ כפית אבקת אפייה
¼ כפית מלח
120 גרם פצפוצי שוקולד לבן","אופן ההכנה:

הכנת הבצק:

מערבבים את החמאה עם הסוכר החום והסוכר הלבן 
מוסיפים את הביצה ותמצית הווניל ומערבבים עד לאיחוד.
מוסיפים את הקמח, הקקאו, אבקת האפייה והמלח ומערבבים עד לקבלת בצק אחיד.
מוסיפים את פצפוצי השוקולד הלבן ומערבבים לפיזור אחיד.

עיצוב ואפייה:
שמים את הבלילה בשקית זילוף ומזלפים כדורים קטנים או יוצרים כדורים קטנטנים עם ידיים (מושלם לפעילות עם הילדים!) ומניחים על תבנית מרופדת בנייר אפייה.

אופים בתנור שחומם מראש ל-170 מעלות במשך 6-7 דקות.(מאוד משתנה בין תנור לתנור)

מצננים לחלוטין עד שהעוגיות הופכות פריכות.
שמים בקערה מוזגים חלב ונהנים מכל ביס של הקורנפלקס המושלם הזה!",YES
222,10/07/2026,אמאלה איך כל כל הרבה שנים לא ידעתי כמה טוב זה פקאן מסוכר,"⁨	אמאלה איך כל כל הרבה שנים לא ידעתי כמה טוב זה פקאן מסוכר 🤯 
קבלו את הפרק ה-12 בסדרה שלי ״איך לשדרג עוגת ביסקוויטים״ והפעם עוגת ביסקוויטים פקאן מסוכר 💘 
עוגת ביסקוויטים פקאן מסוכר
ביסקוויטים טבולים בקפה 
לקרם 
500 מ״ל שמנת 
250 גרם גבינה לבנה 9% או גבינת שמנת 
80 אינסטנט 
80 סוכר 
100 גרם פקאן סיני גרוס להפנים 
לגנאש: 
170 שוקולד לבן 
60 שמנת 
30 גרם פקאן סיני גרוס (אפשר יותר או פחות תלוי כמה אתם אוהבים)

אופן ההכנה
בקערת המיקסר שמים את השמנת המתוקה והסוכר ומקציפים במשך כ־2 דקות, עד שמתחיל להיווצר קצף רך.
מוסיפים את אינסטנט הפודינג, מחית הווניל וגבינת השמנת, וממשיכים להקציף עד לקבלת קרם אחיד ויציב.
מוסיפים את הפקאן הסיני הגרוס ומקפלים אותו בעדינות לתוך הקרם בעזרת לקקן.
מכינים קפה לטבילת הביסקוויטים — אפשר להשתמש בשוט אספרסו או במים עם כפית קפה נמס.
טובלים את הביסקוויטים בקפה ומסדרים שכבה בתחתית התבנית. מורחים מעל שכבת קרם וממשיכים לסירוגין: ביסקוויטים, קרם, ביסקוויטים וקרם. אפשר להכין שתיים או שלוש שכבות ביסקוויטים, לפי הגובה והמרקם שאוהבים.
להכנת הגנאש, ממיסים את השוקולד הלבן והשמנת המתוקה במיקרוגל בפולסים של 30 שניות, ומערבבים בין פולס לפולס עד לקבלת גנאש חלק.
מניחים לגנאש להתקרר מעט, מוסיפים פקאן סיני גרוס בכמות שאוהבים ומערבבים.
יוצקים את הגנאש מעל העוגה ומעבירים למקרר למשך לילה, עד שהעוגה מתייצבת היטב.
ובתאבון מחכה לשמוע איך יצא 😍❤️",https://www.instagram.com/reel/DamgunpI1gA/,FOOD,עוגת ביסקוויטים פקאן מסוכר,SWEET,עוגת ביסקוויטים,"ביסקוויטים טבולים בקפה 
לקרם 
500 מ״ל שמנת 
250 גרם גבינה לבנה 9% או גבינת שמנת 
80 אינסטנט 
80 סוכר 
100 גרם פקאן סיני גרוס להפנים 
לגנאש: 
170 שוקולד לבן 
60 שמנת 
30 גרם פקאן סיני גרוס (אפשר יותר או פחות תלוי כמה אתם אוהבים)","אופן ההכנה
בקערת המיקסר שמים את השמנת המתוקה והסוכר ומקציפים במשך כ־2 דקות, עד שמתחיל להיווצר קצף רך.
מוסיפים את אינסטנט הפודינג, מחית הווניל וגבינת השמנת, וממשיכים להקציף עד לקבלת קרם אחיד ויציב.
מוסיפים את הפקאן הסיני הגרוס ומקפלים אותו בעדינות לתוך הקרם בעזרת לקקן.
מכינים קפה לטבילת הביסקוויטים — אפשר להשתמש בשוט אספרסו או במים עם כפית קפה נמס.
טובלים את הביסקוויטים בקפה ומסדרים שכבה בתחתית התבנית. מורחים מעל שכבת קרם וממשיכים לסירוגין: ביסקוויטים, קרם, ביסקוויטים וקרם. אפשר להכין שתיים או שלוש שכבות ביסקוויטים, לפי הגובה והמרקם שאוהבים.
להכנת הגנאש, ממיסים את השוקולד הלבן והשמנת המתוקה במיקרוגל בפולסים של 30 שניות, ומערבבים בין פולס לפולס עד לקבלת גנאש חלק.
מניחים לגנאש להתקרר מעט, מוסיפים פקאן סיני גרוס בכמות שאוהבים ומערבבים.
יוצקים את הגנאש מעל העוגה ומעבירים למקרר למשך לילה, עד שהעוגה מתייצבת היטב.
ובתאבון מחכה לשמוע איך יצא 😍❤️",YES
223,17/07/2026,עוגת שמרים שקדים נוטלה - אחד השילובים הנדירים לעוגת שמרים,"עוגת שמרים שקדים נוטלה - אחד השילובים הנדירים לעוגת שמרים 😍

לבצק
500 גרם קמח לחם
10 גרם שמרים יבשים
100 גרם סוכר
100 גרם חמאה קרה חתוכה לקוביות
200 גרם שמנת חמוצה
50 גרם חלב
5 גרם מלח

לקרם שקדים
140 גרם חמאה רכה מאוד
140 גרם אבקת סוכר
ביצה אחת
חצי כפית תמצית וניל
30 גרם קורנפלור
140 גרם שקדים מולבנים טחונים

בנוסף
350 גרם נוטלה (צנצנת קטנה)

למי סוכר
40 גרם סוכר
40 גרם מים רותחים

אופן הכנת הבצק:
בקערת המיקסר שמים את הקמח, השמרים והסוכר ומערבבים.
מוסיפים את החמאה, השמנת החמוצה והחלב ולשים כ־5 דקות.
מוסיפים את המלח וממשיכים ללוש עוד עד לקבלת בצק חלק וגמיש (יכול לקחת גם עוד 10 דקות תלוי במיקסר)

מעבירים לקערה, מכסים ומתפיחים במקרר למשך הלילה.

אופן הכנת קרם השקדים:
מערבבים את החמאה הרכה עם אבקת הסוכר עד לקבלת תערובת אחידה.
מוסיפים את הביצה, תמצית הווניל והקורנפלור ומערבבים.
לבסוף מוסיפים את אבקת השקדים ומערבבים לקרם חלק.

הרכבה:

מחלקים את הבצק לשני חלקים שווים.
מרדדים כל חלק למלבן.
מורחים שכבה דקה של נוטלה.
מקפלים את הבצק לשלוש כמו שמופיע בסרטון ומרדדים שוב למלבן.
מורחים מחצית מקרם השקדים.
מגלגלים לרולדה או חוצים לאורך וקולעים כמו בסרטון.
מניחים בתבניות אינגליש קייק מרופדות בנייר אפייה.
מתפיחים עד שהרולדות כמעט מכפילות את נפחן.
מורחים ביצה
אופים בתנור שחומם מראש ל־170 מעלות במשך 35–45 דקות עד להזהבה.

מי סוכר:
מערבבים את הסוכר עם המים הרותחים עד שהסוכר נמס לגמרי
מברישים את הרולדות במי הסוכר מיד כשהן יוצאות מהתנור
בתאבון ❤️",https://www.instagram.com/reel/Da4mVc5I2RM/,FOOD,עוגת שמרים שקדים נוטלה - אחד השילובים הנדירים לעוגת שמרים,SWEET,עוגת שמרים,"לבצק
500 גרם קמח לחם
10 גרם שמרים יבשים
100 גרם סוכר
100 גרם חמאה קרה חתוכה לקוביות
200 גרם שמנת חמוצה
50 גרם חלב
5 גרם מלח

לקרם שקדים
140 גרם חמאה רכה מאוד
140 גרם אבקת סוכר
ביצה אחת
חצי כפית תמצית וניל
30 גרם קורנפלור
140 גרם שקדים מולבנים טחונים

בנוסף
350 גרם נוטלה (צנצנת קטנה)

למי סוכר
40 גרם סוכר
40 גרם מים רותחים","אופן הכנת הבצק:
בקערת המיקסר שמים את הקמח, השמרים והסוכר ומערבבים.
מוסיפים את החמאה, השמנת החמוצה והחלב ולשים כ־5 דקות.
מוסיפים את המלח וממשיכים ללוש עוד עד לקבלת בצק חלק וגמיש (יכול לקחת גם עוד 10 דקות תלוי במיקסר)

מעבירים לקערה, מכסים ומתפיחים במקרר למשך הלילה.

אופן הכנת קרם השקדים:
מערבבים את החמאה הרכה עם אבקת הסוכר עד לקבלת תערובת אחידה.
מוסיפים את הביצה, תמצית הווניל והקורנפלור ומערבבים.
לבסוף מוסיפים את אבקת השקדים ומערבבים לקרם חלק.

הרכבה:

מחלקים את הבצק לשני חלקים שווים.
מרדדים כל חלק למלבן.
מורחים שכבה דקה של נוטלה.
מקפלים את הבצק לשלוש כמו שמופיע בסרטון ומרדדים שוב למלבן.
מורחים מחצית מקרם השקדים.
מגלגלים לרולדה או חוצים לאורך וקולעים כמו בסרטון.
מניחים בתבניות אינגליש קייק מרופדות בנייר אפייה.
מתפיחים עד שהרולדות כמעט מכפילות את נפחן.
מורחים ביצה
אופים בתנור שחומם מראש ל־170 מעלות במשך 35–45 דקות עד להזהבה.

מי סוכר:
מערבבים את הסוכר עם המים הרותחים עד שהסוכר נמס לגמרי
מברישים את הרולדות במי הסוכר מיד כשהן יוצאות מהתנור
בתאבון ❤️",YES
224,21/07/2026,מכירים את זה שאתם בדודא למשהו מלוח ומושחת,"מכירים את זה שאתם בדודא למשהו מלוח ומושחת?
אז זה בדיוק המתכון בשבילכם 😍
כדורי פירה עם מוצרלה ופרמזן, קריספיים מבחוץ וממכרים ברמות

לטיגון השתמשתי בסיר לטיגון העמוק של אגדורה

רוצים את המתכון ואת הקישור לסיר?
תגיבו לי ״מתכון״ ואשלח לכם הכול בפרטי 🩷

בשיתוף ממומן עם אגדורה @agadura_il",https://www.instagram.com/reel/DbDDuQ7okoJ/,FOOD,כדורי פירה עם מוצרלה ופרמזן,SAVORY,כדורי אנרגיה/ממתק,,,NO
225,27/07/2026,מאיר היה בטוח שהוא זוכר הכול על הזוגיות שלנו… אז החלטתי לבדוק את זה כמו שצריך,"מאיר היה בטוח שהוא זוכר הכול על הזוגיות שלנו… אז החלטתי לבדוק את זה כמו שצריך 😂

מה אתם אומרים — מי אצלכם זוכר יותר דברים מהזוגיות? 👀

לכבוד ט״ו באב הכנתי חבילה זוגית מיוחדת ב־100 ₪ 💝

בחבילה תקבלו 3 משחקים זוגיים מלאים, שכל אחד מהם יוצר ערב אחר לגמרי:

🧠 משחק הזיכרון הגדול — תחרות זוגית שבודקת מי באמת זוכר יותר רגעים, תאריכים, סיפורים ופרטים מהקשר שלכם.

🏁 מירוץ האהבה — משחק תחרותי ומצחיק עם תחנות, משימות ואתגרים שיגלו מי באמת האלוף או האלופה של הזוגיות.

🌲 היער הקסום — מסע זוגי אינטראקטיבי עם בחירות, הפתעות, שאלות ומשימות מקרבות.

וגם את משחק הבונוס ״מסכימים או מסתבכים” — שבו מגלים עד כמה אתם באמת חושבים אותו הדבר 😂

בנוסף תקבלו 3 הזמנות מעוצבות לדייט, אחת לכל משחק, שתוכלו למלא ולשלוח לבן או לבת הזוג 💌

המשחקים דיגיטליים, אין צורך להדפיס, ואפשר לשחק בהם בבית בזמן שמתאים לכם. הם נשארים שלכם גם אחרי המבצע ❤️

כל החבילה ב־100 ₪ בלבד, עד מוצ״ש ב־23:59.

לרכישה דרך הקישור בביו, או הגיבו ״משחק” ואשלח לכם את הקישור בפרטי 💝",https://www.instagram.com/reel/DbTLmQZowW4/,DATE,,,,,,
226,29/07/2026,לכבוד ט״ו באב קבלו 7 רעיונות לדייטים שווים,"לכבוד ט״ו באב קבלו 7 רעיונות לדייטים שווים 👩🏽‍❤️‍👨🏼 
תרשמו לי אם אתם רוצים חלק 2 😍👇🏻

לצאת למסלול שווה עם מעיין 

ללכת ביחד ליום כיף בבית מלון עם ספא 🧖‍♀️🧖‍♂️

ללכת לשחק בבילון אין כיף כזה ✋🏻

להכין ארוחת ערב שווה ולשחק במשחק זוגי דיגיטלי 🎮 
תרשמו לי אם תרצו לינק למשחק 🥰👇🏻

ללכת למופע סטנד-אפ 🎤

לעשות לילה בטבע ולהקים מדורה 🔥 

לארגן מגש גבינות יין טוב וללכת לראות את השקיעה 🌅",https://www.instagram.com/p/DbXqITziFF7/,DATE,,,,,,
227,31/07/2026,פרק 13 בסדרה “איך לשדרג עוגת ביסקוויטים” הגיע,"פרק 13 בסדרה “איך לשדרג עוגת ביסקוויטים” הגיע 💜
והפעם שילוב שלא ציפיתי להתאהב בו כל כך – פירות יער ושוקולד לבן 🤩
החמיצות העדינה מאזנת את המתיקות בצורה מושלמת.
אם בא לכם את המתכון, תגיבו “מתכון” ואשלח לכם אותו 😍",https://www.instagram.com/reel/Dbcu_l_oNzq/,FOOD,עוגת ביסקוויטים פירות יער ושוקולד לבן,SWEET,עוגת ביסקוויטים,,,NO
228,15/08/2026,ממשיכים בסדרת הדייטים שלנו לפי הא׳-ב׳ והפעם האות י׳,"ממשיכים בסדרת הדייטים שלנו לפי הא׳-ב׳ והפעם האות י׳ 
דייט יצירה ויין 🍷🖌️
תתייגו את הפרטנר שלכם לדייט כזה 🥰👇🏻",https://www.instagram.com/reel/DbZ-KukINCE/,DATE,,,,,,
229,16/08/2026,איזה כיף שיש מסעדות טובות בדרום,"⁨	⁨	איזה כיף שיש מסעדות טובות בדרום! 😍
ובתור שדרותית, מבחינתי מקום כזה הוא בשורה של ממש לעיר.

תכירו את מילה האוס — מסעדה איטלקית כשרה למהדרין בשדרות, עם פיצות ופוקאצ׳ות שנאפות בטאבון, פסטות בעבודת יד, סלטים וקוקטיילים מעולים 🍕🍝🍸

והכי שווה — כל מי שמגיע דרכי מקבל 1+1 על הקוקטיילים במסעדה 😍
*ההטבה בתוקף עד ה31.8

יש במקום גם תפריט בוקר וגם תפריט ערב 🤍

📍 הרצל 27, שדרות

בשיתוף מילה האוס ‪‪@mila_house_‬‬⁩⁩",https://www.instagram.com/reel/DcGnYHOI4rK/,OTHER,,,,,,
230,21/08/2026,קבלו את הפרק ה־14 בסדרה שלי ״איך לשדרג עוגת ביסקוויטים״ והפעם עוגת ביסקוויטים באונטי,"קבלו את הפרק ה־14 בסדרה שלי ״איך לשדרג עוגת ביסקוויטים״ והפעם עוגת ביסקוויטים באונטי 🥥🍫
שכבות של ביסקוויטים וקרם קוקוס, ומעל הכול גנאש שוקולד מריר. איזה שילוב מושלם 🤤

מצרכים:
500 מ״ל שמנת מתוקה
200 גרם גבינת שמנת
80 גרם אינסטנט פודינג וניל
80 גרם סוכר
3 כפות קוקוס טחון
ביסקוויטים
חלב לטבילה

לגנאש:
170 גרם שוקולד מריר
170 מ״ל שמנת מתוקה

אופן הכנה:
מקציפים את השמנת המתוקה כ־2 דקות, מוסיפים את הסוכר וממשיכים להקציף. מוסיפים אינסטנט פודינג, גבינת שמנת וקוקוס ומקציפים עד שמתקבל קרם יציב.

טובלים את הביסקוויטים בחלב ומסדרים שכבה בתבנית, מעליה מורחים שכבת קרם וחוזרים שוב על השכבות של ביסקוויטים וקרם.

מעבירים את העוגה למקרר ועוברים להכנת הגנאש. ממיסים יחד את השוקולד המריר והשמנת המתוקה במיקרוגל בפולסים, מערבבים עד שמתקבל גנאש חלק ומוזגים מעל העוגה.

מחזירים למקרר לכמה שעות עד שהעוגה מתייצבת ובתיאבון 🥥🍫",https://www.instagram.com/reel/DcSxhVRIPAh/,FOOD,עוגת ביסקוויטים באונטי,SWEET,עוגת ביסקוויטים,"מצרכים:
500 מ״ל שמנת מתוקה
200 גרם גבינת שמנת
80 גרם אינסטנט פודינג וניל
80 גרם סוכר
3 כפות קוקוס טחון
ביסקוויטים
חלב לטבילה

לגנאש:
170 גרם שוקולד מריר
170 מ״ל שמנת מתוקה","אופן הכנה:
מקציפים את השמנת המתוקה כ־2 דקות, מוסיפים את הסוכר וממשיכים להקציף. מוסיפים אינסטנט פודינג, גבינת שמנת וקוקוס ומקציפים עד שמתקבל קרם יציב.

טובלים את הביסקוויטים בחלב ומסדרים שכבה בתבנית, מעליה מורחים שכבת קרם וחוזרים שוב על השכבות של ביסקוויטים וקרם.

מעבירים את העוגה למקרר ועוברים להכנת הגנאש. ממיסים יחד את השוקולד המריר והשמנת המתוקה במיקרוגל בפולסים, מערבבים עד שמתקבל גנאש חלק ומוזגים מעל העוגה.

מחזירים למקרר לכמה שעות עד שהעוגה מתייצבת ובתיאבון 🥥🍫",YES
231,26/08/2026,אנחנו עושים את כל הדייטים לפי הא׳-ב׳ והפעם אנחנו באות כ׳ דייט כוכבים,"⁨	אנחנו עושים את כל הדייטים לפי הא׳-ב׳ והפעם אנחנו באות כ׳ דייט כוכבים 🤩
תרשמו לי מה חשבתם על הדייט וניפגש בדייט לאות ל׳ 😍👇🏻⁩",https://www.instagram.com/reel/DcgaDUuI0gw/,DATE,,,,,,
232,28/08/2026,לחוח ביתי רך ומלא בועות,"לחוח ביתי רך ומלא בועות 
והכי כיף? הכל בקערה אחת!

במקום להחזיק חבילת טורטיות בבית תכינו לחוחים תקפיאו ובכל פעם תפשירו ותכינו עם זה ארוחה טעימה 😍 

מצרכים:
250 גרם קמח
340 גרם מים
6 גרם שמרים יבשים
3–4 גרם אבקת אפייה
14 גרם סוכר
¼ כפית מלח
12 גרם סולת

אופן ההכנה:
בקערה שמים קודם את המים, הסוכר והשמרים ומערבבים.
מוסיפים את הקמח, אבקת האפייה, המלח והסולת ומערבבים הכל יחד עד שמתקבלת בלילה אחידה.

מכסים ומתפיחים כ־40 דקות, עד שרואים שהבלילה התמלאה בבועות.

מחממים מחבת נון־סטיק על אש בינונית. יוצקים מהבלילה למחבת ומסובבים/מורחים אותה כך שתכסה את המחבת בשכבה אחידה.

מבשלים רק מצד אחד עד שנוצרות מלא מלא בועות והחלק העליון מתייצב 

והטיפ החשוב ללחוח מוצלח:
בין לחוח ללחוח שוטפים את תחתית המחבת במים כדי לקרר אותה, ורק אז ממשיכים ללחוח הבא.

וזהו — לחוח רך, אוורירי ומלא חורים 🤤",https://www.instagram.com/reel/Dck2ZBlImy8/,FOOD,לחוח ביתי רך ומלא בועות,SAVORY,לחם/מאפה,"מצרכים:
250 גרם קמח
340 גרם מים
6 גרם שמרים יבשים
3–4 גרם אבקת אפייה
14 גרם סוכר
¼ כפית מלח
12 גרם סולת","אופן ההכנה:
בקערה שמים קודם את המים, הסוכר והשמרים ומערבבים.
מוסיפים את הקמח, אבקת האפייה, המלח והסולת ומערבבים הכל יחד עד שמתקבלת בלילה אחידה.

מכסים ומתפיחים כ־40 דקות, עד שרואים שהבלילה התמלאה בבועות.

מחממים מחבת נון־סטיק על אש בינונית. יוצקים מהבלילה למחבת ומסובבים/מורחים אותה כך שתכסה את המחבת בשכבה אחידה.

מבשלים רק מצד אחד עד שנוצרות מלא מלא בועות והחלק העליון מתייצב 

והטיפ החשוב ללחוח מוצלח:
בין לחוח ללחוח שוטפים את תחתית המחבת במים כדי לקרר אותה, ורק אז ממשיכים ללחוח הבא.

וזהו — לחוח רך, אוורירי ומלא חורים 🤤",YES
